#
# A fatal error has been detected by the Java Runtime Environment:
#
#  EXCEPTION_ACCESS_VIOLATION (0xc0000005) at pc=0x00007ffa82f56683, pid=26200, tid=30912
#
# JRE version: Java(TM) SE Runtime Environment (17.0.12+8) (build 17.0.12+8-LTS-286)
# Java VM: Java HotSpot(TM) 64-Bit Server VM (17.0.12+8-LTS-286, mixed mode, sharing, tiered, compressed oops, compressed class ptrs, g1 gc, windows-amd64)
# Problematic frame:
# V  [jvm.dll+0x666683]
#
# No core dump will be written. Minidumps are not enabled by default on client versions of Windows
#
# If you would like to submit a bug report, please visit:
#   https://bugreport.java.com/bugreport/crash.jsp
#

---------------  S U M M A R Y ------------

Command Line: -XX:+IgnoreUnrecognizedVMOptions -Djdk.attach.allowAttachSelf=true -Djdk.jar.maxSignatureFileSize=100000000 -ea -javaagent:C:\Users\jbarrington-wells\Downloads\diffblue-cover-cli-2024.11.01\launcher-shared-jar.jar -Dlogback.configurationFile=C:\Users\JBARRI~1\AppData\Local\Temp\diffblue\config\logback-remote-service.xml -Dcom.diffblue.springIsolationJar=C:\Users\jbarrington-wells\Downloads\diffblue-cover-cli-2024.11.01\cover-isolation-layer.jar -Dcover.jar.path=C:\Users\jbarrington-wells\Downloads\diffblue-cover-cli-2024.11.01\cover-service-analyzer.jar -Dcom.diffblue.assertionSuggestionJar=C:\Users\jbarrington-wells\Downloads\diffblue-cover-cli-2024.11.01\cover-service-analyzer.jar -Dcover.main.class=com.diffblue.cover.service.analyzer.Main C:\Users\jbarrington-wells\Downloads\diffblue-cover-cli-2024.11.01\launcher-shared-jar.jar --service-lifespan 120 --monitoring-service-port 51864 --index-service-port 51864 --debug-log

Host: 12th Gen Intel(R) Core(TM) i7-12700H, 20 cores, 15G,  Windows 11 , 64 bit Build 22621 (10.0.22621.3958)
Time: Fri Nov 22 07:49:20 2024 GMT Standard Time elapsed time: 406.471953 seconds (0d 0h 6m 46s)

---------------  T H R E A D  ---------------

Current thread (0x000001ce06042880):  JavaThread "TimedExecutor-36969" daemon [_thread_in_vm, id=30912, stack(0x000000b6dae00000,0x000000b6daf00000)]

Stack: [0x000000b6dae00000,0x000000b6daf00000],  sp=0x000000b6daefc1c8,  free space=1008k
Native frames: (J=compiled Java code, j=interpreted, Vv=VM code, C=native code)
V  [jvm.dll+0x666683]

Java frames: (J=compiled Java code, j=interpreted, Vv=VM code)
J 38527  java.security.AccessController.getStackAccessControlContext()Ljava/security/AccessControlContext; java.base@17.0.12 (0 bytes) @ 0x000001ce2a0ab8e6 [0x000001ce2a0ab8a0+0x0000000000000046]
J 38720 c2 java.security.AccessController.getContext()Ljava/security/AccessControlContext; java.base@17.0.12 (108 bytes) @ 0x000001ce2a52f864 [0x000001ce2a52f680+0x00000000000001e4]
j  java.util.ServiceLoader.<init>(Ljava/lang/Class;Ljava/lang/Class;Ljava/lang/ClassLoader;)V+147 java.base@17.0.12
j  java.util.ServiceLoader.load(Ljava/lang/Class;Ljava/lang/ClassLoader;)Ljava/util/ServiceLoader;+9 java.base@17.0.12
j  java.net.URLConnection$2.run()Ljava/net/ContentHandler;+7 java.base@17.0.12
j  java.net.URLConnection$2.run()Ljava/lang/Object;+1 java.base@17.0.12
J 41102 c2 java.security.AccessController.doPrivileged(Ljava/security/PrivilegedAction;)Ljava/lang/Object; java.base@17.0.12 (100 bytes) @ 0x000001ce2a14ca1c [0x000001ce2a14c680+0x000000000000039c]
j  java.net.URLConnection.lookupContentHandlerViaProvider(Ljava/lang/String;)Ljava/net/ContentHandler;+9 java.base@17.0.12
j  java.net.URLConnection.getContentHandler()Ljava/net/ContentHandler;+65 java.base@17.0.12
j  java.net.URLConnection.getContent()Ljava/lang/Object;+6 java.base@17.0.12
j  java.net.URL.getContent()Ljava/lang/Object;+4 java.base@17.0.12
v  ~StubRoutines::call_stub
J 6084  jdk.internal.reflect.NativeMethodAccessorImpl.invoke0(Ljava/lang/reflect/Method;Ljava/lang/Object;[Ljava/lang/Object;)Ljava/lang/Object; java.base@17.0.12 (0 bytes) @ 0x000001ce283c4527 [0x000001ce283c44a0+0x0000000000000087]
J 27509 c2 jdk.internal.reflect.NativeMethodAccessorImpl.invoke(Ljava/lang/Object;[Ljava/lang/Object;)Ljava/lang/Object; java.base@17.0.12 (137 bytes) @ 0x000001ce28340814 [0x000001ce28340760+0x00000000000000b4]
J 31977 c2 com.diffblue.tir.b.h.a(Ljava/lang/reflect/Executable;Ljava/lang/Object;[Ljava/lang/Object;Ljava/lang/ClassLoader;)Ljava/lang/Object; (118 bytes) @ 0x000001ce29b54888 [0x000001ce29b54060+0x0000000000000828]
J 34653 c2 com.diffblue.assertion.generator.core.v.a(Ljava/lang/Object;Ljava/lang/reflect/Method;Lcom/diffblue/assertion/generator/core/h;[Ljava/lang/Object;)Lcom/diffblue/assertion/generator/core/v; (247 bytes) @ 0x000001ce29e417cc [0x000001ce29e409c0+0x0000000000000e0c]
J 31820 c1 com.diffblue.assertion.generator.core.z.a(Lcom/diffblue/tir/b/d;Lcom/diffblue/assertion/generator/core/h;)V (587 bytes) @ 0x000001ce213d5764 [0x000001ce213d2580+0x00000000000031e4]
J 41107 c1 com.diffblue.assertion.generator.core.j.a(Lcom/diffblue/tir/ab;Ljava/lang/String;Lcom/diffblue/tir/b/d;Lcom/diffblue/assertion/generator/core/z;)Lcom/diffblue/assertion/generator/core/aa; (27 bytes) @ 0x000001ce20f5a704 [0x000001ce20f5a660+0x00000000000000a4]
j  com.diffblue.assertion.generator.core.j.a(Lcom/diffblue/assertion/generator/core/z;Lcom/diffblue/tir/ab;Ljava/lang/String;)Lcom/diffblue/assertion/generator/core/c/k;+57
j  com.diffblue.assertion.generator.core.j.a(Lcom/diffblue/tir/ab;Ljava/util/Collection;Ljava/lang/String;Lcom/diffblue/assertion/generator/core/k;)Lcom/diffblue/assertion/generator/core/ab;+21
j  com.diffblue.assertion.generator.core.j.a(Lcom/diffblue/assertion/generator/core/i;)Ljava/util/List;+102
j  com.diffblue.assertion.generator.core.j.a(Lcom/diffblue/tir/ab;Ljava/util/Collection;Ljava/lang/String;)V+14
j  com.diffblue.fuzztest.f.h.b.d(Lcom/diffblue/tir/ab;)Lcom/diffblue/tir/ab;+320
j  com.diffblue.fuzztest.f.h.b$$Lambda$1827+0x000001ce3e976860.apply(Ljava/lang/Object;)Ljava/lang/Object;+8
J 8442 c2 java.util.stream.ReferencePipeline$3$1.accept(Ljava/lang/Object;)V java.base@17.0.12 (23 bytes) @ 0x000001ce28656c70 [0x000001ce28656c20+0x0000000000000050]
J 9693 c2 java.util.ArrayList$ArrayListSpliterator.forEachRemaining(Ljava/util/function/Consumer;)V java.base@17.0.12 (127 bytes) @ 0x000001ce28890178 [0x000001ce288900a0+0x00000000000000d8]
J 8269 c2 java.util.stream.AbstractPipeline.wrapAndCopyInto(Ljava/util/stream/Sink;Ljava/util/Spliterator;)Ljava/util/stream/Sink; java.base@17.0.12 (18 bytes) @ 0x000001ce282c112c [0x000001ce282c0f60+0x00000000000001cc]
J 22269 c2 java.util.stream.ReduceOps$ReduceOp.evaluateSequential(Ljava/util/stream/PipelineHelper;Ljava/util/Spliterator;)Ljava/lang/Object; java.base@17.0.12 (18 bytes) @ 0x000001ce29b05ddc [0x000001ce29b05d20+0x00000000000000bc]
J 35339 c2 java.util.stream.ReferencePipeline.collect(Ljava/util/stream/Collector;)Ljava/lang/Object; java.base@17.0.12 (124 bytes) @ 0x000001ce2a154b38 [0x000001ce2a154980+0x00000000000001b8]
j  com.diffblue.fuzztest.f.h.b.addAssertions(Ljava/util/List;Lcom/diffblue/cover/h/q;Lcom/diffblue/cover/f/c/l;)Ljava/util/List;+20
j  com.diffblue.fuzztest.f.d.b(Ljava/util/List;Lcom/diffblue/cover/h/q;Lcom/diffblue/cover/f/c/l;)Ljava/util/List;+4
j  com.diffblue.fuzztest.f.d$$Lambda$1120+0x000001ce3e777c80.call()Ljava/lang/Object;+16
J 38522 c2 com.diffblue.cover.sandbox.execution.WrapExceptionsInBaseException.handleException(Ljava/util/concurrent/Callable;)Lcom/diffblue/cover/exception/ReturnValueOrBaseException; (554 bytes) @ 0x000001ce2a418f30 [0x000001ce2a418e40+0x00000000000000f0]
J 39767 c1 com.diffblue.cover.sandbox.execution.WrapThrowableInBaseException$$Lambda$298+0x000001ce3e3e6c40.call()Ljava/lang/Object; (8 bytes) @ 0x000001ce2334ae6c [0x000001ce2334adc0+0x00000000000000ac]
J 39766 c1 com.diffblue.cover.sandbox.execution.WrapThrowableInBaseException.handleThrowable(Ljava/util/concurrent/Callable;)Lcom/diffblue/cover/exception/ReturnValueOrBaseException; (65 bytes) @ 0x000001ce23349904 [0x000001ce23349820+0x00000000000000e4]
J 39764 c1 com.diffblue.cover.sandbox.execution.WrapThrowableInBaseException.run(Ljava/util/concurrent/Callable;Ljava/lang/Object;)Ljava/lang/Object; (27 bytes) @ 0x000001ce23348cbc [0x000001ce233488a0+0x000000000000041c]
J 14098 c1 com.diffblue.cover.sandbox.execution.SafeExecutor.run(Ljava/util/concurrent/Callable;Lcom/diffblue/cover/sandbox/execution/ExceptionHandler;Ljava/lang/Object;)Ljava/lang/Object; (9 bytes) @ 0x000001ce21bdfa2c [0x000001ce21bdf940+0x00000000000000ec]
j  com.diffblue.fuzztest.f.d.a(Ljava/util/List;Lcom/diffblue/cover/h/q;Lcom/diffblue/cover/f/c/l;)Ljava/util/List;+13
j  com.diffblue.fuzztest.f.e.m()Lcom/diffblue/fuzztest/d/c;+277
j  com.diffblue.fuzztest.f.e$$Lambda$605+0x000001ce3e688000.call()Ljava/lang/Object;+4
j  com.diffblue.cover.sandbox.a.a$$Lambda$606+0x000001ce3e688220.call()Ljava/lang/Object;+4
j  com.diffblue.cover.sandbox.execution.WorkerThread.lambda$callWorkerThread$3(Ljava/lang/ClassLoader;Ljava/util/concurrent/atomic/AtomicReference;Ljava/util/concurrent/Callable;Ljava/util/concurrent/atomic/AtomicReference;)V+30
j  com.diffblue.cover.sandbox.execution.WorkerThread$$Lambda$308+0x000001ce3e3e3418.run()V+16
J 37541 c2 com.diffblue.cover.sandbox.execution.WorkerThread.run()V (34 bytes) @ 0x000001ce2a3bda8c [0x000001ce2a3bb060+0x0000000000002a2c]
v  ~StubRoutines::call_stub

siginfo: EXCEPTION_ACCESS_VIOLATION (0xc0000005), reading address 0x0000000000000010


Registers:
RAX=0x0000000000000010, RBX=0x0000000000000000, RCX=0x0000000000000000, RDX=0x0000000000000010
RSP=0x000000b6daefc1c8, RBP=0x000000b6daefc2d0, RSI=0x000001ce2a14c390, RDI=0x0000000000000000
R8 =0x0000000000000000, R9 =0x0000000000000040, R10=0x00007ffb25a40000, R11=0x00007ffb25a41b8d
R12=0x0000000000000001, R13=0x000001ce06042880, R14=0x0000000000000000, R15=0x000001ce05eded30
RIP=0x00007ffa82f56683, EFLAGS=0x0000000000010246


Register to memory mapping:

RIP=0x00007ffa82f56683 jvm.dll
RAX=0x0000000000000010 is an unknown value
RBX=0x0 is NULL
RCX=0x0 is NULL
RDX=0x0000000000000010 is an unknown value
RSP=0x000000b6daefc1c8 is pointing into the stack for thread: 0x000001ce06042880
RBP=0x000000b6daefc2d0 is pointing into the stack for thread: 0x000001ce06042880
RSI=0x000001ce2a14c390 is at entry_point+-752 in (nmethod*)0x000001ce2a14c390
Compiled method (c2)  406485 41102       4       java.security.AccessController::doPrivileged (100 bytes)
 total in heap  [0x000001ce2a14c390,0x000001ce2a14e450] = 8384
 relocation     [0x000001ce2a14c4e8,0x000001ce2a14c680] = 408
 main code      [0x000001ce2a14c680,0x000001ce2a14d320] = 3232
 stub code      [0x000001ce2a14d320,0x000001ce2a14d438] = 280
 oops           [0x000001ce2a14d438,0x000001ce2a14d458] = 32
 metadata       [0x000001ce2a14d458,0x000001ce2a14d618] = 448
 scopes data    [0x000001ce2a14d618,0x000001ce2a14dd68] = 1872
 scopes pcs     [0x000001ce2a14dd68,0x000001ce2a14e128] = 960
 dependencies   [0x000001ce2a14e128,0x000001ce2a14e1d8] = 176
 handler table  [0x000001ce2a14e1d8,0x000001ce2a14e3e8] = 528
 nul chk table  [0x000001ce2a14e3e8,0x000001ce2a14e450] = 104
RDI=0x0 is NULL
R8 =0x0 is NULL
R9 =0x0000000000000040 is an unknown value
R10=0x00007ffb25a40000 VCRUNTIME140.dll
R11=0x00007ffb25a41b8d VCRUNTIME140.dll
R12=0x0000000000000001 is an unknown value
R13=0x000001ce06042880 is a thread
R14=0x0 is NULL
R15=0x000001ce05eded30 points into unknown readable memory: 0x0000000c00000000 | 00 00 00 00 0c 00 00 00


Top of Stack: (sp=0x000000b6daefc1c8)
0x000000b6daefc1c8:   00007ffa82d0df15 000001ce0a7893e0
0x000000b6daefc1d8:   000000b6daefc2d0 0000000000000001
0x000000b6daefc1e8:   000001ce06042880 000000b6daefc201
0x000000b6daefc1f8:   0000000000000000 000001ce05eded30
0x000000b6daefc208:   000001ce06042880 000001ce7e9f7350
0x000000b6daefc218:   000001ce06042880 000001ce06042880
0x000000b6daefc228:   00007ffa82bb7efd 0000000000000000
0x000000b6daefc238:   000000b6daefc280 000001ce05eded20
0x000000b6daefc248:   00000000000003d8 000001ce05eded30
0x000000b6daefc258:   000001ce05edf108 000001ce2a14c680
0x000000b6daefc268:   000001ce2a14dd68 000001ce2a14e128
0x000000b6daefc278:   00007ffa8321f420 0000000000000000
0x000000b6daefc288:   00007ffa82f1d200 0000000000000000
0x000000b6daefc298:   000000b6daefd700 0000000000000000
0x000000b6daefc2a8:   000000b6daefd8f8 000001ce2a14ca1c
0x000000b6daefc2b8:   000001ce2a14c390 000001ce00000000 

Instructions: (pc=0x00007ffa82f56683)
0x00007ffa82f56583:   83 ec 30 48 8b 1a 48 85 db 74 58 48 8b 0d 73 92
0x00007ffa82f56593:   4d 00 48 8b d3 48 8b 01 ff 90 f8 01 00 00 84 c0
0x00007ffa82f565a3:   74 13 48 8b 03 48 85 c0 75 39 8b 05 5d cc 4b 00
0x00007ffa82f565b3:   83 f8 02 75 2e 4c 8d 0d 11 37 2e 00 48 89 5c 24
0x00007ffa82f565c3:   20 4c 8d 05 1d 37 2e 00 ba 81 00 00 00 48 8d 0d
0x00007ffa82f565d3:   41 37 2e 00 e8 84 e9 bd ff 48 83 c4 30 5b e9 7a
0x00007ffa82f565e3:   35 01 00 48 83 c4 30 5b c3 cc cc cc cc 48 83 ec
0x00007ffa82f565f3:   38 8b 02 85 c0 74 7a 8b 0d b8 ac 43 00 48 89 5c
0x00007ffa82f56603:   24 30 8b d8 48 d3 e3 48 03 1d 9f ac 43 00 74 5c
0x00007ffa82f56613:   48 8b 0d ee 91 4d 00 48 8b d3 48 8b 01 ff 90 f8
0x00007ffa82f56623:   01 00 00 84 c0 74 13 48 8b 03 48 85 c0 75 3d 8b
0x00007ffa82f56633:   05 d8 cb 4b 00 83 f8 02 75 32 4c 8d 0d 8c 36 2e
0x00007ffa82f56643:   00 48 89 5c 24 20 4c 8d 05 98 36 2e 00 ba 81 00
0x00007ffa82f56653:   00 00 48 8d 0d bc 36 2e 00 e8 ff e8 bd ff 48 8b
0x00007ffa82f56663:   5c 24 30 48 83 c4 38 e9 f1 34 01 00 48 8b 5c 24
0x00007ffa82f56673:   30 48 83 c4 38 c3 cc cc cc cc cc cc cc 48 63 c2
0x00007ffa82f56683:   48 8b 04 08 c3 cc cc cc cc cc cc cc cc 48 63 c2
0x00007ffa82f56693:   4c 89 04 08 c3 cc cc cc cc cc cc cc cc 48 63 c2
0x00007ffa82f566a3:   0f b6 04 08 c3 cc cc cc cc cc cc cc cc 48 63 c2
0x00007ffa82f566b3:   0f b7 04 08 c3 cc cc cc cc cc cc cc cc 48 63 c2
0x00007ffa82f566c3:   8b 04 08 c3 cc cc cc cc cc cc cc cc cc 48 89 5c
0x00007ffa82f566d3:   24 08 57 48 83 ec 20 48 8b d9 0f b6 fa 48 8b 0d
0x00007ffa82f566e3:   21 91 4d 00 48 8b d3 48 8b 01 ff 90 f8 01 00 00
0x00007ffa82f566f3:   84 c0 75 0b 48 8b 5c 24 30 48 83 c4 20 5f c3 40
0x00007ffa82f56703:   84 ff 75 1f 48 8b 03 48 85 c0 75 17 8b 05 fb ca
0x00007ffa82f56713:   4b 00 83 f8 02 0f 95 c0 48 8b 5c 24 30 48 83 c4
0x00007ffa82f56723:   20 5f c3 48 8b 5c 24 30 b0 01 48 83 c4 20 5f c3
0x00007ffa82f56733:   cc cc cc cc cc cc cc cc cc cc cc cc cc 48 89 5c
0x00007ffa82f56743:   24 08 57 48 83 ec 20 0f b6 fa 48 8b d9 48 85 c9
0x00007ffa82f56753:   74 27 48 8b 0d ac 90 4d 00 48 8b d3 48 8b 01 ff
0x00007ffa82f56763:   90 f8 01 00 00 84 c0 75 0b 48 8b 5c 24 30 48 83
0x00007ffa82f56773:   c4 20 5f c3 40 84 ff 74 0d b0 01 48 8b 5c 24 30 


Stack slot to memory mapping:
stack at sp + 0 slots: 0x00007ffa82d0df15 jvm.dll
stack at sp + 1 slots: 0x000001ce0a7893e0 points into unknown readable memory: 0x000001ce00000013 | 13 00 00 00 ce 01 00 00
stack at sp + 2 slots: 0x000000b6daefc2d0 is pointing into the stack for thread: 0x000001ce06042880
stack at sp + 3 slots: 0x0000000000000001 is an unknown value
stack at sp + 4 slots: 0x000001ce06042880 is a thread
stack at sp + 5 slots: 0x000000b6daefc201 is pointing into the stack for thread: 0x000001ce06042880
stack at sp + 6 slots: 0x0 is NULL
stack at sp + 7 slots: 0x000001ce05eded30 points into unknown readable memory: 0x0000000c00000000 | 00 00 00 00 0c 00 00 00


Compiled method (n/a)  406521 38527     n 0       java.security.AccessController::getStackAccessControlContext (native)
 total in heap  [0x000001ce2a0ab710,0x000001ce2a0abb60] = 1104
 relocation     [0x000001ce2a0ab868,0x000001ce2a0ab8a0] = 56
 main code      [0x000001ce2a0ab8a0,0x000001ce2a0abb60] = 704

[Constant Pool (empty)]

[MachCode]
[Entry Point]
  # {method} {0x000001ce10d8a810} 'getStackAccessControlContext' '()Ljava/security/AccessControlContext;' in 'java/security/AccessController'
  #           [sp+0x70]  (sp of caller)
  0x000001ce2a0ab8a0: 448b 5208 | 49bb 0000 | 003d ce01 | 0000 4d03 | d349 3bc2 | 0f84 0600 

  0x000001ce2a0ab8b8: ;   {runtime_call ic_miss_stub}
  0x000001ce2a0ab8b8: 0000 e9c1 | 1191 fd90 
[Verified Entry Point]
  0x000001ce2a0ab8c0: 8984 2400 | 90ff ff55 | 488b ec48 

  0x000001ce2a0ab8cc: ;   {oop(a 'java/lang/Class'{0x000000070617a270} = 'java/security/AccessController')}
  0x000001ce2a0ab8cc: 83ec 6049 | be70 a217 | 0607 0000 | 004c 8974 | 2450 4c8d | 7424 5049 | 8bd6 c5f8 

  0x000001ce2a0ab8e8: ;   {internal_word}
  0x000001ce2a0ab8e8: 7749 bae6 | b80a 2ace | 0100 004d | 8997 9802 | 0000 4989 | a790 0200 

  0x000001ce2a0ab900: ;   {external_word}
  0x000001ce2a0ab900: 0049 bac8 | 903f 83fa | 7f00 0041 | 803a 000f | 8448 0000 

  0x000001ce2a0ab914: ;   {metadata({method} {0x000001ce10d8a810} 'getStackAccessControlContext' '()Ljava/security/AccessControlContext;' in 'java/security/AccessController')}
  0x000001ce2a0ab914: 0052 48ba | 08a8 d810 | ce01 0000 | 498b cf48 | 83ec 2040 | f6c4 0f0f | 841a 0000 | 0048 83ec 
  0x000001ce2a0ab934: ;   {runtime_call}
  0x000001ce2a0ab934: 0849 bab0 | 01fd 82fa | 7f00 0041 | ffd2 4883 | c408 e90d 

  0x000001ce2a0ab948: ;   {runtime_call}
  0x000001ce2a0ab948: 0000 0049 | bab0 01fd | 82fa 7f00 | 0041 ffd2 | 4883 c420 | 5a49 8d8f | b002 0000 | 41c7 8740 
  0x000001ce2a0ab968: 0300 0004 

  0x000001ce2a0ab96c: ;   {runtime_call}
  0x000001ce2a0ab96c: 0000 0049 | ba14 1082 | 22fb 7f00 | 0041 ffd2 | c5f8 7741 | c787 4003 | 0000 0500 | 0000 f083 
  0x000001ce2a0ab98c: 4424 c000 | 493b af48 | 0300 000f | 8711 0000 | 0041 81bf | 3003 0000 | 0000 0000 | 0f84 2c00 
  0x000001ce2a0ab9ac: 0000 c5f8 | 7748 8945 | f849 8bcf | 4c8b e448 | 83ec 2048 

  0x000001ce2a0ab9c0: ;   {runtime_call}
  0x000001ce2a0ab9c0: 83e4 f049 | baa0 b007 | 83fa 7f00 | 0041 ffd2 | 498b e44d | 33e4 488b | 45f8 41c7 | 8740 0300 
  0x000001ce2a0ab9e0: 0008 0000 | 0041 81bf | b003 0000 | 0200 0000 | 0f84 3601 

  0x000001ce2a0ab9f4: ;   {external_word}
  0x000001ce2a0ab9f4: 0000 49ba | c890 3f83 | fa7f 0000 | 4180 3a00 | 0f84 4e00 | 0000 4889 

  0x000001ce2a0aba0c: ;   {metadata({method} {0x000001ce10d8a810} 'getStackAccessControlContext' '()Ljava/security/AccessControlContext;' in 'java/security/AccessController')}
  0x000001ce2a0aba0c: 45f8 48ba | 08a8 d810 | ce01 0000 | 498b cf48 | 83ec 2040 | f6c4 0f0f | 841a 0000 | 0048 83ec 
  0x000001ce2a0aba2c: ;   {runtime_call}
  0x000001ce2a0aba2c: 0849 bab0 | 01fd 82fa | 7f00 0041 | ffd2 4883 | c408 e90d 

  0x000001ce2a0aba40: ;   {runtime_call}
  0x000001ce2a0aba40: 0000 0049 | bab0 01fd | 82fa 7f00 | 0041 ffd2 | 4883 c420 | 488b 45f8 | 49c7 8790 | 0200 0000 
  0x000001ce2a0aba60: 0000 0049 | c787 9802 | 0000 0000 | 0000 c5f8 | 7748 85c0 | 0f84 8c00 | 0000 a801 | 0f84 8100 
  0x000001ce2a0aba80: 0000 488b | 40ff 4180 | 7f38 000f | 846d 0000 | 0048 83f8 | 000f 8463 | 0000 0049 | 8b4f 2048 
  0x000001ce2a0abaa0: 83f9 000f | 8414 0000 | 0048 83e9 | 0849 894f | 2049 034f | 3048 8901 | e941 0000 | 0050 498b 
  0x000001ce2a0abac0: d748 8bc8 | 4883 ec20 | 40f6 c40f | 0f84 1a00 | 0000 4883 

  0x000001ce2a0abad4: ;   {runtime_call}
  0x000001ce2a0abad4: ec08 49ba | e0fb bb82 | fa7f 0000 | 41ff d248 | 83c4 08e9 | 0d00 0000 

  0x000001ce2a0abaec: ;   {runtime_call}
  0x000001ce2a0abaec: 49ba e0fb | bb82 fa7f | 0000 41ff | d248 83c4 | 2058 e903 | 0000 0048 | 8b00 498b | 8fd8 0000 
  0x000001ce2a0abb0c: 00c7 8100 | 0100 0000 | 0000 00c9 | 4981 7f08 | 0000 0000 | 0f85 0100 

  0x000001ce2a0abb24: ;   {runtime_call StubRoutines (1)}
  0x000001ce2a0abb24: 0000 c3e9 | d453 8cfd | c5f8 7748 | 8945 f84c | 8be4 4883 | ec20 4883 

  0x000001ce2a0abb3c: ;   {runtime_call}
  0x000001ce2a0abb3c: e4f0 49ba | c032 fd82 | fa7f 0000 | 41ff d249 | 8be4 4d33 | e448 8b45 | f8e9 9cfe | ffff f4f4 
  0x000001ce2a0abb5c: f4f4 f4f4 
[/MachCode]


Compiled method (c2)  406528 38720       4       java.security.AccessController::getContext (108 bytes)
 total in heap  [0x000001ce2a52f410,0x000001ce2a530d30] = 6432
 relocation     [0x000001ce2a52f568,0x000001ce2a52f678] = 272
 main code      [0x000001ce2a52f680,0x000001ce2a530100] = 2688
 stub code      [0x000001ce2a530100,0x000001ce2a5301d8] = 216
 oops           [0x000001ce2a5301d8,0x000001ce2a5301e8] = 16
 metadata       [0x000001ce2a5301e8,0x000001ce2a530388] = 416
 scopes data    [0x000001ce2a530388,0x000001ce2a530848] = 1216
 scopes pcs     [0x000001ce2a530848,0x000001ce2a530b08] = 704
 dependencies   [0x000001ce2a530b08,0x000001ce2a530b88] = 128
 handler table  [0x000001ce2a530b88,0x000001ce2a530cd8] = 336
 nul chk table  [0x000001ce2a530cd8,0x000001ce2a530d30] = 88

[Constant Pool (empty)]

[MachCode]
[Verified Entry Point]
  # {method} {0x000001ce10d8a5e0} 'getContext' '()Ljava/security/AccessControlContext;' in 'java/security/AccessController'
  #           [sp+0x70]  (sp of caller)
  0x000001ce2a52f680: 8984 2400 | 90ff ff55 | 4883 ec60 

  0x000001ce2a52f68c: ;   {oop(a 'java/util/concurrent/ConcurrentHashMap'{0x0000000709d1aea0})}
  0x000001ce2a52f68c: 48ba a0ae | d109 0700 | 0000 4d8b | 9788 0200 | 004d 8b12 | 4c89 5424 

  0x000001ce2a52f6a4: ;   {oop("tlraEKKZ"{0x0000000709d16ce0})}
  0x000001ce2a52f6a4: 3049 b8e0 | 6cd1 0907 

  0x000001ce2a52f6ac: ;   {optimized virtual_call}
  0x000001ce2a52f6ac: 0000 00e8 

  0x000001ce2a52f6b0: ; ImmutableOopMap {[48]=Oop }
                      ;*invokeinterface get {reexecute=0 rethrow=0 return_oop=1}
                      ; - org.mockito.internal.creation.bytebuddy.inject.MockMethodDispatcher::getStatic@21 (line 47)
                      ; - java.security.AccessController::getContext@5 (line 1003)
  0x000001ce2a52f6b0: 6cbb 23fe 

  0x000001ce2a52f6b4: ; implicit exception: dispatches to 0x000001ce2a52ffec
  0x000001ce2a52f6b4: 448b 5808 

  0x000001ce2a52f6b8: ;   {metadata('org/mockito/internal/creation/bytebuddy/MockMethodAdvice')}
  0x000001ce2a52f6b8: 4181 fbf8 | 814d 010f | 8505 0900 | 004c 8bc0 | 418b 6818 | 85ed 0f84 | 4d06 0000 | 4c8b 5424 
  0x000001ce2a52f6d8: 3045 8b5a | 4449 8d1c | ec45 85db | 0f84 8d04 | 0000 478b | 54dc 1443 | 8b4c d40c | 448b c941 
  0x000001ce2a52f6f8: ffc9 4523 | 4cec 0c85 | c90f 8661 | 0600 0049 | c1e2 0347 | 8b54 8a10 | 4585 d20f | 8455 0300 
  0x000001ce2a52f718: 0043 8b4c | d40c 4b8d | 3cd4 3bcd | 7427 4889 | 5c24 204c | 8944 2428 | 4b8d 14dc 

  0x000001ce2a52f734: ;   {optimized virtual_call}
  0x000001ce2a52f734: 4c8b c3e8 

  0x000001ce2a52f738: ; ImmutableOopMap {rbp=NarrowOop [32]=Oop [40]=Oop [48]=Oop }
                      ;*invokevirtual getEntryAfterMiss {reexecute=0 rethrow=0 return_oop=1}
                      ; - java.lang.ThreadLocal$ThreadLocalMap::getEntry@38 (line 439)
                      ; - java.lang.ThreadLocal::get@16 (line 165)
                      ; - org.mockito.internal.creation.bytebuddy.MockMethodAdvice$SelfCallInfo::checkSelfCall@2 (line 368)
                      ; - org.mockito.internal.creation.bytebuddy.MockMethodAdvice::isMockedStatic@5 (line 176)
                      ; - java.security.AccessController::getContext@16 (line 1003)
  0x000001ce2a52f738: 8463 02ff | 4885 c00f | 842b 0400 | 0048 8bf8 | 4c8b 4424 | 2844 8b5f | 1c49 8bc3 | 48c1 e003 
  0x000001ce2a52f758: ;   {oop(a 'java/lang/Class'{0x000000070617a270} = 'java/security/AccessController')}
  0x000001ce2a52f758: 49ba 70a2 | 1706 0700 | 0000 493b | c20f 845d | 0700 0045 | 8b58 1047 | 8b54 dc0c 

  0x000001ce2a52f774: ; implicit exception: dispatches to 0x000001ce2a530004
  0x000001ce2a52f774: 478b 4cd4 

  0x000001ce2a52f778: ;   {metadata('org/mockito/internal/util/concurrent/DetachedThreadLocal$1')}
  0x000001ce2a52f778: 0841 81f9 | d870 4c01 | 0f85 b205 | 0000 498b | 8708 0100 | 004c 8bd8 | 4983 c318 | 4b8d 0cd4 
  0x000001ce2a52f798: 8b69 1c4d | 3b9f 1801 | 0000 0f83 | 9a04 0000 | 4d89 9f08 | 0100 0041 | 0f0d 8bc0 | 0000 0048 
  0x000001ce2a52f7b8: c700 0100 

  0x000001ce2a52f7bc: ;   {metadata('org/mockito/internal/util/concurrent/WeakConcurrentMap$LatentKey')}
  0x000001ce2a52f7bc: 0000 c740 | 08a8 b05b | 0144 8960 | 0c44 8960 | 144c 8b54 | 2430 49c1 | ea03 4489 | 5010 4c8b 
  0x000001ce2a52f7dc: d84c 8b54 | 2430 4d8b | 124d 8bca | 4983 e107 | 4983 f901 | 0f85 3602 | 0000 49c1 | ea08 418b 
  0x000001ce2a52f7fc: c225 ffff | ff7f 85c0 | 0f84 2202 | 0000 4189 | 430c 458b 

  0x000001ce2a52f810: ;   {metadata('java/util/concurrent/ConcurrentHashMap')}
  0x000001ce2a52f810: 4cec 0841 | 81f9 40e4 | 0000 0f85 | 2c05 0000 | 4889 4c24 | 284c 8944 | 2420 498d | 14ec 4d8b 
  0x000001ce2a52f830: ;   {optimized virtual_call}
  0x000001ce2a52f830: c366 90e8 

  0x000001ce2a52f834: ; ImmutableOopMap {[32]=Oop [40]=Oop [48]=Oop }
                      ;*invokeinterface get {reexecute=0 rethrow=0 return_oop=1}
                      ; - org.mockito.internal.util.concurrent.WeakConcurrentMap::get@24 (line 59)
                      ; - org.mockito.internal.util.concurrent.DetachedThreadLocal::get@7 (line 45)
                      ; - org.mockito.internal.creation.bytebuddy.MockMethodAdvice::isMockedStatic@17 (line 179)
                      ; - java.security.AccessController::getContext@16 (line 1003)
  0x000001ce2a52f834: e8b9 23fe | 4885 c00f | 85f8 0000 | 004c 8b54 | 2428 453b | 6224 0f84 | dc04 0000 | bd01 0000 
  0x000001ce2a52f854: 0045 33d2 | 4c89 5424 

  0x000001ce2a52f85c: ;   {static_call}
  0x000001ce2a52f85c: 4866 90e8 

  0x000001ce2a52f860: ; ImmutableOopMap {}
                      ;*invokestatic getStackAccessControlContext {reexecute=0 rethrow=0 return_oop=1}
                      ; - java.security.AccessController::getContext@61 (line 1003)
  0x000001ce2a52f860: 5cc0 b7ff | 4889 4424 | 2044 0fb6 | 580c 4585 | db0f 8560 

  0x000001ce2a52f874: ;   {static_call}
  0x000001ce2a52f874: 0300 00e8 

  0x000001ce2a52f878: ; ImmutableOopMap {[32]=Oop }
                      ;*invokestatic getInheritedAccessControlContext {reexecute=0 rethrow=0 return_oop=1}
                      ; - java.security.AccessControlContext::optimize@44 (line 586)
                      ; - java.security.AccessController::getContext@82 (line 1009)
  0x000001ce2a52f878: c487 d8ff 

  0x000001ce2a52f87c: ; implicit exception: dispatches to 0x000001ce2a530040
  0x000001ce2a52f87c: 440f b658 | 0f45 85db | 0f85 8606 | 0000 448b | 5810 440f | b650 0e4c | 8b44 2420 | 418b 4810 
  0x000001ce2a52f89c: 4d8b c349 | c1e0 034c | 8bc9 49c1 | e103 4d85 | c041 0f95 | c045 0fb6 | c04d 85c9 | 410f 95c1 
  0x000001ce2a52f8bc: 450f b6c9 | 4183 f001 | 4183 f101 | 4585 d20f | 8501 0300 | 0045 33d2 | 8b78 1885 | ff0f 85fd 
  0x000001ce2a52f8dc: 0500 0085 | c90f 84af | 0200 0047 | 8b4c dc0c | 85ed 0f84 | 3806 0000 | 418b 5ccc | 0c83 fb01 
  0x000001ce2a52f8fc: 0f85 7301 | 0000 85db | 0f86 7e04 | 0000 418b | 5ccc 1045 | 85c9 0f86 | 9c04 0000 | 478b 4cdc 
  0x000001ce2a52f91c: 1041 3bd9 | 0f85 6e05 | 0000 4883 

  0x000001ce2a52f928: ;   {poll_return}
  0x000001ce2a52f928: c460 5d49 | 3ba7 4803 | 0000 0f87 | a007 0000 | c344 8b58 

  0x000001ce2a52f93c: ;   {metadata('java/util/WeakHashMap')}
  0x000001ce2a52f93c: 0841 81fb | 5095 1200 | 0f85 8e06 | 0000 4c8b 

  0x000001ce2a52f94c: ;   {oop(a 'java/lang/Class'{0x000000070617a270} = 'java/security/AccessController')}
  0x000001ce2a52f94c: c049 ba70 | a217 0607 | 0000 004d | 8b12 4d8b | da49 83e3 | 0749 83fb | 010f 859e | 0300 0049 
  0x000001ce2a52f96c: c1ea 0841 | 8bc2 25ff | ffff 7f85 | c00f 848a | 0300 0049 | 8be8 448b | d041 c1ea | 0c44 8bd8 
  0x000001ce2a52f98c: 41c1 eb14 | 4533 da44 | 33d8 458b | c341 c1e8 | 0445 8bd3 | 41c1 ea07 | 4533 d345 | 33d0 4489 
  0x000001ce2a52f9ac: 5424 3048 

  0x000001ce2a52f9b0: ;   {optimized virtual_call}
  0x000001ce2a52f9b0: 8bd5 90e8 

  0x000001ce2a52f9b4: ; ImmutableOopMap {rbp=Oop [32]=Oop }
                      ;*invokevirtual expungeStaleEntries {reexecute=0 rethrow=0 return_oop=0}
                      ; - java.util.WeakHashMap::getTable@1 (line 355)
                      ; - java.util.WeakHashMap::getEntry@12 (line 433)
                      ; - java.util.WeakHashMap::containsKey@2 (line 423)
                      ; - org.mockito.internal.creation.bytebuddy.MockMethodAdvice::isMockedStatic@30 (line 180)
                      ; - java.security.AccessController::getContext@16 (line 1003)
  0x000001ce2a52f9b4: c8d3 48fd | 488b cd44 | 8b5d 2447 | 8b44 dc0c | 458b c841 | ffc9 4423 | 4c24 3045 | 85c0 0f86 
  0x000001ce2a52f9d4: 7c05 0000 | 4f8d 14dc | 478b 5c8a | 1045 85db | 0f84 d601 | 0000 4f8d | 04dc bd01 | 0000 0045 
  0x000001ce2a52f9f4: 33d2 4c89 | 5424 4845 | 8b50 1c44 | 3b54 2430 | 0f85 df02 | 0000 458b 

  0x000001ce2a52fa0c: ;   {oop(a 'java/lang/Class'{0x000000070617a270} = 'java/security/AccessController')}
  0x000001ce2a52fa0c: 580c 4181 | fb4e f4c2 | e00f 8561 | 0500 00ba | 45ff ffff | 488b 6c24 

  0x000001ce2a52fa24: ;   {runtime_call UncommonTrapBlob}
  0x000001ce2a52fa24: 2066 90e8 

  0x000001ce2a52fa28: ; ImmutableOopMap {rbp=Oop }
                      ;*ifne {reexecute=1 rethrow=0 return_oop=0}
                      ; - (reexecute) java.security.AccessController::getContext@19 (line 1003)
  0x000001ce2a52fa28: d428 49fd | 4c89 5c24 | 4048 894c | 2438 4c89 | 4424 2848 | ff74 2430 | 488f 4424 | 2048 8b54 
  0x000001ce2a52fa48: ;   {static_call}
  0x000001ce2a52fa48: 2430 90e8 

  0x000001ce2a52fa4c: ; ImmutableOopMap {rbp=NarrowOop [32]=Oop [40]=Oop [56]=Oop [64]=Oop }
                      ;*invokestatic identityHashCode {reexecute=0 rethrow=0 return_oop=0}
                      ; - org.mockito.internal.util.concurrent.WeakConcurrentMap$LatentKey::<init>@11 (line 237)
                      ; - org.mockito.internal.util.concurrent.WeakConcurrentMap::get@21 (line 59)
                      ; - org.mockito.internal.util.concurrent.DetachedThreadLocal::get@7 (line 45)
                      ; - org.mockito.internal.creation.bytebuddy.MockMethodAdvice::isMockedStatic@17 (line 179)
                      ; - java.security.AccessController::getContext@16 (line 1003)
  0x000001ce2a52fa4c: 702b c3fd | 4c8b 5424 | 204c 8b44 | 2428 488b | 4c24 384c | 8b5c 2440 | 4c89 5424 | 30e9 9cfd 
  0x000001ce2a52fa6c: ffff 33ff | e9b1 fcff | ff89 6c24 | 3c4c 8954 | 2440 4889 | 4424 304c | 8b54 2420 | 4c89 5424 
  0x000001ce2a52fa8c: 284c 8b54 | 2448 4c89 | 5424 204f | 8d14 dc4c | 8954 2448 | 4489 5c24 | 3848 8bd1 | 48c1 e203 
  0x000001ce2a52faac: 418b e84d 

  0x000001ce2a52fab0: ;   {static_call}
  0x000001ce2a52fab0: 8bc2 90e8 

  0x000001ce2a52fab4: ; ImmutableOopMap {[32]=Oop [40]=Oop [48]=Oop [56]=NarrowOop [64]=Oop [72]=Oop }
                      ;*invokestatic combine {reexecute=0 rethrow=0 return_oop=1}
                      ; - java.security.AccessControlContext::optimize@245 (line 642)
                      ; - java.security.AccessController::getContext@82 (line 1009)
  0x000001ce2a52fab4: c8d8 48fd | 448b 5c24 | 3c45 85db | 0f84 bb01 | 0000 448b | 5c24 3845 | 85db 0f85 | c401 0000 
  0x000001ce2a52fad4: 488b d845 | 85db 0f85 | ae01 0000 | 488b 6c24 | 2844 8b55 | 1049 c1e2 | 0349 3bda | 0f84 bd01 
  0x000001ce2a52faf4: 0000 4180 | 7f38 000f | 8516 0300 | 004c 8bd5 | 4c8b db4d | 33da 4c8b | c349 c1e8 | 0344 8945 
  0x000001ce2a52fb14: 1049 c1eb | 154d 85db | 741f 4885 | db74 1a49 | c1ea 0948 | b900 90f7 | 2cce 0100 | 0049 03ca 
  0x000001ce2a52fb34: 8039 040f | 8511 0300 | 0041 807f | 3800 0f85 | 9802 0000 | 4489 6518 | 4488 650c | 488b d54c 
  0x000001ce2a52fb54: 8b44 2430 | 4c8b 4c24 | 2048 8b7c 

  0x000001ce2a52fb60: ;   {optimized virtual_call}
  0x000001ce2a52fb60: 2440 90e8 

  0x000001ce2a52fb64: ; ImmutableOopMap {rbp=Oop }
                      ;*invokevirtual calculateFields {reexecute=0 rethrow=0 return_oop=0}
                      ; - java.security.AccessControlContext::optimize@314 (line 656)
                      ; - java.security.AccessController::getContext@82 (line 1009)
  0x000001ce2a52fb64: 18d2 48fd | 488b c5e9 | b6fd ffff | 488b 5c24 | 20eb 054c | 8944 2428 | 4889 5c24 | 2048 8bd3 
  0x000001ce2a52fb84: ;   {optimized virtual_call}
  0x000001ce2a52fb84: 6666 90e8 

  0x000001ce2a52fb88: ; ImmutableOopMap {rbp=NarrowOop [32]=Oop [40]=Oop [48]=Oop }
                      ;*invokevirtual setInitialValue {reexecute=0 rethrow=0 return_oop=1}
                      ; - java.lang.ThreadLocal::get@34 (line 172)
                      ; - org.mockito.internal.creation.bytebuddy.MockMethodAdvice$SelfCallInfo::checkSelfCall@2 (line 368)
                      ; - org.mockito.internal.creation.bytebuddy.MockMethodAdvice::isMockedStatic@5 (line 176)
                      ; - java.security.AccessController::getContext@16 (line 1003)
  0x000001ce2a52fb88: f493 eafd | 4c8b 4424 | 28e9 c2fb | ffff 4585 | db0f 8535 | 0100 0048 | 8b54 2420 | 4c8b c04c 
  0x000001ce2a52fba8: 8b4c 2448 | 498b fa48 

  0x000001ce2a52fbb0: ;   {optimized virtual_call}
  0x000001ce2a52fbb0: 8bea 90e8 

  0x000001ce2a52fbb4: ; ImmutableOopMap {rbp=Oop }
                      ;*invokevirtual calculateFields {reexecute=0 rethrow=0 return_oop=0}
                      ; - java.security.AccessControlContext::optimize@193 (line 626)
                      ; - java.security.AccessController::getContext@82 (line 1009)
  0x000001ce2a52fbb4: c8d1 48fd | 488b c5e9 | 66fd ffff | bd01 0000 | 0045 33d2 | 4c89 5424 | 48e9 8bfc | ffff 4533 
  0x000001ce2a52fbd4: d2eb 648b | 4810 448b | 5014 4c8b | d949 c1e3 | 034d 85db | 410f 95c1 | 450f b6c9 | 4183 f101 
  0x000001ce2a52fbf4: ; implicit exception: dispatches to 0x000001ce2a530088
  0x000001ce2a52fbf4: 430f b65c | d40e 478b | 5cd4 104b | 8d04 d44d | 8bc3 49c1 | e003 4d85 | c041 0f95 | c045 0fb6 
  0x000001ce2a52fc14: c041 83f0 | 0185 db0f | 84b0 fcff | ff43 8b7c | d420 478b | 54d4 1c48 | 8bdf 48c1 | e303 49c1 
  0x000001ce2a52fc34: e203 4889 | 5c24 4833 | ede9 92fc | ffff 4889 | 4c24 384c | 8944 2428 | 48ff 7424 | 3048 8f44 
  0x000001ce2a52fc54: ;   {metadata('org/mockito/internal/util/concurrent/WeakConcurrentMap$LatentKey')}
  0x000001ce2a52fc54: 2420 48ba | a8b0 5b3e | ce01 0000 

  0x000001ce2a52fc60: ;   {runtime_call _new_instance_Java}
  0x000001ce2a52fc60: 6666 90e8 

  0x000001ce2a52fc64: ; ImmutableOopMap {rbp=NarrowOop [32]=Oop [40]=Oop [56]=Oop }
                      ;*new {reexecute=0 rethrow=0 return_oop=1}
                      ; - org.mockito.internal.util.concurrent.WeakConcurrentMap::get@16 (line 59)
                      ; - org.mockito.internal.util.concurrent.DetachedThreadLocal::get@7 (line 45)
                      ; - org.mockito.internal.creation.bytebuddy.MockMethodAdvice::isMockedStatic@17 (line 179)
                      ; - java.security.AccessController::getContext@16 (line 1003)
  0x000001ce2a52fc64: 9803 54fd | 4c8b 5424 | 204c 8b44 | 2428 488b | 4c24 384c | 8954 2430 | e94c fbff | ff44 8b5c 
  0x000001ce2a52fc84: 2438 488b | d8e9 49fe | ffff 488b | 6c24 28e9 | 5efe ffff | 488b d84c | 8b54 2448 | 493b c20f 
  0x000001ce2a52fca4: 852e feff | ff48 8b44 | 2430 e973 | fcff ff48 | 8bd5 4c8b | 4424 304c | 8b4c 2420 | 488b 7c24 
  0x000001ce2a52fcc4: ;   {optimized virtual_call}
  0x000001ce2a52fcc4: 4066 90e8 

  0x000001ce2a52fcc8: ; ImmutableOopMap {rbp=Oop }
                      ;*invokevirtual calculateFields {reexecute=0 rethrow=0 return_oop=0}
                      ; - java.security.AccessControlContext::optimize@288 (line 646)
                      ; - java.security.AccessController::getContext@82 (line 1009)
  0x000001ce2a52fcc8: b4d0 48fd | 488b c5e9 | 52fc ffff | 85ed 0f85 | 4afc ffff | 4533 c944 | 894c 243c | e990 fdff 
  0x000001ce2a52fce8: ff45 8b40 | 244d 8b9f 

  0x000001ce2a52fcf0: ; ImmutableOopMap {r8=NarrowOop rcx=Oop [32]=Oop }
                      ;*goto {reexecute=1 rethrow=0 return_oop=0}
                      ; - (reexecute) java.util.WeakHashMap::getEntry@64 (line 437)
                      ; - java.util.WeakHashMap::containsKey@2 (line 423)
                      ; - org.mockito.internal.creation.bytebuddy.MockMethodAdvice::isMockedStatic@30 (line 180)
                      ; - java.security.AccessController::getContext@16 (line 1003)
  0x000001ce2a52fcf0: 5003 0000 

  0x000001ce2a52fcf4: ;   {poll}
  0x000001ce2a52fcf4: 4185 0345 | 85c0 0f84 | 5dfb ffff | 49c1 e003 | e9f2 fcff | ff49 8be8 

  0x000001ce2a52fd0c: ;   {oop(a 'java/lang/Class'{0x000000070617a270} = 'java/security/AccessController')}
  0x000001ce2a52fd0c: 48ba 70a2 | 1706 0700 

  0x000001ce2a52fd14: ;   {optimized virtual_call}
  0x000001ce2a52fd14: 0000 90e8 

  0x000001ce2a52fd18: ; ImmutableOopMap {rbp=Oop [32]=Oop }
                      ;*invokevirtual hashCode {reexecute=0 rethrow=0 return_oop=0}
                      ; - java.util.WeakHashMap::hash@1 (line 303)
                      ; - java.util.WeakHashMap::getEntry@7 (line 432)
                      ; - java.util.WeakHashMap::containsKey@2 (line 423)
                      ; - org.mockito.internal.creation.bytebuddy.MockMethodAdvice::isMockedStatic@30 (line 180)
                      ; - java.security.AccessController::getContext@16 (line 1003)
  0x000001ce2a52fd18: 64d0 48fd | e961 fcff | ffba f6ff 

  0x000001ce2a52fd24: ;   {runtime_call UncommonTrapBlob}
  0x000001ce2a52fd24: ffff 90e8 

  0x000001ce2a52fd28: ; ImmutableOopMap {}
                      ;*invokevirtual checkSelfCall {reexecute=0 rethrow=0 return_oop=0}
                      ; - org.mockito.internal.creation.bytebuddy.MockMethodAdvice::isMockedStatic@5 (line 176)
                      ; - java.security.AccessController::getContext@16 (line 1003)
  0x000001ce2a52fd28: d425 49fd | baf6 ffff 

  0x000001ce2a52fd30: ;   {runtime_call UncommonTrapBlob}
  0x000001ce2a52fd30: ff66 90e8 

  0x000001ce2a52fd34: ; ImmutableOopMap {[48]=Oop }
                      ;*invokevirtual initialValue {reexecute=0 rethrow=0 return_oop=0}
                      ; - org.mockito.internal.util.concurrent.DetachedThreadLocal$1::defaultValue@5 (line 26)
                      ; - org.mockito.internal.util.concurrent.DetachedThreadLocal$1::defaultValue@5 (line 23)
                      ; - org.mockito.internal.util.concurrent.WeakConcurrentMap::get@36 (line 61)
                      ; - org.mockito.internal.util.concurrent.DetachedThreadLocal::get@7 (line 45)
                      ; - org.mockito.internal.creation.bytebuddy.MockMethodAdvice::isMockedStatic@17 (line 179)
                      ; - java.security.AccessController::getContext@16 (line 1003)
  0x000001ce2a52fd34: c825 49fd | bade ffff | ff49 8be8 | 4489 5424 

  0x000001ce2a52fd44: ;   {runtime_call UncommonTrapBlob}
  0x000001ce2a52fd44: 2066 90e8 

  0x000001ce2a52fd48: ; ImmutableOopMap {rbp=Oop [32]=NarrowOop [48]=Oop }
                      ;*invokevirtual get {reexecute=0 rethrow=0 return_oop=0}
                      ; - org.mockito.internal.util.concurrent.DetachedThreadLocal::get@7 (line 45)
                      ; - org.mockito.internal.creation.bytebuddy.MockMethodAdvice::isMockedStatic@17 (line 179)
                      ; - java.security.AccessController::getContext@16 (line 1003)
  0x000001ce2a52fd48: b425 49fd | bade ffff | ff4c 8944 | 2420 4889 | 4c24 284c | 895c 2438 

  0x000001ce2a52fd60: ;   {runtime_call UncommonTrapBlob}
  0x000001ce2a52fd60: 6666 90e8 

  0x000001ce2a52fd64: ; ImmutableOopMap {rbp=NarrowOop [32]=Oop [40]=Oop [48]=Oop [56]=Oop }
                      ;*invokeinterface get {reexecute=0 rethrow=0 return_oop=0}
                      ; - org.mockito.internal.util.concurrent.WeakConcurrentMap::get@24 (line 59)
                      ; - org.mockito.internal.util.concurrent.DetachedThreadLocal::get@7 (line 45)
                      ; - org.mockito.internal.creation.bytebuddy.MockMethodAdvice::isMockedStatic@17 (line 179)
                      ; - java.security.AccessController::getContext@16 (line 1003)
  0x000001ce2a52fd64: 9825 49fd | bae4 ffff | ff4c 8944 | 2428 4489 | 5c24 3444 | 8954 2440 | 4489 4c24 

  0x000001ce2a52fd80: ;   {runtime_call UncommonTrapBlob}
  0x000001ce2a52fd80: 4466 90e8 

  0x000001ce2a52fd84: ; ImmutableOopMap {rbp=NarrowOop [40]=Oop [52]=NarrowOop [64]=NarrowOop }
                      ;*aaload {reexecute=0 rethrow=0 return_oop=0}
                      ; - java.lang.ThreadLocal$ThreadLocalMap::getEntry@18 (line 435)
                      ; - java.lang.ThreadLocal::get@16 (line 165)
                      ; - org.mockito.internal.creation.bytebuddy.MockMethodAdvice$SelfCallInfo::checkSelfCall@2 (line 368)
                      ; - org.mockito.internal.creation.bytebuddy.MockMethodAdvice::isMockedStatic@5 (line 176)
                      ; - java.security.AccessController::getContext@16 (line 1003)
  0x000001ce2a52fd84: 7825 49fd | bae4 ffff | ff48 8944 | 2428 4c8b | 4c24 484c | 894c 2430 | 4c89 5424 | 3844 8944 
  0x000001ce2a52fda4: 2440 4489 | 5c24 4489 

  0x000001ce2a52fdac: ;   {runtime_call UncommonTrapBlob}
  0x000001ce2a52fdac: 4c24 48e8 

  0x000001ce2a52fdb0: ; ImmutableOopMap {[32]=Oop [40]=Oop [48]=Oop [56]=Oop [68]=NarrowOop [72]=NarrowOop }
                      ;*aaload {reexecute=0 rethrow=0 return_oop=0}
                      ; - java.security.AccessControlContext::optimize@229 (line 636)
                      ; - java.security.AccessController::getContext@82 (line 1009)
  0x000001ce2a52fdb0: 4c25 49fd | bae4 ffff | ff48 8944 | 2428 4c8b | 4c24 484c | 894c 2430 | 4c89 5424 | 3844 8944 
  0x000001ce2a52fdd0: 2440 895c | 2448 4489 

  0x000001ce2a52fdd8: ;   {runtime_call UncommonTrapBlob}
  0x000001ce2a52fdd8: 5c24 4ce8 

  0x000001ce2a52fddc: ; ImmutableOopMap {[32]=Oop [40]=Oop [48]=Oop [56]=Oop [72]=NarrowOop [76]=NarrowOop }
                      ;*aaload {reexecute=0 rethrow=0 return_oop=0}
                      ; - java.security.AccessControlContext::optimize@233 (line 636)
                      ; - java.security.AccessController::getContext@82 (line 1009)
  0x000001ce2a52fddc: 2025 49fd | 448b 5d18 | 4585 db0f | 845b fdff | ff4d 8b57 | 2049 8bcb | 48c1 e103 | 4d85 d20f 
  0x000001ce2a52fdfc: 849f 0100 | 004d 8b5f | 304b 894c | 13f8 4983 | c2f8 4d89 | 5720 e931 | fdff ff44 | 8b55 1045 
  0x000001ce2a52fe1c: 85d2 0f84 | ddfc ffff | 4d8b 5f20 | 498b ca48 | c1e1 034d | 85db 0f84 | 7d01 0000 | 4d8b 5730 
  0x000001ce2a52fe3c: 4b89 4c1a | f849 83c3 | f84d 895f | 20e9 b3fc | ffff 4d8b | 5740 4d8b | 5f50 f083 | 4424 c000 
  0x000001ce2a52fe5c: 8039 000f | 84d8 fcff | ff44 8821 | 4d85 d275 | 1549 8bd7 | 49ba c0fb | bb82 fa7f | 0000 41ff 
  0x000001ce2a52fe7c: d2e9 bbfc | ffff 4b89 | 4c13 f849 | 83c2 f84d | 8957 40e9 | a9fc ffff | ba45 ffff | ff48 8944 
  0x000001ce2a52fe9c: 2428 488b | 4c24 4848 | 894c 2430 | 4c89 5424 | 3844 8944 | 2440 4489 | 5c24 4489 | 5c24 4844 
  0x000001ce2a52febc: 894c 244c 

  0x000001ce2a52fec0: ;   {runtime_call UncommonTrapBlob}
  0x000001ce2a52fec0: 6666 90e8 

  0x000001ce2a52fec4: ; ImmutableOopMap {[32]=Oop [40]=Oop [48]=Oop [56]=Oop [68]=NarrowOop [72]=NarrowOop [76]=NarrowOop }
                      ;*if_acmpne {reexecute=1 rethrow=0 return_oop=0}
                      ; - (reexecute) java.security.AccessControlContext::optimize@234 (line 636)
                      ; - java.security.AccessController::getContext@82 (line 1009)
  0x000001ce2a52fec4: 3824 49fd | ba45 ffff | ff4c 8944 | 2428 4889 

  0x000001ce2a52fed4: ;   {runtime_call UncommonTrapBlob}
  0x000001ce2a52fed4: 4424 30e8 

  0x000001ce2a52fed8: ; ImmutableOopMap {rbp=NarrowOop [40]=Oop [48]=Oop }
                      ;*if_acmpne {reexecute=1 rethrow=0 return_oop=0}
                      ; - (reexecute) org.mockito.internal.creation.bytebuddy.MockMethodAdvice$SelfCallInfo::checkSelfCall@5 (line 368)
                      ; - org.mockito.internal.creation.bytebuddy.MockMethodAdvice::isMockedStatic@5 (line 176)
                      ; - java.security.AccessController::getContext@16 (line 1003)
  0x000001ce2a52fed8: 2424 49fd | ba45 ffff | ff48 8944 | 2428 488b | 4c24 4848 | 894c 2430 | 4c89 5424 | 3844 894c 
  0x000001ce2a52fef8: 2440 4489 | 4424 4444 | 895c 2448 | 897c 244c 

  0x000001ce2a52ff08: ;   {runtime_call UncommonTrapBlob}
  0x000001ce2a52ff08: 6666 90e8 

  0x000001ce2a52ff0c: ; ImmutableOopMap {[32]=Oop [40]=Oop [48]=Oop [56]=Oop [72]=NarrowOop [76]=NarrowOop }
                      ;*ifnull {reexecute=1 rethrow=0 return_oop=0}
                      ; - (reexecute) java.security.AccessControlContext::optimize@138 (line 613)
                      ; - java.security.AccessController::getContext@82 (line 1009)
  0x000001ce2a52ff0c: f023 49fd | ba45 ffff | ff48 8b6c | 2420 4889 | 4424 2044 | 895c 2428 

  0x000001ce2a52ff24: ;   {runtime_call UncommonTrapBlob}
  0x000001ce2a52ff24: 6666 90e8 

  0x000001ce2a52ff28: ; ImmutableOopMap {rbp=Oop [32]=Oop }
                      ;*ifeq {reexecute=1 rethrow=0 return_oop=0}
                      ; - (reexecute) java.security.AccessControlContext::optimize@56 (line 593)
                      ; - java.security.AccessController::getContext@82 (line 1009)
  0x000001ce2a52ff28: d423 49fd | ba45 ffff | ff48 8944 | 2428 4c8b | 4c24 484c | 894c 2430 | 4c89 5424 | 3844 8944 
  0x000001ce2a52ff48: 2440 4489 

  0x000001ce2a52ff4c: ;   {runtime_call UncommonTrapBlob}
  0x000001ce2a52ff4c: 5c24 44e8 

  0x000001ce2a52ff50: ; ImmutableOopMap {[32]=Oop [40]=Oop [48]=Oop [56]=Oop [68]=NarrowOop }
                      ;*ifeq {reexecute=1 rethrow=0 return_oop=0}
                      ; - (reexecute) java.security.AccessControlContext::optimize@212 (line 632)
                      ; - java.security.AccessController::getContext@82 (line 1009)
  0x000001ce2a52ff50: ac23 49fd | bae4 ffff | ff48 8b6c | 2420 4889 | 4c24 2044 | 8b44 2430 | 4489 4424 | 2844 895c 
  0x000001ce2a52ff70: 242c 4489 

  0x000001ce2a52ff74: ;   {runtime_call UncommonTrapBlob}
  0x000001ce2a52ff74: 4c24 30e8 

  0x000001ce2a52ff78: ; ImmutableOopMap {rbp=Oop [32]=Oop [44]=NarrowOop }
                      ;*aaload {reexecute=0 rethrow=0 return_oop=0}
                      ; - java.util.WeakHashMap::getEntry@30 (line 435)
                      ; - java.util.WeakHashMap::containsKey@2 (line 423)
                      ; - org.mockito.internal.creation.bytebuddy.MockMethodAdvice::isMockedStatic@30 (line 180)
                      ; - java.security.AccessController::getContext@16 (line 1003)
  0x000001ce2a52ff78: 8423 49fd 

  0x000001ce2a52ff7c: ;   {oop(a 'java/lang/Class'{0x000000070617a270} = 'java/security/AccessController')}
  0x000001ce2a52ff7c: 4533 c941 | 81fb 4ef4 | c2e0 410f | 45e9 ba45 | ffff ff48 | 894c 2428 | 4c89 4424 

  0x000001ce2a52ff98: ;   {runtime_call UncommonTrapBlob}
  0x000001ce2a52ff98: 4066 90e8 

  0x000001ce2a52ff9c: ; ImmutableOopMap {[32]=Oop [40]=Oop [64]=Oop }
                      ;*ifeq {reexecute=1 rethrow=0 return_oop=0}
                      ; - (reexecute) java.util.WeakHashMap::matchesKey@5 (line 288)
                      ; - java.util.WeakHashMap::getEntry@51 (line 436)
                      ; - java.util.WeakHashMap::containsKey@2 (line 423)
                      ; - org.mockito.internal.creation.bytebuddy.MockMethodAdvice::isMockedStatic@30 (line 180)
                      ; - java.security.AccessController::getContext@16 (line 1003)
  0x000001ce2a52ff9c: 6023 49fd | 498b d749 | bae0 fbbb | 82fa 7f00 | 0041 ffd2 | e993 fbff | ff49 8bd7 | 49ba e0fb 
  0x000001ce2a52ffbc: bb82 fa7f | 0000 41ff | d2e9 37fb | ffff bade | ffff ff48 

  0x000001ce2a52ffd0: ;   {runtime_call UncommonTrapBlob}
  0x000001ce2a52ffd0: 8be8 90e8 

  0x000001ce2a52ffd4: ; ImmutableOopMap {rbp=Oop }
                      ;*checkcast {reexecute=0 rethrow=0 return_oop=0}
                      ; - org.mockito.internal.creation.bytebuddy.inject.MockMethodDispatcher::getStatic@26 (line 47)
                      ; - java.security.AccessController::getContext@5 (line 1003)
  0x000001ce2a52ffd4: 2823 49fd | bade ffff | ff48 8b6c | 2420 4889 

  0x000001ce2a52ffe4: ;   {runtime_call UncommonTrapBlob}
  0x000001ce2a52ffe4: 4424 20e8 

  0x000001ce2a52ffe8: ; ImmutableOopMap {rbp=Oop [32]=Oop }
                      ;*checkcast {reexecute=0 rethrow=0 return_oop=0}
                      ; - org.mockito.internal.creation.bytebuddy.MockMethodAdvice::isMockedStatic@20 (line 179)
                      ; - java.security.AccessController::getContext@16 (line 1003)
  0x000001ce2a52ffe8: 1423 49fd | baf4 ffff 

  0x000001ce2a52fff0: ;   {runtime_call UncommonTrapBlob}
  0x000001ce2a52fff0: ff66 90e8 

  0x000001ce2a52fff4: ; ImmutableOopMap {}
                      ;*checkcast {reexecute=0 rethrow=0 return_oop=0}
                      ; - org.mockito.internal.creation.bytebuddy.inject.MockMethodDispatcher::getStatic@26 (line 47)
                      ; - java.security.AccessController::getContext@5 (line 1003)
  0x000001ce2a52fff4: 0823 49fd | baf6 ffff 

  0x000001ce2a52fffc: ;   {runtime_call UncommonTrapBlob}
  0x000001ce2a52fffc: ff66 90e8 

  0x000001ce2a530000: ; ImmutableOopMap {}
                      ;*invokevirtual get {reexecute=0 rethrow=0 return_oop=0}
                      ; - org.mockito.internal.creation.bytebuddy.MockMethodAdvice::isMockedStatic@17 (line 179)
                      ; - java.security.AccessController::getContext@16 (line 1003)
  0x000001ce2a530000: fc22 49fd | baf6 ffff | ff48 8b6c 

  0x000001ce2a53000c: ;   {runtime_call UncommonTrapBlob}
  0x000001ce2a53000c: 2430 90e8 

  0x000001ce2a530010: ; ImmutableOopMap {rbp=Oop }
                      ;*invokevirtual get {reexecute=0 rethrow=0 return_oop=0}
                      ; - org.mockito.internal.util.concurrent.DetachedThreadLocal::get@7 (line 45)
                      ; - org.mockito.internal.creation.bytebuddy.MockMethodAdvice::isMockedStatic@17 (line 179)
                      ; - java.security.AccessController::getContext@16 (line 1003)
  0x000001ce2a530010: ec22 49fd | baf6 ffff | ff49 8beb 

  0x000001ce2a53001c: ;   {runtime_call UncommonTrapBlob}
  0x000001ce2a53001c: 6666 90e8 

  0x000001ce2a530020: ; ImmutableOopMap {rbp=Oop }
                      ;*invokeinterface get {reexecute=0 rethrow=0 return_oop=0}
                      ; - org.mockito.internal.util.concurrent.WeakConcurrentMap::get@24 (line 59)
                      ; - org.mockito.internal.util.concurrent.DetachedThreadLocal::get@7 (line 45)
                      ; - org.mockito.internal.creation.bytebuddy.MockMethodAdvice::isMockedStatic@17 (line 179)
                      ; - java.security.AccessController::getContext@16 (line 1003)
  0x000001ce2a530020: dc22 49fd | baf6 ffff 

  0x000001ce2a530028: ;   {runtime_call UncommonTrapBlob}
  0x000001ce2a530028: ff66 90e8 

  0x000001ce2a53002c: ; ImmutableOopMap {}
                      ;*arraylength {reexecute=0 rethrow=0 return_oop=0}
                      ; - java.lang.ThreadLocal$ThreadLocalMap::getEntry@8 (line 434)
                      ; - java.lang.ThreadLocal::get@16 (line 165)
                      ; - org.mockito.internal.creation.bytebuddy.MockMethodAdvice$SelfCallInfo::checkSelfCall@2 (line 368)
                      ; - org.mockito.internal.creation.bytebuddy.MockMethodAdvice::isMockedStatic@5 (line 176)
                      ; - java.security.AccessController::getContext@16 (line 1003)
  0x000001ce2a53002c: d022 49fd | ba45 ffff | ff48 8be8 

  0x000001ce2a530038: ;   {runtime_call UncommonTrapBlob}
  0x000001ce2a530038: 6666 90e8 

  0x000001ce2a53003c: ; ImmutableOopMap {rbp=Oop }
                      ;*ifnonnull {reexecute=1 rethrow=0 return_oop=0}
                      ; - (reexecute) java.security.AccessController::getContext@66 (line 1004)
  0x000001ce2a53003c: c022 49fd | ba45 ffff | ff48 8b6c | 2420 4889 

  0x000001ce2a53004c: ;   {runtime_call UncommonTrapBlob}
  0x000001ce2a53004c: 4424 28e8 

  0x000001ce2a530050: ; ImmutableOopMap {rbp=Oop [40]=Oop }
                      ;*ifnull {reexecute=1 rethrow=0 return_oop=0}
                      ; - (reexecute) java.security.AccessControlContext::optimize@49 (line 587)
                      ; - java.security.AccessController::getContext@82 (line 1009)
  0x000001ce2a530050: ac22 49fd | ba45 ffff | ff48 8944 | 2428 4c8b | 4c24 484c | 894c 2430 | 4c89 5424 | 3844 8944 
  0x000001ce2a530070: 2440 4489 

  0x000001ce2a530074: ;   {runtime_call UncommonTrapBlob}
  0x000001ce2a530074: 5c24 48e8 

  0x000001ce2a530078: ; ImmutableOopMap {[32]=Oop [40]=Oop [48]=Oop [56]=Oop [72]=NarrowOop }
                      ;*ifnull {reexecute=1 rethrow=0 return_oop=0}
                      ; - (reexecute) java.security.AccessControlContext::optimize@207 (line 631)
                      ; - java.security.AccessController::getContext@82 (line 1009)
  0x000001ce2a530078: 8422 49fd | baf6 ffff 

  0x000001ce2a530080: ;   {runtime_call UncommonTrapBlob}
  0x000001ce2a530080: ff66 90e8 

  0x000001ce2a530084: ; ImmutableOopMap {}
                      ;*arraylength {reexecute=0 rethrow=0 return_oop=0}
                      ; - java.util.WeakHashMap::getEntry@20 (line 434)
                      ; - java.util.WeakHashMap::containsKey@2 (line 423)
                      ; - org.mockito.internal.creation.bytebuddy.MockMethodAdvice::isMockedStatic@30 (line 180)
                      ; - java.security.AccessController::getContext@16 (line 1003)
  0x000001ce2a530084: 7822 49fd | ba45 ffff | ff48 8be8 | 4489 4c24 

  0x000001ce2a530094: ;   {runtime_call UncommonTrapBlob}
  0x000001ce2a530094: 2066 90e8 

  0x000001ce2a530098: ; ImmutableOopMap {rbp=Oop }
                      ;*ifnull {reexecute=1 rethrow=0 return_oop=0}
                      ; - (reexecute) java.security.AccessControlContext::optimize@76 (line 605)
                      ; - java.security.AccessController::getContext@82 (line 1009)
  0x000001ce2a530098: 6422 49fd | 488b d0eb | 2deb 23eb | 17eb 1feb | 1deb 1b48 | 8bd0 eb1e | eb0a 488b | d0eb 1748 
  0x000001ce2a5300b8: 8bd0 eb12 | 488b d0eb | 0d48 8bd0 | eb08 488b | d0eb 0348 | 8bd0 4883 

  0x000001ce2a5300d0: ;   {runtime_call _rethrow_Java}
  0x000001ce2a5300d0: c460 5de9 | 28c9 6efd 

  0x000001ce2a5300d8: ;   {internal_word}
  0x000001ce2a5300d8: 49ba 2bf9 | 522a ce01 | 0000 4d89 | 9760 0300 

  0x000001ce2a5300e8: ;   {runtime_call SafepointBlob}
  0x000001ce2a5300e8: 00e9 1233 | 49fd f4f4 | f4f4 f4f4 | f4f4 f4f4 | f4f4 f4f4 | f4f4 f4f4 
[Stub Code]
  0x000001ce2a530100: ;   {no_reloc}
  0x000001ce2a530100: 48bb 0000 | 0000 0000 

  0x000001ce2a530108: ;   {runtime_call}
  0x000001ce2a530108: 0000 e9fb 

  0x000001ce2a53010c: ;   {static_stub}
  0x000001ce2a53010c: ffff ff48 | bb00 0000 | 0000 0000 

  0x000001ce2a530118: ;   {runtime_call}
  0x000001ce2a530118: 00e9 fbff 

  0x000001ce2a53011c: ;   {static_stub}
  0x000001ce2a53011c: ffff 48bb | 0000 0000 | 0000 0000 

  0x000001ce2a530128: ;   {runtime_call}
  0x000001ce2a530128: e9fb ffff 

  0x000001ce2a53012c: ;   {static_stub}
  0x000001ce2a53012c: ff48 bb00 | 0000 0000 

  0x000001ce2a530134: ;   {runtime_call}
  0x000001ce2a530134: 0000 00e9 | fbff ffff 

  0x000001ce2a53013c: ;   {static_stub}
  0x000001ce2a53013c: 48bb 0000 | 0000 0000 

  0x000001ce2a530144: ;   {runtime_call}
  0x000001ce2a530144: 0000 e9fb 

  0x000001ce2a530148: ;   {static_stub}
  0x000001ce2a530148: ffff ff48 | bb00 0000 | 0000 0000 

  0x000001ce2a530154: ;   {runtime_call}
  0x000001ce2a530154: 00e9 fbff 

  0x000001ce2a530158: ;   {static_stub}
  0x000001ce2a530158: ffff 48bb | 0000 0000 | 0000 0000 

  0x000001ce2a530164: ;   {runtime_call}
  0x000001ce2a530164: e9fb ffff 

  0x000001ce2a530168: ;   {static_stub}
  0x000001ce2a530168: ff48 bb00 | 0000 0000 

  0x000001ce2a530170: ;   {runtime_call}
  0x000001ce2a530170: 0000 00e9 | fbff ffff 

  0x000001ce2a530178: ;   {static_stub}
  0x000001ce2a530178: 48bb 0000 | 0000 0000 

  0x000001ce2a530180: ;   {runtime_call}
  0x000001ce2a530180: 0000 e9fb 

  0x000001ce2a530184: ;   {static_stub}
  0x000001ce2a530184: ffff ff48 | bb00 0000 | 0000 0000 

  0x000001ce2a530190: ;   {runtime_call}
  0x000001ce2a530190: 00e9 fbff 

  0x000001ce2a530194: ;   {static_stub}
  0x000001ce2a530194: ffff 48bb | 0000 0000 | 0000 0000 

  0x000001ce2a5301a0: ;   {runtime_call}
  0x000001ce2a5301a0: e9fb ffff 

  0x000001ce2a5301a4: ;   {static_stub}
  0x000001ce2a5301a4: ff48 bb00 | 0000 0000 

  0x000001ce2a5301ac: ;   {runtime_call}
  0x000001ce2a5301ac: 0000 00e9 | fbff ffff 

  0x000001ce2a5301b4: ;   {static_stub}
  0x000001ce2a5301b4: 48bb 0000 | 0000 0000 

  0x000001ce2a5301bc: ;   {runtime_call}
  0x000001ce2a5301bc: 0000 e9fb 

  0x000001ce2a5301c0: ;   {runtime_call ExceptionBlob}
  0x000001ce2a5301c0: ffff ffe9 | 3891 4afd 
[Deopt Handler Code]
  0x000001ce2a5301c8: e800 0000 | 0048 832c 

  0x000001ce2a5301d0: ;   {runtime_call DeoptimizationBlob}
  0x000001ce2a5301d0: 2405 e9c9 | 2449 fdf4 
[/MachCode]


Compiled method (c2)  406580 41102       4       java.security.AccessController::doPrivileged (100 bytes)
 total in heap  [0x000001ce2a14c390,0x000001ce2a14e450] = 8384
 relocation     [0x000001ce2a14c4e8,0x000001ce2a14c680] = 408
 main code      [0x000001ce2a14c680,0x000001ce2a14d320] = 3232
 stub code      [0x000001ce2a14d320,0x000001ce2a14d438] = 280
 oops           [0x000001ce2a14d438,0x000001ce2a14d458] = 32
 metadata       [0x000001ce2a14d458,0x000001ce2a14d618] = 448
 scopes data    [0x000001ce2a14d618,0x000001ce2a14dd68] = 1872
 scopes pcs     [0x000001ce2a14dd68,0x000001ce2a14e128] = 960
 dependencies   [0x000001ce2a14e128,0x000001ce2a14e1d8] = 176
 handler table  [0x000001ce2a14e1d8,0x000001ce2a14e3e8] = 528
 nul chk table  [0x000001ce2a14e3e8,0x000001ce2a14e450] = 104

[Constant Pool (empty)]

[MachCode]
[Verified Entry Point]
  # {method} {0x000001ce10d8a1d0} 'doPrivileged' '(Ljava/security/PrivilegedAction;)Ljava/lang/Object;' in 'java/security/AccessController'
  # parm0:    rdx:rdx   = 'java/security/PrivilegedAction'
  #           [sp+0x60]  (sp of caller)
  0x000001ce2a14c680: 8984 2400 | 90ff ff55 | 4883 ec50 | 4889 5424 | 104d 8b97 | 8802 0000 | 4d8b 124c 

  0x000001ce2a14c69c: ;   {oop(a 'java/util/concurrent/ConcurrentHashMap'{0x0000000709d1aea0})}
  0x000001ce2a14c69c: 8914 2448 | baa0 aed1 | 0907 0000 

  0x000001ce2a14c6a8: ;   {oop("tlraEKKZ"{0x0000000709d16ce0})}
  0x000001ce2a14c6a8: 0049 b8e0 | 6cd1 0907 

  0x000001ce2a14c6b0: ;   {optimized virtual_call}
  0x000001ce2a14c6b0: 0000 00e8 

  0x000001ce2a14c6b4: ; ImmutableOopMap {[0]=Oop [16]=Oop }
                      ;*invokeinterface get {reexecute=0 rethrow=0 return_oop=1}
                      ; - org.mockito.internal.creation.bytebuddy.inject.MockMethodDispatcher::getStatic@21 (line 47)
                      ; - java.security.AccessController::doPrivileged@5 (line 318)
  0x000001ce2a14c6b4: 68eb 61fe 

  0x000001ce2a14c6b8: ; implicit exception: dispatches to 0x000001ce2a14d200
  0x000001ce2a14c6b8: 448b 5808 

  0x000001ce2a14c6bc: ;   {metadata('org/mockito/internal/creation/bytebuddy/MockMethodAdvice')}
  0x000001ce2a14c6bc: 4181 fbf8 | 814d 010f | 85c3 0a00 | 004c 8bd8 | 418b 6b18 | 85ed 0f84 | 3508 0000 | 488b 0c24 
  0x000001ce2a14c6dc: 448b 5144 | 498d 14ec | 4585 d20f | 84f4 0600 | 0047 8b44 | d414 438b | 5cc4 0c44 | 8bcb 41ff 
  0x000001ce2a14c6fc: c945 234c | ec0c 85db | 0f86 d208 | 0000 49c1 | e003 438b | 7c88 1085 | ff0f 8479 | 0600 0045 
  0x000001ce2a14c71c: 8b44 fc0c | 48c1 e703 | 443b c574 | 3148 8914 | 244c 895c | 2418 4889 | 4c24 084b | 8d14 d44c 
  0x000001ce2a14c73c: ;   {optimized virtual_call}
  0x000001ce2a14c73c: 8b04 24e8 

  0x000001ce2a14c740: ; ImmutableOopMap {rbp=NarrowOop [0]=Oop [8]=Oop [16]=Oop [24]=Oop }
                      ;*invokevirtual getEntryAfterMiss {reexecute=0 rethrow=0 return_oop=1}
                      ; - java.lang.ThreadLocal$ThreadLocalMap::getEntry@38 (line 439)
                      ; - java.lang.ThreadLocal::get@16 (line 165)
                      ; - org.mockito.internal.creation.bytebuddy.MockMethodAdvice$SelfCallInfo::checkSelfCall@2 (line 368)
                      ; - org.mockito.internal.creation.bytebuddy.MockMethodAdvice::isMockedStatic@5 (line 176)
                      ; - java.security.AccessController::doPrivileged@16 (line 318)
  0x000001ce2a14c740: 7c93 40ff | 4885 c00f | 848e 0600 | 0048 8bf8 | 488b 4c24 | 084c 8b5c | 2418 448b | 471c 498b 
  0x000001ce2a14c760: c048 c1e0 

  0x000001ce2a14c764: ;   {oop(a 'java/lang/Class'{0x000000070617a270} = 'java/security/AccessController')}
  0x000001ce2a14c764: 0349 ba70 | a217 0607 | 0000 0049 | 3bc2 0f84 | bd08 0000 | 458b 4310 

  0x000001ce2a14c77c: ; implicit exception: dispatches to 0x000001ce2a14d210
  0x000001ce2a14c77c: 478b 54c4 | 0c47 8b4c 

  0x000001ce2a14c784: ;   {metadata('org/mockito/internal/util/concurrent/DetachedThreadLocal$1')}
  0x000001ce2a14c784: d408 4181 | f9d8 704c | 010f 85b1 | 0700 0049 | 8b87 0801 | 0000 4c8b | c049 83c0 | 184b 8d3c 
  0x000001ce2a14c7a4: d48b 6f1c | 4d3b 8718 | 0100 000f | 837f 0600 | 004d 8987 | 0801 0000 | 410f 0d88 | c000 0000 
  0x000001ce2a14c7c4: 48c7 0001 

  0x000001ce2a14c7c8: ;   {metadata('org/mockito/internal/util/concurrent/WeakConcurrentMap$LatentKey')}
  0x000001ce2a14c7c8: 0000 00c7 | 4008 a8b0 | 5b01 4489 | 600c 4489 | 6014 4c8b | c949 c1e9 | 0344 8948 | 104c 8bc0 
  0x000001ce2a14c7e8: 4c8b 1149 | 8bda 4883 | e307 4883 | fb01 0f85 | 2805 0000 | 49c1 ea08 | 418b c225 | ffff ff7f 
  0x000001ce2a14c808: 85c0 0f84 | 1405 0000 | 4189 400c 

  0x000001ce2a14c814: ; implicit exception: dispatches to 0x000001ce2a14d22c
  0x000001ce2a14c814: 458b 54ec 

  0x000001ce2a14c818: ;   {metadata('java/util/concurrent/ConcurrentHashMap')}
  0x000001ce2a14c818: 0841 81fa | 40e4 0000 | 0f85 3e07 | 0000 4489 | 4c24 2048 | 897c 2418 | 4c89 5c24 | 0848 890c 
  0x000001ce2a14c838: 2449 8d14 

  0x000001ce2a14c83c: ;   {optimized virtual_call}
  0x000001ce2a14c83c: ec66 90e8 

  0x000001ce2a14c840: ; ImmutableOopMap {[0]=Oop [8]=Oop [16]=Oop [24]=Oop [32]=NarrowOop }
                      ;*invokeinterface get {reexecute=0 rethrow=0 return_oop=1}
                      ; - org.mockito.internal.util.concurrent.WeakConcurrentMap::get@24 (line 59)
                      ; - org.mockito.internal.util.concurrent.DetachedThreadLocal::get@7 (line 45)
                      ; - org.mockito.internal.creation.bytebuddy.MockMethodAdvice::isMockedStatic@17 (line 179)
                      ; - java.security.AccessController::doPrivileged@16 (line 318)
  0x000001ce2a14c840: dce9 61fe | 4885 c00f | 85e2 0100 | 004c 8b54 | 2418 453b | 6224 0f84 | c806 0000 | 33db 41bb 
  0x000001ce2a14c860: 0100 0000 | 4889 5c24 | 1844 895c 

  0x000001ce2a14c86c: ;   {static_call}
  0x000001ce2a14c86c: 2424 90e8 

  0x000001ce2a14c870: ; ImmutableOopMap {[0]=Oop [16]=Oop [32]=NarrowOop }
                      ;*invokestatic getCallerClass {reexecute=0 rethrow=0 return_oop=1}
                      ; - java.security.AccessController::doPrivileged@74 (line 318)
  0x000001ce2a14c870: 4cc1 fffd | 4889 4424 

  0x000001ce2a14c878: ;   {oop(a 'java/util/concurrent/ConcurrentHashMap'{0x0000000709d1aea0})}
  0x000001ce2a14c878: 0848 baa0 | aed1 0907 

  0x000001ce2a14c880: ;   {oop("tlraEKKZ"{0x0000000709d16ce0})}
  0x000001ce2a14c880: 0000 0049 | b8e0 6cd1 | 0907 0000 

  0x000001ce2a14c88c: ;   {optimized virtual_call}
  0x000001ce2a14c88c: 0066 90e8 

  0x000001ce2a14c890: ; ImmutableOopMap {[0]=Oop [8]=Oop [16]=Oop [32]=NarrowOop }
                      ;*invokeinterface get {reexecute=0 rethrow=0 return_oop=1}
                      ; - org.mockito.internal.creation.bytebuddy.inject.MockMethodDispatcher::getStatic@21 (line 47)
                      ; - java.security.AccessController::executePrivileged@5 (line 771)
                      ; - java.security.AccessController::doPrivileged@77 (line 318)
  0x000001ce2a14c890: 8ce9 61fe 

  0x000001ce2a14c894: ; implicit exception: dispatches to 0x000001ce2a14d23c
  0x000001ce2a14c894: 448b 5008 

  0x000001ce2a14c898: ;   {metadata('org/mockito/internal/creation/bytebuddy/MockMethodAdvice')}
  0x000001ce2a14c898: 4181 faf8 | 814d 010f | 851b 0900 | 004c 8bc0 | 418b 6818 | 85ed 0f84 | 6406 0000 | 488b 0c24 
  0x000001ce2a14c8b8: 448b 5144 | 498d 14ec | 4585 d20f | 843a 0500 | 0047 8b5c | d414 438b | 7cdc 0c44 | 8bcf 41ff 
  0x000001ce2a14c8d8: c945 234c | ec0c 85ff | 0f86 1e07 | 0000 49c1 | e303 438b | 5c8b 1085 | db0f 84a9 | 0400 0045 
  0x000001ce2a14c8f8: 8b5c dc0c | 48c1 e303 | 443b dd0f | 8592 0400 | 0044 8b53 | 1c49 8bc2 | 48c1 e003 

  0x000001ce2a14c914: ;   {oop(a 'java/lang/Class'{0x000000070617a270} = 'java/security/AccessController')}
  0x000001ce2a14c914: 49ba 70a2 | 1706 0700 | 0000 493b | c20f 842d | 0700 0045 | 8b50 1047 | 8b54 d40c 

  0x000001ce2a14c930: ; implicit exception: dispatches to 0x000001ce2a14d258
  0x000001ce2a14c930: 478b 4cd4 

  0x000001ce2a14c934: ;   {metadata('org/mockito/internal/util/concurrent/DetachedThreadLocal$1')}
  0x000001ce2a14c934: 0841 81f9 | d870 4c01 | 0f85 4a06 | 0000 498b | 8708 0100 | 004c 8bd8 | 4983 c318 | 4b8d 1cd4 
  0x000001ce2a14c954: 8b6b 1c4d | 3b9f 1801 | 0000 0f83 | 0305 0000 | 4d89 9f08 | 0100 0041 | 0f0d 8bc0 | 0000 0048 
  0x000001ce2a14c974: c700 0100 

  0x000001ce2a14c978: ;   {metadata('org/mockito/internal/util/concurrent/WeakConcurrentMap$LatentKey')}
  0x000001ce2a14c978: 0000 c740 | 08a8 b05b | 0144 8960 | 0c44 8960 | 1444 8b54 | 2420 4489 | 5010 4c8b | d04c 8b19 
  0x000001ce2a14c998: 4d8b cb49 | 83e1 0749 | 83f9 010f | 85b8 0300 | 0049 c1eb | 0841 8bc3 | 25ff ffff | 7f85 c00f 
  0x000001ce2a14c9b8: 84a4 0300 | 0041 8942 | 0c45 8b5c 

  0x000001ce2a14c9c4: ;   {metadata('java/util/concurrent/ConcurrentHashMap')}
  0x000001ce2a14c9c4: ec08 4181 | fb40 e400 | 000f 85e1 | 0500 0048 | 895c 2428 | 4c89 4424 | 1848 890c | 2449 8d14 
  0x000001ce2a14c9e4: ec4d 8bc2 

  0x000001ce2a14c9e8: ;   {optimized virtual_call}
  0x000001ce2a14c9e8: 6666 90e8 

  0x000001ce2a14c9ec: ; ImmutableOopMap {[0]=Oop [8]=Oop [16]=Oop [24]=Oop [40]=Oop }
                      ;*invokeinterface get {reexecute=0 rethrow=0 return_oop=1}
                      ; - org.mockito.internal.util.concurrent.WeakConcurrentMap::get@24 (line 59)
                      ; - org.mockito.internal.util.concurrent.DetachedThreadLocal::get@7 (line 45)
                      ; - org.mockito.internal.creation.bytebuddy.MockMethodAdvice::isMockedStatic@17 (line 179)
                      ; - java.security.AccessController::executePrivileged@16 (line 771)
                      ; - java.security.AccessController::doPrivileged@77 (line 318)
  0x000001ce2a14c9ec: 30e8 61fe | 4885 c00f | 853b 0200 | 004c 8b54 | 2428 453b | 6224 0f84 | 2c05 0000 | 488b 5424 
  0x000001ce2a14ca0c: 1048 b800 | 4367 7ece 

  0x000001ce2a14ca14: ;   {virtual_call}
  0x000001ce2a14ca14: 0100 00e8 

  0x000001ce2a14ca18: ; ImmutableOopMap {[8]=Oop }
                      ;*invokeinterface run {reexecute=0 rethrow=0 return_oop=1}
                      ; - java.security.AccessController::executePrivileged@129 (line 776)
                      ; - java.security.AccessController::doPrivileged@77 (line 318)
  0x000001ce2a14ca18: cc58 adfd | 4883 c450 

  0x000001ce2a14ca20: ;   {poll_return}
  0x000001ce2a14ca20: 5d49 3ba7 | 4803 0000 | 0f87 d208 | 0000 c344 

  0x000001ce2a14ca30: ;   {metadata('java/util/WeakHashMap')}
  0x000001ce2a14ca30: 8b50 0841 | 81fa 5095 | 1200 0f85 | 6007 0000 

  0x000001ce2a14ca40: ;   {oop(a 'java/lang/Class'{0x000000070617a270} = 'java/security/AccessController')}
  0x000001ce2a14ca40: 4c8b c049 | ba70 a217 | 0607 0000 | 004d 8b12 | 4d8b da49 | 83e3 0749 | 83fb 010f | 8575 0400 
  0x000001ce2a14ca60: 0049 c1ea | 0841 8bc2 | 25ff ffff | 7f85 c00f | 8461 0400 | 004c 8944 | 2418 448b | d841 c1eb 
  0x000001ce2a14ca80: 0c44 8bc0 | 41c1 e814 | 4533 c344 | 33c0 458b | d841 c1eb | 0441 8be8 | c1ed 0741 | 33e8 4133 
  0x000001ce2a14caa0: eb48 8b54 

  0x000001ce2a14caa4: ;   {optimized virtual_call}
  0x000001ce2a14caa4: 2418 90e8 

  0x000001ce2a14caa8: ; ImmutableOopMap {[0]=Oop [8]=Oop [16]=Oop [24]=Oop [32]=NarrowOop }
                      ;*invokevirtual expungeStaleEntries {reexecute=0 rethrow=0 return_oop=0}
                      ; - java.util.WeakHashMap::getTable@1 (line 355)
                      ; - java.util.WeakHashMap::getEntry@12 (line 433)
                      ; - java.util.WeakHashMap::containsKey@2 (line 423)
                      ; - org.mockito.internal.creation.bytebuddy.MockMethodAdvice::isMockedStatic@30 (line 180)
                      ; - java.security.AccessController::doPrivileged@16 (line 318)
  0x000001ce2a14caa8: d402 87fd | 4c8b 4c24 | 1845 8b51 | 2447 8b5c | d40c 458b | c341 ffc8 | 4423 c545 | 85db 0f86 
  0x000001ce2a14cac8: f005 0000 | 49c1 e203 | 478b 5482 | 1045 85d2 | 0f84 4903 | 0000 4b8d | 3cd4 33db | 41bb 0100 
  0x000001ce2a14cae8: 0000 448b | 471c 443b | c50f 85a0 | 0300 008b 

  0x000001ce2a14caf8: ;   {oop(a 'java/lang/Class'{0x000000070617a270} = 'java/security/AccessController')}
  0x000001ce2a14caf8: 4f0c 81f9 | 4ef4 c2e0 | 0f85 1a06 | 0000 4d8b | 8f08 0100 | 004d 8bd1 | 4983 c218 | 4d3b 9718 
  0x000001ce2a14cb18: 0100 000f | 8353 0500 | 004d 8997 | 0801 0000 | 410f 0d8a | c000 0000 | 49c7 0101 | 0000 0041 
  0x000001ce2a14cb38: 0f0d 8a00 

  0x000001ce2a14cb3c: ;   {metadata('java/lang/Class'[])}
  0x000001ce2a14cb3c: 0100 0041 | c741 0878 | 1c00 0041 | 0f0d 8a40 | 0100 0041 | c741 0c01 | 0000 0041 | 0f0d 8a80 
  0x000001ce2a14cb5c: 0100 0045 | 8961 1448 | 895c 2418 | 4489 5c24 

  0x000001ce2a14cb6c: ;   {oop(a 'java/lang/Class'{0x0000000706f43e90} = 'java/security/PrivilegedAction')}
  0x000001ce2a14cb6c: 2441 c741 | 10d2 87de 

  0x000001ce2a14cb74: ;   {oop("doPrivileged"{0x00000007083b1f10})}
  0x000001ce2a14cb74: e049 b810 | 1f3b 0807 

  0x000001ce2a14cb7c: ;   {oop(a 'java/lang/Class'{0x000000070617a270} = 'java/security/AccessController')}
  0x000001ce2a14cb7c: 0000 0048 | ba70 a217 | 0607 0000 | 0048 8b6c 

  0x000001ce2a14cb8c: ;   {optimized virtual_call}
  0x000001ce2a14cb8c: 2410 90e8 

  0x000001ce2a14cb90: ; ImmutableOopMap {rbp=Oop [0]=Oop [8]=Oop [16]=Oop [32]=NarrowOop }
                      ;*invokevirtual getMethod {reexecute=0 rethrow=0 return_oop=1}
                      ; - java.security.AccessController::doPrivileged@43 (line 318)
  0x000001ce2a14cb90: ec01 87fd | 488b e849 | 8bbf 0801 | 0000 4c8b | d749 83c2 | 184d 3b97 | 1801 0000 | 0f83 ee04 
  0x000001ce2a14cbb0: 0000 4d89 | 9708 0100 | 0041 0f0d | 8ac0 0000 | 0048 c707 | 0100 0000 | 410f 0d8a | 0001 0000 
  0x000001ce2a14cbd0: ;   {metadata('java/lang/Object'[])}
  0x000001ce2a14cbd0: c747 0828 | 1500 0041 | 0f0d 8a40 | 0100 00c7 | 470c 0100 | 0000 410f | 0d8a 8001 | 0000 4c89 
  0x000001ce2a14cbf0: 6710 4c8b | 5424 104d | 8bda 49c1 | eb03 4489 | 5f10 488b 

  0x000001ce2a14cc04: ;   {oop(a 'java/lang/Class'{0x000000070617a270} = 'java/security/AccessController')}
  0x000001ce2a14cc04: 5424 0849 | b870 a217 | 0607 0000 | 004c 8bcd 

  0x000001ce2a14cc14: ;   {optimized virtual_call}
  0x000001ce2a14cc14: 498b eae8 

  0x000001ce2a14cc18: ; ImmutableOopMap {rbp=Oop [0]=Oop [16]=Oop [32]=NarrowOop }
                      ;*invokevirtual handleStatic {reexecute=0 rethrow=0 return_oop=1}
                      ; - java.security.AccessController::doPrivileged@54 (line 318)
  0x000001ce2a14cc18: 6401 87fd | 4885 c00f | 8449 fcff | ffba 45ff | ffff 4889 

  0x000001ce2a14cc2c: ;   {runtime_call UncommonTrapBlob}
  0x000001ce2a14cc2c: 4424 08e8 

  0x000001ce2a14cc30: ; ImmutableOopMap {rbp=Oop [8]=Oop }
                      ;*ifnull {reexecute=1 rethrow=0 return_oop=0}
                      ; - (reexecute) java.security.AccessController::doPrivileged@62 (line 318)
  0x000001ce2a14cc30: cc56 87fd | 448b 5008 

  0x000001ce2a14cc38: ;   {metadata('java/util/WeakHashMap')}
  0x000001ce2a14cc38: 4181 fa50 | 9512 000f | 859b 0500 | 004c 8bc0 

  0x000001ce2a14cc48: ;   {oop(a 'java/lang/Class'{0x000000070617a270} = 'java/security/AccessController')}
  0x000001ce2a14cc48: 49ba 70a2 | 1706 0700 | 0000 4d8b | 124d 8bda | 4983 e307 | 4983 fb01 | 0f85 8f02 | 0000 49c1 
  0x000001ce2a14cc68: ea08 418b | c225 ffff | ff7f 85c0 | 0f84 7b02 | 0000 498b | e844 8bd8 | 41c1 eb0c | 448b c041 
  0x000001ce2a14cc88: c1e8 1445 | 33c3 4433 | c045 8bc8 | 41c1 e904 | 458b d841 | c1eb 0745 | 33d8 4533 | d944 895c 
  0x000001ce2a14cca8: 2420 488b 

  0x000001ce2a14ccac: ;   {optimized virtual_call}
  0x000001ce2a14ccac: d566 90e8 

  0x000001ce2a14ccb0: ; ImmutableOopMap {rbp=Oop [8]=Oop [16]=Oop [24]=Oop }
                      ;*invokevirtual expungeStaleEntries {reexecute=0 rethrow=0 return_oop=0}
                      ; - java.util.WeakHashMap::getTable@1 (line 355)
                      ; - java.util.WeakHashMap::getEntry@12 (line 433)
                      ; - java.util.WeakHashMap::containsKey@2 (line 423)
                      ; - org.mockito.internal.creation.bytebuddy.MockMethodAdvice::isMockedStatic@30 (line 180)
                      ; - java.security.AccessController::executePrivileged@16 (line 771)
                      ; - java.security.AccessController::doPrivileged@77 (line 318)
  0x000001ce2a14ccb0: cc00 87fd | 4c8b cd44 | 8b5d 2447 | 8b54 dc0c | 458b c241 | ffc8 4423 | 4424 2045 | 85d2 0f86 
  0x000001ce2a14ccd0: 1004 0000 | 4f8d 14dc | 478b 5c82 | 1045 85db | 0f84 22fd | ffff 4b8d | 2cdc 448b | 551c 443b 
  0x000001ce2a14ccf0: 5424 200f | 85bd 0100 | 0044 8b5d 

  0x000001ce2a14ccfc: ;   {oop(a 'java/lang/Class'{0x000000070617a270} = 'java/security/AccessController')}
  0x000001ce2a14ccfc: 0c41 81fb | 4ef4 c2e0 | 0f85 4604 | 0000 ba45 | ffff ff48 | 8b6c 2410 | 4c8b 5424 | 084c 8914 
  0x000001ce2a14cd1c: ;   {runtime_call UncommonTrapBlob}
  0x000001ce2a14cd1c: 2466 90e8 

  0x000001ce2a14cd20: ; ImmutableOopMap {rbp=Oop [0]=Oop [24]=Oop }
                      ;*ifne {reexecute=1 rethrow=0 return_oop=0}
                      ; - (reexecute) java.security.AccessController::executePrivileged@19 (line 771)
                      ; - java.security.AccessController::doPrivileged@77 (line 318)
  0x000001ce2a14cd20: dc55 87fd | 4c89 4424 | 2844 894c | 2420 4889 | 7c24 184c | 895c 2408 | 4889 0c24 

  0x000001ce2a14cd3c: ;   {static_call}
  0x000001ce2a14cd3c: 488b d1e8 

  0x000001ce2a14cd40: ; ImmutableOopMap {rbp=NarrowOop [0]=Oop [8]=Oop [16]=Oop [24]=Oop [32]=NarrowOop [40]=Oop }
                      ;*invokestatic identityHashCode {reexecute=0 rethrow=0 return_oop=0}
                      ; - org.mockito.internal.util.concurrent.WeakConcurrentMap$LatentKey::<init>@11 (line 237)
                      ; - org.mockito.internal.util.concurrent.WeakConcurrentMap::get@21 (line 59)
                      ; - org.mockito.internal.util.concurrent.DetachedThreadLocal::get@7 (line 45)
                      ; - org.mockito.internal.creation.bytebuddy.MockMethodAdvice::isMockedStatic@17 (line 179)
                      ; - java.security.AccessController::doPrivileged@16 (line 318)
  0x000001ce2a14cd40: 7c58 01fe | 488b 0c24 | 4c8b 5c24 | 0848 8b7c | 2418 448b | 4c24 204c | 8b44 2428 | e9af faff 
  0x000001ce2a14cd60: ff4c 8954 | 2430 4889 | 5c24 284c | 8944 2418 | 4889 0c24 

  0x000001ce2a14cd74: ;   {static_call}
  0x000001ce2a14cd74: 488b d1e8 

  0x000001ce2a14cd78: ; ImmutableOopMap {rbp=NarrowOop [0]=Oop [8]=Oop [16]=Oop [24]=Oop [40]=Oop [48]=Oop }
                      ;*invokestatic identityHashCode {reexecute=0 rethrow=0 return_oop=0}
                      ; - org.mockito.internal.util.concurrent.WeakConcurrentMap$LatentKey::<init>@11 (line 237)
                      ; - org.mockito.internal.util.concurrent.WeakConcurrentMap::get@21 (line 59)
                      ; - org.mockito.internal.util.concurrent.DetachedThreadLocal::get@7 (line 45)
                      ; - org.mockito.internal.creation.bytebuddy.MockMethodAdvice::isMockedStatic@17 (line 179)
                      ; - java.security.AccessController::executePrivileged@16 (line 771)
                      ; - java.security.AccessController::doPrivileged@77 (line 318)
  0x000001ce2a14cd78: 4458 01fe | 488b 0c24 | 4c8b 4424 | 1848 8b5c | 2428 4c8b | 5424 30e9 | 29fc ffff | 33ff e98e 
  0x000001ce2a14cd98: f9ff ff48 | 895c 2418 | 4889 1424 | 4c89 4424 | 3048 894c | 2428 4b8d | 14d4 4c8b | 0424 488b 
  0x000001ce2a14cdb8: ;   {optimized virtual_call}
  0x000001ce2a14cdb8: 7c24 18e8 

  0x000001ce2a14cdbc: ; ImmutableOopMap {rbp=NarrowOop [0]=Oop [8]=Oop [16]=Oop [32]=NarrowOop [40]=Oop [48]=Oop }
                      ;*invokevirtual getEntryAfterMiss {reexecute=0 rethrow=0 return_oop=1}
                      ; - java.lang.ThreadLocal$ThreadLocalMap::getEntry@38 (line 439)
                      ; - java.lang.ThreadLocal::get@16 (line 165)
                      ; - org.mockito.internal.creation.bytebuddy.MockMethodAdvice$SelfCallInfo::checkSelfCall@2 (line 368)
                      ; - org.mockito.internal.creation.bytebuddy.MockMethodAdvice::isMockedStatic@5 (line 176)
                      ; - java.security.AccessController::executePrivileged@16 (line 771)
                      ; - java.security.AccessController::doPrivileged@77 (line 318)
  0x000001ce2a14cdbc: c0ff 86fd | 4885 c00f | 8463 0200 | 0048 8b4c | 2428 488b | d84c 8b44 | 2430 e92e | fbff ff48 
  0x000001ce2a14cddc: 8b14 24eb | 0a48 894c | 2408 4c89 | 5c24 1848 

  0x000001ce2a14cdec: ;   {optimized virtual_call}
  0x000001ce2a14cdec: 8914 24e8 

  0x000001ce2a14cdf0: ; ImmutableOopMap {rbp=NarrowOop [0]=Oop [8]=Oop [16]=Oop [24]=Oop }
                      ;*invokevirtual setInitialValue {reexecute=0 rethrow=0 return_oop=1}
                      ; - java.lang.ThreadLocal::get@34 (line 172)
                      ; - org.mockito.internal.creation.bytebuddy.MockMethodAdvice$SelfCallInfo::checkSelfCall@2 (line 368)
                      ; - org.mockito.internal.creation.bytebuddy.MockMethodAdvice::isMockedStatic@5 (line 176)
                      ; - java.security.AccessController::doPrivileged@16 (line 318)
  0x000001ce2a14cdf0: 8cc1 28fe | 488b 4c24 | 084c 8b5c | 2418 e962 | f9ff ff48 | 894c 2428 | 4c89 4424 | 3048 8914 
  0x000001ce2a14ce10: ;   {optimized virtual_call}
  0x000001ce2a14ce10: 2466 90e8 

  0x000001ce2a14ce14: ; ImmutableOopMap {rbp=NarrowOop [0]=Oop [8]=Oop [16]=Oop [32]=NarrowOop [40]=Oop [48]=Oop }
                      ;*invokevirtual setInitialValue {reexecute=0 rethrow=0 return_oop=1}
                      ; - java.lang.ThreadLocal::get@34 (line 172)
                      ; - org.mockito.internal.creation.bytebuddy.MockMethodAdvice$SelfCallInfo::checkSelfCall@2 (line 368)
                      ; - org.mockito.internal.creation.bytebuddy.MockMethodAdvice::isMockedStatic@5 (line 176)
                      ; - java.security.AccessController::executePrivileged@16 (line 771)
                      ; - java.security.AccessController::doPrivileged@77 (line 318)
  0x000001ce2a14ce14: 68ff 86fd | 488b 4c24 | 284c 8b44 | 2430 e9ed | faff ff33 | db41 bb01 | 0000 00e9 | 30fa ffff 
  0x000001ce2a14ce34: 4889 7c24 | 184c 895c | 2408 4889 

  0x000001ce2a14ce40: ;   {metadata('org/mockito/internal/util/concurrent/WeakConcurrentMap$LatentKey')}
  0x000001ce2a14ce40: 0c24 48ba | a8b0 5b3e | ce01 0000 

  0x000001ce2a14ce4c: ;   {runtime_call _new_instance_Java}
  0x000001ce2a14ce4c: 6666 90e8 

  0x000001ce2a14ce50: ; ImmutableOopMap {rbp=NarrowOop [0]=Oop [8]=Oop [16]=Oop [24]=Oop }
                      ;*new {reexecute=0 rethrow=0 return_oop=1}
                      ; - org.mockito.internal.util.concurrent.WeakConcurrentMap::get@16 (line 59)
                      ; - org.mockito.internal.util.concurrent.DetachedThreadLocal::get@7 (line 45)
                      ; - org.mockito.internal.creation.bytebuddy.MockMethodAdvice::isMockedStatic@17 (line 179)
                      ; - java.security.AccessController::doPrivileged@16 (line 318)
  0x000001ce2a14ce50: ac31 92fd | 488b 0c24 | 4c8b 5c24 | 0848 8b7c | 2418 e973 | f9ff ff48 | 895c 2428 | 4c89 4424 
  0x000001ce2a14ce70: 1848 890c 

  0x000001ce2a14ce74: ;   {metadata('org/mockito/internal/util/concurrent/WeakConcurrentMap$LatentKey')}
  0x000001ce2a14ce74: 2448 baa8 | b05b 3ece 

  0x000001ce2a14ce7c: ;   {runtime_call _new_instance_Java}
  0x000001ce2a14ce7c: 0100 00e8 

  0x000001ce2a14ce80: ; ImmutableOopMap {rbp=NarrowOop [0]=Oop [8]=Oop [16]=Oop [24]=Oop [32]=NarrowOop [40]=Oop }
                      ;*new {reexecute=0 rethrow=0 return_oop=1}
                      ; - org.mockito.internal.util.concurrent.WeakConcurrentMap::get@16 (line 59)
                      ; - org.mockito.internal.util.concurrent.DetachedThreadLocal::get@7 (line 45)
                      ; - org.mockito.internal.creation.bytebuddy.MockMethodAdvice::isMockedStatic@17 (line 179)
                      ; - java.security.AccessController::executePrivileged@16 (line 771)
                      ; - java.security.AccessController::doPrivileged@77 (line 318)
  0x000001ce2a14ce80: 7c31 92fd | 488b 0c24 | 4c8b 4424 | 1848 8b5c | 2428 e9f2 | faff ff44 | 8b47 2449 | 8b8f 5003 
  0x000001ce2a14cea0: ; ImmutableOopMap {r8=NarrowOop r9=Oop [0]=Oop [8]=Oop [16]=Oop [32]=NarrowOop }
                      ;*goto {reexecute=1 rethrow=0 return_oop=0}
                      ; - (reexecute) java.util.WeakHashMap::getEntry@64 (line 437)
                      ; - java.util.WeakHashMap::containsKey@2 (line 423)
                      ; - org.mockito.internal.creation.bytebuddy.MockMethodAdvice::isMockedStatic@30 (line 180)
                      ; - java.security.AccessController::doPrivileged@16 (line 318)
                      ;   {poll}
  0x000001ce2a14cea0: 0000 8501 | 4585 c00f | 84b7 f9ff | ff4b 8d3c | c4e9 34fc | ffff 448b | 5d24 4d8b | 8750 0300 
  0x000001ce2a14cec0: ; ImmutableOopMap {r11=NarrowOop r9=Oop [8]=Oop [16]=Oop [24]=Oop }
                      ;*goto {reexecute=1 rethrow=0 return_oop=0}
                      ; - (reexecute) java.util.WeakHashMap::getEntry@64 (line 437)
                      ; - java.util.WeakHashMap::containsKey@2 (line 423)
                      ; - org.mockito.internal.creation.bytebuddy.MockMethodAdvice::isMockedStatic@30 (line 180)
                      ; - java.security.AccessController::executePrivileged@16 (line 771)
                      ; - java.security.AccessController::doPrivileged@77 (line 318)
                      ;   {poll}
  0x000001ce2a14cec0: 0041 8500 | 4585 db0f | 843b fbff | ff4b 8d2c | dce9 14fe | ffff 4c89 

  0x000001ce2a14ced8: ;   {oop(a 'java/lang/Class'{0x000000070617a270} = 'java/security/AccessController')}
  0x000001ce2a14ced8: 4424 1848 | ba70 a217 | 0607 0000 | 0048 8b6c 

  0x000001ce2a14cee8: ;   {optimized virtual_call}
  0x000001ce2a14cee8: 2410 90e8 

  0x000001ce2a14ceec: ; ImmutableOopMap {rbp=Oop [0]=Oop [8]=Oop [16]=Oop [24]=Oop [32]=NarrowOop }
                      ;*invokevirtual hashCode {reexecute=0 rethrow=0 return_oop=0}
                      ; - java.util.WeakHashMap::hash@1 (line 303)
                      ; - java.util.WeakHashMap::getEntry@7 (line 432)
                      ; - java.util.WeakHashMap::containsKey@2 (line 423)
                      ; - org.mockito.internal.creation.bytebuddy.MockMethodAdvice::isMockedStatic@30 (line 180)
                      ; - java.security.AccessController::doPrivileged@16 (line 318)
  0x000001ce2a14ceec: 90fe 86fd | e985 fbff | ff49 8be8 

  0x000001ce2a14cef8: ;   {oop(a 'java/lang/Class'{0x000000070617a270} = 'java/security/AccessController')}
  0x000001ce2a14cef8: 48ba 70a2 | 1706 0700 

  0x000001ce2a14cf00: ;   {optimized virtual_call}
  0x000001ce2a14cf00: 0000 90e8 

  0x000001ce2a14cf04: ; ImmutableOopMap {rbp=Oop [8]=Oop [16]=Oop [24]=Oop }
                      ;*invokevirtual hashCode {reexecute=0 rethrow=0 return_oop=0}
                      ; - java.util.WeakHashMap::hash@1 (line 303)
                      ; - java.util.WeakHashMap::getEntry@7 (line 432)
                      ; - java.util.WeakHashMap::containsKey@2 (line 423)
                      ; - org.mockito.internal.creation.bytebuddy.MockMethodAdvice::isMockedStatic@30 (line 180)
                      ; - java.security.AccessController::executePrivileged@16 (line 771)
                      ; - java.security.AccessController::doPrivileged@77 (line 318)
  0x000001ce2a14cf04: 78fe 86fd | e970 fdff | ffba f6ff 

  0x000001ce2a14cf10: ;   {runtime_call UncommonTrapBlob}
  0x000001ce2a14cf10: ffff 90e8 

  0x000001ce2a14cf14: ; ImmutableOopMap {}
                      ;*invokevirtual checkSelfCall {reexecute=0 rethrow=0 return_oop=0}
                      ; - org.mockito.internal.creation.bytebuddy.MockMethodAdvice::isMockedStatic@5 (line 176)
                      ; - java.security.AccessController::doPrivileged@16 (line 318)
  0x000001ce2a14cf14: e853 87fd | baf6 ffff 

  0x000001ce2a14cf1c: ;   {runtime_call UncommonTrapBlob}
  0x000001ce2a14cf1c: ff66 90e8 

  0x000001ce2a14cf20: ; ImmutableOopMap {}
                      ;*invokevirtual checkSelfCall {reexecute=0 rethrow=0 return_oop=0}
                      ; - org.mockito.internal.creation.bytebuddy.MockMethodAdvice::isMockedStatic@5 (line 176)
                      ; - java.security.AccessController::executePrivileged@16 (line 771)
                      ; - java.security.AccessController::doPrivileged@77 (line 318)
  0x000001ce2a14cf20: dc53 87fd | baf6 ffff | ff48 8b2c 

  0x000001ce2a14cf2c: ;   {runtime_call UncommonTrapBlob}
  0x000001ce2a14cf2c: 2466 90e8 

  0x000001ce2a14cf30: ; ImmutableOopMap {rbp=Oop }
                      ;*invokevirtual initialValue {reexecute=0 rethrow=0 return_oop=0}
                      ; - org.mockito.internal.util.concurrent.DetachedThreadLocal$1::defaultValue@5 (line 26)
                      ; - org.mockito.internal.util.concurrent.DetachedThreadLocal$1::defaultValue@5 (line 23)
                      ; - org.mockito.internal.util.concurrent.WeakConcurrentMap::get@36 (line 61)
                      ; - org.mockito.internal.util.concurrent.DetachedThreadLocal::get@7 (line 45)
                      ; - org.mockito.internal.creation.bytebuddy.MockMethodAdvice::isMockedStatic@17 (line 179)
                      ; - java.security.AccessController::doPrivileged@16 (line 318)
  0x000001ce2a14cf30: cc53 87fd | baf6 ffff | ff48 8b2c 

  0x000001ce2a14cf3c: ;   {runtime_call UncommonTrapBlob}
  0x000001ce2a14cf3c: 2466 90e8 

  0x000001ce2a14cf40: ; ImmutableOopMap {rbp=Oop }
                      ;*invokevirtual initialValue {reexecute=0 rethrow=0 return_oop=0}
                      ; - org.mockito.internal.util.concurrent.DetachedThreadLocal$1::defaultValue@5 (line 26)
                      ; - org.mockito.internal.util.concurrent.DetachedThreadLocal$1::defaultValue@5 (line 23)
                      ; - org.mockito.internal.util.concurrent.WeakConcurrentMap::get@36 (line 61)
                      ; - org.mockito.internal.util.concurrent.DetachedThreadLocal::get@7 (line 45)
                      ; - org.mockito.internal.creation.bytebuddy.MockMethodAdvice::isMockedStatic@17 (line 179)
                      ; - java.security.AccessController::executePrivileged@16 (line 771)
                      ; - java.security.AccessController::doPrivileged@77 (line 318)
  0x000001ce2a14cf40: bc53 87fd | bade ffff | ff48 8b6c | 2410 4c89 | 1c24 4489 | 5424 0848 | 894c 2410 

  0x000001ce2a14cf5c: ;   {runtime_call UncommonTrapBlob}
  0x000001ce2a14cf5c: 6666 90e8 

  0x000001ce2a14cf60: ; ImmutableOopMap {rbp=Oop [0]=Oop [8]=NarrowOop [16]=Oop }
                      ;*invokevirtual get {reexecute=0 rethrow=0 return_oop=0}
                      ; - org.mockito.internal.util.concurrent.DetachedThreadLocal::get@7 (line 45)
                      ; - org.mockito.internal.creation.bytebuddy.MockMethodAdvice::isMockedStatic@17 (line 179)
                      ; - java.security.AccessController::doPrivileged@16 (line 318)
  0x000001ce2a14cf60: 9c53 87fd | bade ffff | ff4c 8b54 | 2410 4c89 | 1424 4c89 | 5c24 0848 | 897c 2410 | 4889 4c24 
  0x000001ce2a14cf80: 184c 8944 

  0x000001ce2a14cf84: ;   {runtime_call UncommonTrapBlob}
  0x000001ce2a14cf84: 2420 90e8 

  0x000001ce2a14cf88: ; ImmutableOopMap {rbp=NarrowOop [0]=Oop [8]=Oop [16]=Oop [24]=Oop [32]=Oop }
                      ;*invokeinterface get {reexecute=0 rethrow=0 return_oop=0}
                      ; - org.mockito.internal.util.concurrent.WeakConcurrentMap::get@24 (line 59)
                      ; - org.mockito.internal.util.concurrent.DetachedThreadLocal::get@7 (line 45)
                      ; - org.mockito.internal.creation.bytebuddy.MockMethodAdvice::isMockedStatic@17 (line 179)
                      ; - java.security.AccessController::doPrivileged@16 (line 318)
  0x000001ce2a14cf88: 7453 87fd | bade ffff | ff48 8b6c | 2410 4c8b | 5c24 084c | 891c 244c | 8944 2408 | 4489 5424 
  0x000001ce2a14cfa8: 1048 894c 

  0x000001ce2a14cfac: ;   {runtime_call UncommonTrapBlob}
  0x000001ce2a14cfac: 2418 90e8 

  0x000001ce2a14cfb0: ; ImmutableOopMap {rbp=Oop [0]=Oop [8]=Oop [16]=NarrowOop [24]=Oop }
                      ;*invokevirtual get {reexecute=0 rethrow=0 return_oop=0}
                      ; - org.mockito.internal.util.concurrent.DetachedThreadLocal::get@7 (line 45)
                      ; - org.mockito.internal.creation.bytebuddy.MockMethodAdvice::isMockedStatic@17 (line 179)
                      ; - java.security.AccessController::executePrivileged@16 (line 771)
                      ; - java.security.AccessController::doPrivileged@77 (line 318)
  0x000001ce2a14cfb0: 4c53 87fd | bade ffff | ff4c 8b5c | 2410 4c89 | 1c24 4c89 | 4424 1048 | 895c 2418 | 4889 4c24 
  0x000001ce2a14cfd0: 204c 8954 

  0x000001ce2a14cfd4: ;   {runtime_call UncommonTrapBlob}
  0x000001ce2a14cfd4: 2428 90e8 

  0x000001ce2a14cfd8: ; ImmutableOopMap {rbp=NarrowOop [0]=Oop [8]=Oop [16]=Oop [24]=Oop [32]=Oop [40]=Oop }
                      ;*invokeinterface get {reexecute=0 rethrow=0 return_oop=0}
                      ; - org.mockito.internal.util.concurrent.WeakConcurrentMap::get@24 (line 59)
                      ; - org.mockito.internal.util.concurrent.DetachedThreadLocal::get@7 (line 45)
                      ; - org.mockito.internal.creation.bytebuddy.MockMethodAdvice::isMockedStatic@17 (line 179)
                      ; - java.security.AccessController::executePrivileged@16 (line 771)
                      ; - java.security.AccessController::doPrivileged@77 (line 318)
  0x000001ce2a14cfd8: 2453 87fd | bae4 ffff | ff48 8b4c | 2410 4889 | 0c24 4c89 | 5c24 1044 | 8954 241c | 4489 4424 
  0x000001ce2a14cff8: 2844 894c 

  0x000001ce2a14cffc: ;   {runtime_call UncommonTrapBlob}
  0x000001ce2a14cffc: 242c 90e8 

  0x000001ce2a14d000: ; ImmutableOopMap {rbp=NarrowOop [0]=Oop [16]=Oop [28]=NarrowOop [40]=NarrowOop }
                      ;*aaload {reexecute=0 rethrow=0 return_oop=0}
                      ; - java.lang.ThreadLocal$ThreadLocalMap::getEntry@18 (line 435)
                      ; - java.lang.ThreadLocal::get@16 (line 165)
                      ; - org.mockito.internal.creation.bytebuddy.MockMethodAdvice$SelfCallInfo::checkSelfCall@2 (line 368)
                      ; - org.mockito.internal.creation.bytebuddy.MockMethodAdvice::isMockedStatic@5 (line 176)
                      ; - java.security.AccessController::doPrivileged@16 (line 318)
  0x000001ce2a14d000: fc52 87fd | bae4 ffff | ff48 8b4c | 2410 4889 | 0c24 4c89 | 4424 1844 | 8954 2424 | 4489 5c24 
  0x000001ce2a14d020: 3044 894c 

  0x000001ce2a14d024: ;   {runtime_call UncommonTrapBlob}
  0x000001ce2a14d024: 2434 90e8 

  0x000001ce2a14d028: ; ImmutableOopMap {rbp=NarrowOop [0]=Oop [8]=Oop [24]=Oop [36]=NarrowOop [48]=NarrowOop }
                      ;*aaload {reexecute=0 rethrow=0 return_oop=0}
                      ; - java.lang.ThreadLocal$ThreadLocalMap::getEntry@18 (line 435)
                      ; - java.lang.ThreadLocal::get@16 (line 165)
                      ; - org.mockito.internal.creation.bytebuddy.MockMethodAdvice$SelfCallInfo::checkSelfCall@2 (line 368)
                      ; - org.mockito.internal.creation.bytebuddy.MockMethodAdvice::isMockedStatic@5 (line 176)
                      ; - java.security.AccessController::executePrivileged@16 (line 771)
                      ; - java.security.AccessController::doPrivileged@77 (line 318)
  0x000001ce2a14d028: d452 87fd | 488b 1424 | e9d8 fdff | ffba 45ff | ffff 4c8b | 5424 104c | 8914 244c | 895c 2410 
  0x000001ce2a14d048: 4889 4424 

  0x000001ce2a14d04c: ;   {runtime_call UncommonTrapBlob}
  0x000001ce2a14d04c: 1866 90e8 

  0x000001ce2a14d050: ; ImmutableOopMap {rbp=NarrowOop [0]=Oop [16]=Oop [24]=Oop }
                      ;*if_acmpne {reexecute=1 rethrow=0 return_oop=0}
                      ; - (reexecute) org.mockito.internal.creation.bytebuddy.MockMethodAdvice$SelfCallInfo::checkSelfCall@5 (line 368)
                      ; - org.mockito.internal.creation.bytebuddy.MockMethodAdvice::isMockedStatic@5 (line 176)
                      ; - java.security.AccessController::doPrivileged@16 (line 318)
  0x000001ce2a14d050: ac52 87fd | ba45 ffff | ff4c 8b54 | 2410 4c89 | 1424 4c89 | 4424 1848 | 8944 2420 

  0x000001ce2a14d06c: ;   {runtime_call UncommonTrapBlob}
  0x000001ce2a14d06c: 6666 90e8 

  0x000001ce2a14d070: ; ImmutableOopMap {rbp=NarrowOop [0]=Oop [8]=Oop [24]=Oop [32]=Oop }
                      ;*if_acmpne {reexecute=1 rethrow=0 return_oop=0}
                      ; - (reexecute) org.mockito.internal.creation.bytebuddy.MockMethodAdvice$SelfCallInfo::checkSelfCall@5 (line 368)
                      ; - org.mockito.internal.creation.bytebuddy.MockMethodAdvice::isMockedStatic@5 (line 176)
                      ; - java.security.AccessController::executePrivileged@16 (line 771)
                      ; - java.security.AccessController::doPrivileged@77 (line 318)
  0x000001ce2a14d070: 8c52 87fd | 4489 5c24 | 2448 895c 

  0x000001ce2a14d07c: ;   {metadata('java/lang/Class'[])}
  0x000001ce2a14d07c: 2418 48ba | 781c 003d | ce01 0000 | 458b c348 | 8b6c 2410 

  0x000001ce2a14d090: ;   {runtime_call _new_array_Java}
  0x000001ce2a14d090: 6666 90e8 

  0x000001ce2a14d094: ; ImmutableOopMap {rbp=Oop [0]=Oop [8]=Oop [16]=Oop [32]=NarrowOop }
                      ;*anewarray {reexecute=0 rethrow=0 return_oop=1}
                      ; - java.security.AccessController::doPrivileged@35 (line 318)
  0x000001ce2a14d094: 6832 92fd | 4c8b c8e9 | cdfa ffff 

  0x000001ce2a14d0a0: ;   {metadata('java/lang/Object'[])}
  0x000001ce2a14d0a0: 48ba 2815 | 003d ce01 | 0000 448b 

  0x000001ce2a14d0ac: ;   {runtime_call _new_array_Java}
  0x000001ce2a14d0ac: 4424 24e8 

  0x000001ce2a14d0b0: ; ImmutableOopMap {rbp=Oop [0]=Oop [8]=Oop [16]=Oop [32]=NarrowOop }
                      ;*anewarray {reexecute=0 rethrow=0 return_oop=1}
                      ; - java.security.AccessController::doPrivileged@47 (line 318)
  0x000001ce2a14d0b0: 4c32 92fd | 488b f8e9 | 36fb ffff | bae4 ffff | ff4c 8b5c | 2410 4c89 | 1c24 48ff | 7424 1848 
  0x000001ce2a14d0d0: 8f44 2410 | 4489 5424 | 1844 8944 

  0x000001ce2a14d0dc: ;   {runtime_call UncommonTrapBlob}
  0x000001ce2a14d0dc: 241c 90e8 

  0x000001ce2a14d0e0: ; ImmutableOopMap {[0]=Oop [8]=Oop [16]=Oop [24]=NarrowOop }
                      ;*aaload {reexecute=0 rethrow=0 return_oop=0}
                      ; - java.util.WeakHashMap::getEntry@30 (line 435)
                      ; - java.util.WeakHashMap::containsKey@2 (line 423)
                      ; - org.mockito.internal.creation.bytebuddy.MockMethodAdvice::isMockedStatic@30 (line 180)
                      ; - java.security.AccessController::doPrivileged@16 (line 318)
  0x000001ce2a14d0e0: 1c52 87fd | bae4 ffff | ff48 8b6c | 2410 4c8b | 5424 084c | 8914 244c | 8b54 2418 | 4c89 5424 
  0x000001ce2a14d100: 084c 894c | 2410 448b | 5424 2044 | 8954 2418 | 4489 5c24 | 1c44 8944 

  0x000001ce2a14d118: ;   {runtime_call UncommonTrapBlob}
  0x000001ce2a14d118: 2420 90e8 

  0x000001ce2a14d11c: ; ImmutableOopMap {rbp=Oop [0]=Oop [8]=Oop [16]=Oop [28]=NarrowOop }
                      ;*aaload {reexecute=0 rethrow=0 return_oop=0}
                      ; - java.util.WeakHashMap::getEntry@30 (line 435)
                      ; - java.util.WeakHashMap::containsKey@2 (line 423)
                      ; - org.mockito.internal.creation.bytebuddy.MockMethodAdvice::isMockedStatic@30 (line 180)
                      ; - java.security.AccessController::executePrivileged@16 (line 771)
                      ; - java.security.AccessController::doPrivileged@77 (line 318)
  0x000001ce2a14d11c: e051 87fd 

  0x000001ce2a14d120: ;   {oop(a 'java/lang/Class'{0x000000070617a270} = 'java/security/AccessController')}
  0x000001ce2a14d120: 4533 d281 | f94e f4c2 | e045 0f45 | daba 45ff | ffff 4c8b | 5424 104c | 8914 244c | 894c 2410 
  0x000001ce2a14d140: 4889 7c24 | 2044 895c 

  0x000001ce2a14d148: ;   {runtime_call UncommonTrapBlob}
  0x000001ce2a14d148: 2428 90e8 

  0x000001ce2a14d14c: ; ImmutableOopMap {[0]=Oop [8]=Oop [16]=Oop [32]=Oop }
                      ;*ifeq {reexecute=1 rethrow=0 return_oop=0}
                      ; - (reexecute) java.util.WeakHashMap::matchesKey@5 (line 288)
                      ; - java.util.WeakHashMap::getEntry@51 (line 436)
                      ; - java.util.WeakHashMap::containsKey@2 (line 423)
                      ; - org.mockito.internal.creation.bytebuddy.MockMethodAdvice::isMockedStatic@30 (line 180)
                      ; - java.security.AccessController::doPrivileged@16 (line 318)
  0x000001ce2a14d14c: b051 87fd | 448b 5424 | 2445 33c0 

  0x000001ce2a14d158: ;   {oop(a 'java/lang/Class'{0x000000070617a270} = 'java/security/AccessController')}
  0x000001ce2a14d158: 4181 fb4e | f4c2 e045 | 0f45 d0ba | 45ff ffff | 4c8b 5c24 | 104c 891c | 244c 8b5c | 2418 4c89 
  0x000001ce2a14d178: 5c24 104c | 894c 2418 | 4489 5424 

  0x000001ce2a14d184: ;   {runtime_call UncommonTrapBlob}
  0x000001ce2a14d184: 2466 90e8 

  0x000001ce2a14d188: ; ImmutableOopMap {rbp=Oop [0]=Oop [8]=Oop [16]=Oop [24]=Oop }
                      ;*ifeq {reexecute=1 rethrow=0 return_oop=0}
                      ; - (reexecute) java.util.WeakHashMap::matchesKey@5 (line 288)
                      ; - java.util.WeakHashMap::getEntry@51 (line 436)
                      ; - java.util.WeakHashMap::containsKey@2 (line 423)
                      ; - org.mockito.internal.creation.bytebuddy.MockMethodAdvice::isMockedStatic@30 (line 180)
                      ; - java.security.AccessController::executePrivileged@16 (line 771)
                      ; - java.security.AccessController::doPrivileged@77 (line 318)
  0x000001ce2a14d188: 7451 87fd | bade ffff | ff48 8b6c | 2410 4889 

  0x000001ce2a14d198: ;   {runtime_call UncommonTrapBlob}
  0x000001ce2a14d198: 0424 90e8 

  0x000001ce2a14d19c: ; ImmutableOopMap {rbp=Oop [0]=Oop }
                      ;*checkcast {reexecute=0 rethrow=0 return_oop=0}
                      ; - org.mockito.internal.creation.bytebuddy.inject.MockMethodDispatcher::getStatic@26 (line 47)
                      ; - java.security.AccessController::doPrivileged@5 (line 318)
  0x000001ce2a14d19c: 6051 87fd | bade ffff | ff48 8b6c | 2410 4c8b | 5424 084c | 8914 2448 | 8944 2408 

  0x000001ce2a14d1b8: ;   {runtime_call UncommonTrapBlob}
  0x000001ce2a14d1b8: 6666 90e8 

  0x000001ce2a14d1bc: ; ImmutableOopMap {rbp=Oop [0]=Oop [8]=Oop }
                      ;*checkcast {reexecute=0 rethrow=0 return_oop=0}
                      ; - org.mockito.internal.creation.bytebuddy.MockMethodAdvice::isMockedStatic@20 (line 179)
                      ; - java.security.AccessController::doPrivileged@16 (line 318)
  0x000001ce2a14d1bc: 4051 87fd | bade ffff | ff48 8b6c | 2410 4c8b | 5424 084c | 8914 2448 | 8944 2408 

  0x000001ce2a14d1d8: ;   {runtime_call UncommonTrapBlob}
  0x000001ce2a14d1d8: 6666 90e8 

  0x000001ce2a14d1dc: ; ImmutableOopMap {rbp=Oop [0]=Oop [8]=Oop }
                      ;*checkcast {reexecute=0 rethrow=0 return_oop=0}
                      ; - org.mockito.internal.creation.bytebuddy.inject.MockMethodDispatcher::getStatic@26 (line 47)
                      ; - java.security.AccessController::executePrivileged@5 (line 771)
                      ; - java.security.AccessController::doPrivileged@77 (line 318)
  0x000001ce2a14d1dc: 2051 87fd | bade ffff | ff48 8b6c | 2410 4c8b | 5424 084c | 8914 2448 | 8944 2410 

  0x000001ce2a14d1f8: ;   {runtime_call UncommonTrapBlob}
  0x000001ce2a14d1f8: 6666 90e8 

  0x000001ce2a14d1fc: ; ImmutableOopMap {rbp=Oop [0]=Oop [16]=Oop [24]=Oop }
                      ;*checkcast {reexecute=0 rethrow=0 return_oop=0}
                      ; - org.mockito.internal.creation.bytebuddy.MockMethodAdvice::isMockedStatic@20 (line 179)
                      ; - java.security.AccessController::executePrivileged@16 (line 771)
                      ; - java.security.AccessController::doPrivileged@77 (line 318)
  0x000001ce2a14d1fc: 0051 87fd | baf4 ffff | ff48 8b6c 

  0x000001ce2a14d208: ;   {runtime_call UncommonTrapBlob}
  0x000001ce2a14d208: 2410 90e8 

  0x000001ce2a14d20c: ; ImmutableOopMap {rbp=Oop }
                      ;*checkcast {reexecute=0 rethrow=0 return_oop=0}
                      ; - org.mockito.internal.creation.bytebuddy.inject.MockMethodDispatcher::getStatic@26 (line 47)
                      ; - java.security.AccessController::doPrivileged@5 (line 318)
  0x000001ce2a14d20c: f050 87fd | baf6 ffff 

  0x000001ce2a14d214: ;   {runtime_call UncommonTrapBlob}
  0x000001ce2a14d214: ff66 90e8 

  0x000001ce2a14d218: ; ImmutableOopMap {}
                      ;*invokevirtual get {reexecute=0 rethrow=0 return_oop=0}
                      ; - org.mockito.internal.creation.bytebuddy.MockMethodAdvice::isMockedStatic@17 (line 179)
                      ; - java.security.AccessController::doPrivileged@16 (line 318)
  0x000001ce2a14d218: e450 87fd | baf6 ffff | ff48 8be9 

  0x000001ce2a14d224: ;   {runtime_call UncommonTrapBlob}
  0x000001ce2a14d224: 6666 90e8 

  0x000001ce2a14d228: ; ImmutableOopMap {rbp=Oop }
                      ;*invokevirtual get {reexecute=0 rethrow=0 return_oop=0}
                      ; - org.mockito.internal.util.concurrent.DetachedThreadLocal::get@7 (line 45)
                      ; - org.mockito.internal.creation.bytebuddy.MockMethodAdvice::isMockedStatic@17 (line 179)
                      ; - java.security.AccessController::doPrivileged@16 (line 318)
  0x000001ce2a14d228: d450 87fd | baf6 ffff | ff49 8be8 

  0x000001ce2a14d234: ;   {runtime_call UncommonTrapBlob}
  0x000001ce2a14d234: 6666 90e8 

  0x000001ce2a14d238: ; ImmutableOopMap {rbp=Oop }
                      ;*invokeinterface get {reexecute=0 rethrow=0 return_oop=0}
                      ; - org.mockito.internal.util.concurrent.WeakConcurrentMap::get@24 (line 59)
                      ; - org.mockito.internal.util.concurrent.DetachedThreadLocal::get@7 (line 45)
                      ; - org.mockito.internal.creation.bytebuddy.MockMethodAdvice::isMockedStatic@17 (line 179)
                      ; - java.security.AccessController::doPrivileged@16 (line 318)
  0x000001ce2a14d238: c450 87fd | baf4 ffff | ff48 8b6c 

  0x000001ce2a14d244: ;   {runtime_call UncommonTrapBlob}
  0x000001ce2a14d244: 2410 90e8 

  0x000001ce2a14d248: ; ImmutableOopMap {rbp=Oop [8]=Oop }
                      ;*checkcast {reexecute=0 rethrow=0 return_oop=0}
                      ; - org.mockito.internal.creation.bytebuddy.inject.MockMethodDispatcher::getStatic@26 (line 47)
                      ; - java.security.AccessController::executePrivileged@5 (line 771)
                      ; - java.security.AccessController::doPrivileged@77 (line 318)
  0x000001ce2a14d248: b450 87fd | baf6 ffff 

  0x000001ce2a14d250: ;   {runtime_call UncommonTrapBlob}
  0x000001ce2a14d250: ff66 90e8 

  0x000001ce2a14d254: ; ImmutableOopMap {}
                      ;*invokevirtual get {reexecute=0 rethrow=0 return_oop=0}
                      ; - org.mockito.internal.creation.bytebuddy.MockMethodAdvice::isMockedStatic@17 (line 179)
                      ; - java.security.AccessController::executePrivileged@16 (line 771)
                      ; - java.security.AccessController::doPrivileged@77 (line 318)
  0x000001ce2a14d254: a850 87fd | baf6 ffff | ff48 8be9 

  0x000001ce2a14d260: ;   {runtime_call UncommonTrapBlob}
  0x000001ce2a14d260: 6666 90e8 

  0x000001ce2a14d264: ; ImmutableOopMap {rbp=Oop }
                      ;*invokevirtual get {reexecute=0 rethrow=0 return_oop=0}
                      ; - org.mockito.internal.util.concurrent.DetachedThreadLocal::get@7 (line 45)
                      ; - org.mockito.internal.creation.bytebuddy.MockMethodAdvice::isMockedStatic@17 (line 179)
                      ; - java.security.AccessController::executePrivileged@16 (line 771)
                      ; - java.security.AccessController::doPrivileged@77 (line 318)
  0x000001ce2a14d264: 9850 87fd | baf6 ffff | ff49 8bea 

  0x000001ce2a14d270: ;   {runtime_call UncommonTrapBlob}
  0x000001ce2a14d270: 6666 90e8 

  0x000001ce2a14d274: ; ImmutableOopMap {rbp=Oop }
                      ;*invokeinterface get {reexecute=0 rethrow=0 return_oop=0}
                      ; - org.mockito.internal.util.concurrent.WeakConcurrentMap::get@24 (line 59)
                      ; - org.mockito.internal.util.concurrent.DetachedThreadLocal::get@7 (line 45)
                      ; - org.mockito.internal.creation.bytebuddy.MockMethodAdvice::isMockedStatic@17 (line 179)
                      ; - java.security.AccessController::executePrivileged@16 (line 771)
                      ; - java.security.AccessController::doPrivileged@77 (line 318)
  0x000001ce2a14d274: 8850 87fd | baf6 ffff 

  0x000001ce2a14d27c: ;   {runtime_call UncommonTrapBlob}
  0x000001ce2a14d27c: ff66 90e8 

  0x000001ce2a14d280: ; ImmutableOopMap {}
                      ;*arraylength {reexecute=0 rethrow=0 return_oop=0}
                      ; - java.lang.ThreadLocal$ThreadLocalMap::getEntry@8 (line 434)
                      ; - java.lang.ThreadLocal::get@16 (line 165)
                      ; - org.mockito.internal.creation.bytebuddy.MockMethodAdvice$SelfCallInfo::checkSelfCall@2 (line 368)
                      ; - org.mockito.internal.creation.bytebuddy.MockMethodAdvice::isMockedStatic@5 (line 176)
                      ; - java.security.AccessController::doPrivileged@16 (line 318)
  0x000001ce2a14d280: 7c50 87fd | baf6 ffff 

  0x000001ce2a14d288: ;   {runtime_call UncommonTrapBlob}
  0x000001ce2a14d288: ff66 90e8 

  0x000001ce2a14d28c: ; ImmutableOopMap {}
                      ;*arraylength {reexecute=0 rethrow=0 return_oop=0}
                      ; - java.lang.ThreadLocal$ThreadLocalMap::getEntry@8 (line 434)
                      ; - java.lang.ThreadLocal::get@16 (line 165)
                      ; - org.mockito.internal.creation.bytebuddy.MockMethodAdvice$SelfCallInfo::checkSelfCall@2 (line 368)
                      ; - org.mockito.internal.creation.bytebuddy.MockMethodAdvice::isMockedStatic@5 (line 176)
                      ; - java.security.AccessController::executePrivileged@16 (line 771)
                      ; - java.security.AccessController::doPrivileged@77 (line 318)
  0x000001ce2a14d28c: 7050 87fd | baf6 ffff 

  0x000001ce2a14d294: ;   {runtime_call UncommonTrapBlob}
  0x000001ce2a14d294: ff66 90e8 

  0x000001ce2a14d298: ; ImmutableOopMap {}
                      ;*arraylength {reexecute=0 rethrow=0 return_oop=0}
                      ; - java.util.WeakHashMap::getEntry@20 (line 434)
                      ; - java.util.WeakHashMap::containsKey@2 (line 423)
                      ; - org.mockito.internal.creation.bytebuddy.MockMethodAdvice::isMockedStatic@30 (line 180)
                      ; - java.security.AccessController::doPrivileged@16 (line 318)
  0x000001ce2a14d298: 6450 87fd | baf6 ffff 

  0x000001ce2a14d2a0: ;   {runtime_call UncommonTrapBlob}
  0x000001ce2a14d2a0: ff66 90e8 

  0x000001ce2a14d2a4: ; ImmutableOopMap {}
                      ;*arraylength {reexecute=0 rethrow=0 return_oop=0}
                      ; - java.util.WeakHashMap::getEntry@20 (line 434)
                      ; - java.util.WeakHashMap::containsKey@2 (line 423)
                      ; - org.mockito.internal.creation.bytebuddy.MockMethodAdvice::isMockedStatic@30 (line 180)
                      ; - java.security.AccessController::executePrivileged@16 (line 771)
                      ; - java.security.AccessController::doPrivileged@77 (line 318)
  0x000001ce2a14d2a4: 5850 87fd | 488b d0eb | 4948 8bd0 | eb44 eb3f | 488b d0eb | 3deb 38eb | 2deb 3448 | 8bd0 eb32 
  0x000001ce2a14d2c4: eb2d eb2b | eb20 488b | d0eb 2748 | 8bd0 eb22 | eb1d 488b | d0eb 1b48 | 8bd0 eb16 | 488b d0eb 
  0x000001ce2a14d2e4: 1148 8bd0 | eb0c 488b | d0eb 07eb | 02eb 0048 | 8bd0 4883 

  0x000001ce2a14d2f8: ;   {runtime_call _rethrow_Java}
  0x000001ce2a14d2f8: c450 5de9 | 00f7 acfd 

  0x000001ce2a14d300: ;   {internal_word}
  0x000001ce2a14d300: 49ba 21ca | 142a ce01 | 0000 4d89 | 9760 0300 

  0x000001ce2a14d310: ;   {runtime_call SafepointBlob}
  0x000001ce2a14d310: 00e9 ea60 | 87fd f4f4 | f4f4 f4f4 | f4f4 f4f4 
[Stub Code]
  0x000001ce2a14d320: ;   {no_reloc}
  0x000001ce2a14d320: 48bb 0000 | 0000 0000 

  0x000001ce2a14d328: ;   {runtime_call}
  0x000001ce2a14d328: 0000 e9fb 

  0x000001ce2a14d32c: ;   {static_stub}
  0x000001ce2a14d32c: ffff ff48 | bb00 0000 | 0000 0000 

  0x000001ce2a14d338: ;   {runtime_call}
  0x000001ce2a14d338: 00e9 fbff 

  0x000001ce2a14d33c: ;   {static_stub}
  0x000001ce2a14d33c: ffff 48bb | 0000 0000 | 0000 0000 

  0x000001ce2a14d348: ;   {runtime_call}
  0x000001ce2a14d348: e9fb ffff 

  0x000001ce2a14d34c: ;   {static_stub}
  0x000001ce2a14d34c: ff48 bb00 | 0000 0000 

  0x000001ce2a14d354: ;   {runtime_call}
  0x000001ce2a14d354: 0000 00e9 | fbff ffff 

  0x000001ce2a14d35c: ;   {static_stub}
  0x000001ce2a14d35c: 48bb 0000 | 0000 0000 

  0x000001ce2a14d364: ;   {runtime_call}
  0x000001ce2a14d364: 0000 e9fb 

  0x000001ce2a14d368: ;   {static_stub}
  0x000001ce2a14d368: ffff ff48 | bb00 0000 | 0000 0000 

  0x000001ce2a14d374: ;   {runtime_call}
  0x000001ce2a14d374: 00e9 fbff 

  0x000001ce2a14d378: ;   {static_stub}
  0x000001ce2a14d378: ffff 48bb | 0000 0000 | 0000 0000 

  0x000001ce2a14d384: ;   {runtime_call}
  0x000001ce2a14d384: e9fb ffff 

  0x000001ce2a14d388: ;   {static_stub}
  0x000001ce2a14d388: ff48 bb00 | 0000 0000 

  0x000001ce2a14d390: ;   {runtime_call}
  0x000001ce2a14d390: 0000 00e9 | fbff ffff 

  0x000001ce2a14d398: ;   {static_stub}
  0x000001ce2a14d398: 48bb 0000 | 0000 0000 

  0x000001ce2a14d3a0: ;   {runtime_call}
  0x000001ce2a14d3a0: 0000 e9fb 

  0x000001ce2a14d3a4: ;   {static_stub}
  0x000001ce2a14d3a4: ffff ff48 | bb00 0000 | 0000 0000 

  0x000001ce2a14d3b0: ;   {runtime_call}
  0x000001ce2a14d3b0: 00e9 fbff 

  0x000001ce2a14d3b4: ;   {static_stub}
  0x000001ce2a14d3b4: ffff 48bb | 0000 0000 | 0000 0000 

  0x000001ce2a14d3c0: ;   {runtime_call}
  0x000001ce2a14d3c0: e9fb ffff 

  0x000001ce2a14d3c4: ;   {static_stub}
  0x000001ce2a14d3c4: ff48 bb00 | 0000 0000 

  0x000001ce2a14d3cc: ;   {runtime_call}
  0x000001ce2a14d3cc: 0000 00e9 | fbff ffff 

  0x000001ce2a14d3d4: ;   {static_stub}
  0x000001ce2a14d3d4: 48bb 0000 | 0000 0000 

  0x000001ce2a14d3dc: ;   {runtime_call}
  0x000001ce2a14d3dc: 0000 e9fb 

  0x000001ce2a14d3e0: ;   {static_stub}
  0x000001ce2a14d3e0: ffff ff48 | bb00 0000 | 0000 0000 

  0x000001ce2a14d3ec: ;   {runtime_call}
  0x000001ce2a14d3ec: 00e9 fbff 

  0x000001ce2a14d3f0: ;   {static_stub}
  0x000001ce2a14d3f0: ffff 48bb | 0000 0000 | 0000 0000 

  0x000001ce2a14d3fc: ;   {runtime_call}
  0x000001ce2a14d3fc: e9fb ffff 

  0x000001ce2a14d400: ;   {static_stub}
  0x000001ce2a14d400: ff48 bb00 | 0000 0000 

  0x000001ce2a14d408: ;   {runtime_call}
  0x000001ce2a14d408: 0000 00e9 | fbff ffff 

  0x000001ce2a14d410: ;   {static_stub}
  0x000001ce2a14d410: 48bb 0000 | 0000 0000 

  0x000001ce2a14d418: ;   {runtime_call}
  0x000001ce2a14d418: 0000 e9fb 

  0x000001ce2a14d41c: ;   {runtime_call ExceptionBlob}
  0x000001ce2a14d41c: ffff ffe9 | dcbe 88fd 
[Deopt Handler Code]
  0x000001ce2a14d424: e800 0000 | 0048 832c 

  0x000001ce2a14d42c: ;   {runtime_call DeoptimizationBlob}
  0x000001ce2a14d42c: 2405 e96d | 5287 fdf4 | f4f4 f4f4 
[/MachCode]


---------------  P R O C E S S  ---------------

Threads class SMR info:
_java_thread_list=0x000001ce7f1b4050, length=53, elements={
0x000001ce18c7f350, 0x000001ce3c4b36f0, 0x000001ce3c4b4480, 0x000001ce3c8fd0a0,
0x000001ce3c8fd970, 0x000001ce3c8fe240, 0x000001ce3c8feb10, 0x000001ce3c8ff710,
0x000001ce3c901030, 0x000001ce3c906100, 0x000001ce3c499610, 0x000001ce3cb56a70,
0x000001ce7e6b7250, 0x000001ce7ef85d50, 0x000001ce7edf10c0, 0x000001ce7ede5030,
0x000001ce7edb9670, 0x000001ce7edb9b80, 0x000001ce7edbaab0, 0x000001ce7edba090,
0x000001ce0568fb20, 0x000001ce0568ebf0, 0x000001ce05690030, 0x000001ce0568e1d0,
0x000001ce0568f100, 0x000001ce0568b440, 0x000001ce0568d2a0, 0x000001ce0568b950,
0x000001ce0568cd90, 0x000001ce0568be60, 0x000001ce0568d7b0, 0x000001ce05690540,
0x000001ce05690a50, 0x000001ce0568a000, 0x000001ce05691980, 0x000001ce0568a510,
0x000001ce0568aa20, 0x000001ce0568af30, 0x000001ce7edb9160, 0x000001ce08123070,
0x000001ce08122140, 0x000001ce0811d550, 0x000001ce0811e990, 0x000001ce08123580,
0x000001ce0811d040, 0x000001ce08123a90, 0x000001ce08123fa0, 0x000001ce08121720,
0x000001ce0811e480, 0x000001ce081244b0, 0x000001ce08122650, 0x000001ce0c8ad8f0,
0x000001ce06042880
}

Java Threads: ( => current thread )
  0x000001ce18c7f350 JavaThread "main" [_thread_blocked, id=14276, stack(0x000000b6daf00000,0x000000b6db000000)]
  0x000001ce3c4b36f0 JavaThread "Reference Handler" daemon [_thread_blocked, id=29564, stack(0x000000b6db600000,0x000000b6db700000)]
  0x000001ce3c4b4480 JavaThread "Finalizer" daemon [_thread_blocked, id=28652, stack(0x000000b6db700000,0x000000b6db800000)]
  0x000001ce3c8fd0a0 JavaThread "Signal Dispatcher" daemon [_thread_blocked, id=18536, stack(0x000000b6db800000,0x000000b6db900000)]
  0x000001ce3c8fd970 JavaThread "Attach Listener" daemon [_thread_blocked, id=26496, stack(0x000000b6db900000,0x000000b6dba00000)]
  0x000001ce3c8fe240 JavaThread "Service Thread" daemon [_thread_blocked, id=7144, stack(0x000000b6dba00000,0x000000b6dbb00000)]
  0x000001ce3c8feb10 JavaThread "Monitor Deflation Thread" daemon [_thread_blocked, id=21944, stack(0x000000b6dbb00000,0x000000b6dbc00000)]
  0x000001ce3c8ff710 JavaThread "C2 CompilerThread0" daemon [_thread_blocked, id=25844, stack(0x000000b6dbc00000,0x000000b6dbd00000)]
  0x000001ce3c901030 JavaThread "C1 CompilerThread0" daemon [_thread_blocked, id=15908, stack(0x000000b6dbd00000,0x000000b6dbe00000)]
  0x000001ce3c906100 JavaThread "Sweeper thread" daemon [_thread_blocked, id=10316, stack(0x000000b6dbe00000,0x000000b6dbf00000)]
  0x000001ce3c499610 JavaThread "Common-Cleaner" daemon [_thread_blocked, id=8664, stack(0x000000b6dc200000,0x000000b6dc300000)]
  0x000001ce3cb56a70 JavaThread "Notification Thread" daemon [_thread_blocked, id=4980, stack(0x000000b6dc400000,0x000000b6dc500000)]
  0x000001ce7e6b7250 JavaThread "Service log dispatcher" [_thread_blocked, id=6172, stack(0x000000b6dd800000,0x000000b6dd900000)]
  0x000001ce7ef85d50 JavaThread "grpc-nio-worker-ELG-1-1" daemon [_thread_in_native, id=12332, stack(0x000000b6dc800000,0x000000b6dc900000)]
  0x000001ce7edf10c0 JavaThread "grpc-nio-worker-ELG-1-2" daemon [_thread_in_native, id=28588, stack(0x000000b6ddf00000,0x000000b6de000000)]
  0x000001ce7ede5030 JavaThread "grpc-default-executor-0" daemon [_thread_blocked, id=31084, stack(0x000000b6de100000,0x000000b6de200000)]
  0x000001ce7edb9670 JavaThread "grpc-nio-boss-ELG-3-1" daemon [_thread_in_native, id=20992, stack(0x000000b6de600000,0x000000b6de700000)]
  0x000001ce7edb9b80 JavaThread "Thread-1" [_thread_blocked, id=25740, stack(0x000000b6de700000,0x000000b6de800000)]
  0x000001ce7edbaab0 JavaThread "grpc-nio-worker-ELG-1-3" daemon [_thread_in_native, id=31924, stack(0x000000b6de800000,0x000000b6de900000)]
  0x000001ce7edba090 JavaThread "grpc-default-executor-1" daemon [_thread_blocked, id=34784, stack(0x000000b6ded00000,0x000000b6dee00000)]
  0x000001ce0568fb20 JavaThread "ClassGraph-worker-0" daemon [_thread_blocked, id=34020, stack(0x000000b6def00000,0x000000b6df000000)]
  0x000001ce0568ebf0 JavaThread "ClassGraph-worker-1" daemon [_thread_blocked, id=31560, stack(0x000000b6df000000,0x000000b6df100000)]
  0x000001ce05690030 JavaThread "ClassGraph-worker-2" daemon [_thread_blocked, id=25760, stack(0x000000b6df100000,0x000000b6df200000)]
  0x000001ce0568e1d0 JavaThread "ClassGraph-worker-3" daemon [_thread_blocked, id=10232, stack(0x000000b6df200000,0x000000b6df300000)]
  0x000001ce0568f100 JavaThread "ClassGraph-worker-4" daemon [_thread_blocked, id=16768, stack(0x000000b6df300000,0x000000b6df400000)]
  0x000001ce0568b440 JavaThread "ClassGraph-worker-5" daemon [_thread_blocked, id=21328, stack(0x000000b6df400000,0x000000b6df500000)]
  0x000001ce0568d2a0 JavaThread "ClassGraph-worker-6" daemon [_thread_blocked, id=32656, stack(0x000000b6df500000,0x000000b6df600000)]
  0x000001ce0568b950 JavaThread "ClassGraph-worker-7" daemon [_thread_blocked, id=33448, stack(0x000000b6df600000,0x000000b6df700000)]
  0x000001ce0568cd90 JavaThread "ClassGraph-worker-8" daemon [_thread_blocked, id=26856, stack(0x000000b6df700000,0x000000b6df800000)]
  0x000001ce0568be60 JavaThread "ClassGraph-worker-9" daemon [_thread_blocked, id=32928, stack(0x000000b6df800000,0x000000b6df900000)]
  0x000001ce0568d7b0 JavaThread "ClassGraph-worker-10" daemon [_thread_blocked, id=2168, stack(0x000000b6df900000,0x000000b6dfa00000)]
  0x000001ce05690540 JavaThread "ClassGraph-worker-11" daemon [_thread_blocked, id=26672, stack(0x000000b6dfa00000,0x000000b6dfb00000)]
  0x000001ce05690a50 JavaThread "ClassGraph-worker-12" daemon [_thread_blocked, id=10968, stack(0x000000b6dfb00000,0x000000b6dfc00000)]
  0x000001ce0568a000 JavaThread "ClassGraph-worker-13" daemon [_thread_blocked, id=22596, stack(0x000000b6dfc00000,0x000000b6dfd00000)]
  0x000001ce05691980 JavaThread "ClassGraph-worker-14" daemon [_thread_blocked, id=12116, stack(0x000000b6dfd00000,0x000000b6dfe00000)]
  0x000001ce0568a510 JavaThread "ClassGraph-worker-15" daemon [_thread_blocked, id=27128, stack(0x000000b6dfe00000,0x000000b6dff00000)]
  0x000001ce0568aa20 JavaThread "ClassGraph-worker-16" daemon [_thread_blocked, id=26628, stack(0x000000b6dff00000,0x000000b6e0000000)]
  0x000001ce0568af30 JavaThread "ClassGraph-worker-17" daemon [_thread_blocked, id=21576, stack(0x000000b6e0000000,0x000000b6e0100000)]
  0x000001ce7edb9160 JavaThread "ClassGraph-worker-18" daemon [_thread_blocked, id=18576, stack(0x000000b6e0100000,0x000000b6e0200000)]
  0x000001ce08123070 JavaThread "ClassGraph-worker-19" daemon [_thread_blocked, id=1468, stack(0x000000b6e0200000,0x000000b6e0300000)]
  0x000001ce08122140 JavaThread "ClassGraph-worker-20" daemon [_thread_blocked, id=15864, stack(0x000000b6e0300000,0x000000b6e0400000)]
  0x000001ce0811d550 JavaThread "ClassGraph-worker-21" daemon [_thread_blocked, id=29548, stack(0x000000b6e0400000,0x000000b6e0500000)]
  0x000001ce0811e990 JavaThread "ClassGraph-worker-22" daemon [_thread_blocked, id=34456, stack(0x000000b6e0500000,0x000000b6e0600000)]
  0x000001ce08123580 JavaThread "ClassGraph-worker-23" daemon [_thread_blocked, id=22616, stack(0x000000b6e0600000,0x000000b6e0700000)]
  0x000001ce0811d040 JavaThread "ClassGraph-worker-24" daemon [_thread_blocked, id=20572, stack(0x000000b6e0700000,0x000000b6e0800000)]
  0x000001ce08123a90 JavaThread "ClassGraph-worker-25" daemon [_thread_blocked, id=16328, stack(0x000000b6e0800000,0x000000b6e0900000)]
  0x000001ce08123fa0 JavaThread "ClassGraph-worker-26" daemon [_thread_blocked, id=2152, stack(0x000000b6e0900000,0x000000b6e0a00000)]
  0x000001ce08121720 JavaThread "ClassGraph-worker-27" daemon [_thread_blocked, id=12476, stack(0x000000b6e0a00000,0x000000b6e0b00000)]
  0x000001ce0811e480 JavaThread "ClassGraph-worker-28" daemon [_thread_blocked, id=11032, stack(0x000000b6e0b00000,0x000000b6e0c00000)]
  0x000001ce081244b0 JavaThread "Cleaner-0" daemon [_thread_blocked, id=22860, stack(0x000000b6e1100000,0x000000b6e1200000)]
  0x000001ce08122650 JavaThread "grpc-default-executor-2" daemon [_thread_blocked, id=2108, stack(0x000000b6de400000,0x000000b6de500000)]
  0x000001ce0c8ad8f0 JavaThread "C2 CompilerThread1" daemon [_thread_blocked, id=30372, stack(0x000000b6dac00000,0x000000b6dad00000)]
=>0x000001ce06042880 JavaThread "TimedExecutor-36969" daemon [_thread_in_vm, id=30912, stack(0x000000b6dae00000,0x000000b6daf00000)]

Other Threads:
  0x000001ce3c4ad420 VMThread "VM Thread" [stack: 0x000000b6db500000,0x000000b6db600000] [id=5496]
  0x000001ce3cae7b30 WatcherThread [stack: 0x000000b6dc500000,0x000000b6dc600000] [id=29132]
  0x000001ce18cea9b0 GCTaskThread "GC Thread#0" [stack: 0x000000b6db000000,0x000000b6db100000] [id=17720]
  0x000001ce7e0f3fe0 GCTaskThread "GC Thread#1" [stack: 0x000000b6dca00000,0x000000b6dcb00000] [id=15752]
  0x000001ce7e066e40 GCTaskThread "GC Thread#2" [stack: 0x000000b6dcb00000,0x000000b6dcc00000] [id=4360]
  0x000001ce3ccb98e0 GCTaskThread "GC Thread#3" [stack: 0x000000b6dcc00000,0x000000b6dcd00000] [id=2744]
  0x000001ce7e286c80 GCTaskThread "GC Thread#4" [stack: 0x000000b6dcd00000,0x000000b6dce00000] [id=18644]
  0x000001ce7e39ace0 GCTaskThread "GC Thread#5" [stack: 0x000000b6dce00000,0x000000b6dcf00000] [id=34652]
  0x000001ce7efddc20 GCTaskThread "GC Thread#6" [stack: 0x000000b6dc900000,0x000000b6dca00000] [id=9048]
  0x000001ce7f01c7f0 GCTaskThread "GC Thread#7" [stack: 0x000000b6dd900000,0x000000b6dda00000] [id=22460]
  0x000001ce7ece78d0 GCTaskThread "GC Thread#8" [stack: 0x000000b6dda00000,0x000000b6ddb00000] [id=26348]
  0x000001ce7ed08cb0 GCTaskThread "GC Thread#9" [stack: 0x000000b6ddb00000,0x000000b6ddc00000] [id=20204]
  0x000001ce7ecedb30 GCTaskThread "GC Thread#10" [stack: 0x000000b6ddc00000,0x000000b6ddd00000] [id=23228]
  0x000001ce7f048870 GCTaskThread "GC Thread#11" [stack: 0x000000b6ddd00000,0x000000b6dde00000] [id=30536]
  0x000001ce7ef7d7c0 GCTaskThread "GC Thread#12" [stack: 0x000000b6dde00000,0x000000b6ddf00000] [id=21160]
  0x000001ce7ef7f080 GCTaskThread "GC Thread#13" [stack: 0x000000b6dc300000,0x000000b6dc400000] [id=20300]
  0x000001ce7ef7e000 GCTaskThread "GC Thread#14" [stack: 0x000000b6de900000,0x000000b6dea00000] [id=25836]
  0x000001ce18cfb320 ConcurrentGCThread "G1 Main Marker" [stack: 0x000000b6db100000,0x000000b6db200000] [id=20292]
  0x000001ce18cfbc40 ConcurrentGCThread "G1 Conc#0" [stack: 0x000000b6db200000,0x000000b6db300000] [id=33408]
  0x000001ce7ef7e2c0 ConcurrentGCThread "G1 Conc#1" [stack: 0x000000b6dea00000,0x000000b6deb00000] [id=28608]
  0x000001ce7ef7e580 ConcurrentGCThread "G1 Conc#2" [stack: 0x000000b6deb00000,0x000000b6dec00000] [id=31188]
  0x000001ce7ef7e840 ConcurrentGCThread "G1 Conc#3" [stack: 0x000000b6dec00000,0x000000b6ded00000] [id=29140]
  0x000001ce3c3645d0 ConcurrentGCThread "G1 Refine#0" [stack: 0x000000b6db300000,0x000000b6db400000] [id=28552]
  0x000001ce7e514980 ConcurrentGCThread "G1 Refine#1" [stack: 0x000000b6dcf00000,0x000000b6dd000000] [id=22868]
  0x000001ce7e0ce7c0 ConcurrentGCThread "G1 Refine#2" [stack: 0x000000b6dd000000,0x000000b6dd100000] [id=33840]
  0x000001ce7e6f6f40 ConcurrentGCThread "G1 Refine#3" [stack: 0x000000b6dd100000,0x000000b6dd200000] [id=980]
  0x000001ce7e60a470 ConcurrentGCThread "G1 Refine#4" [stack: 0x000000b6dd200000,0x000000b6dd300000] [id=4160]
  0x000001ce7e92bbf0 ConcurrentGCThread "G1 Refine#5" [stack: 0x000000b6dd300000,0x000000b6dd400000] [id=28596]
  0x000001ce7e92c2f0 ConcurrentGCThread "G1 Refine#6" [stack: 0x000000b6dd400000,0x000000b6dd500000] [id=15564]
  0x000001ce7eba0330 ConcurrentGCThread "G1 Refine#7" [stack: 0x000000b6dd500000,0x000000b6dd600000] [id=23988]
  0x000001ce7eeac4a0 ConcurrentGCThread "G1 Refine#8" [stack: 0x000000b6dd600000,0x000000b6dd700000] [id=2876]
  0x000001ce7e583a60 ConcurrentGCThread "G1 Refine#9" [stack: 0x000000b6dd700000,0x000000b6dd800000] [id=27756]
  0x000001ce7f00ae20 ConcurrentGCThread "G1 Refine#10" [stack: 0x000000b6dc600000,0x000000b6dc700000] [id=33316]
  0x000001ce0a649be0 ConcurrentGCThread "G1 Refine#11" [stack: 0x000000b6e0c00000,0x000000b6e0d00000] [id=25184]
  0x000001ce0a649310 ConcurrentGCThread "G1 Refine#12" [stack: 0x000000b6e1000000,0x000000b6e1100000] [id=15536]
  0x000001ce0a64b360 ConcurrentGCThread "G1 Refine#13" [stack: 0x000000b6e1200000,0x000000b6e1300000] [id=33508]
  0x000001ce0a649020 ConcurrentGCThread "G1 Refine#14" [stack: 0x000000b6e1300000,0x000000b6e1400000] [id=21412]
  0x000001ce3c364f10 ConcurrentGCThread "G1 Service" [stack: 0x000000b6db400000,0x000000b6db500000] [id=21644]

Threads with active compile tasks:

VM state: not at safepoint (normal execution)

VM Mutex/Monitor currently owned by a thread: None

Heap address: 0x0000000704e00000, size: 4018 MB, Compressed Oops mode: Zero based, Oop shift amount: 3

CDS archive(s) mapped at: [0x000001ce3d000000-0x000001ce3dbd0000-0x000001ce3dbd0000), size 12386304, SharedBaseAddress: 0x000001ce3d000000, ArchiveRelocationMode: 1.
Compressed class space mapped at: 0x000001ce3e000000-0x000001ce7e000000, reserved size: 1073741824
Narrow klass base: 0x000001ce3d000000, Narrow klass shift: 0, Narrow klass range: 0x100000000

GC Precious Log:
 CPUs: 20 total, 20 available
 Memory: 16068M
 Large Page Support: Disabled
 NUMA Support: Disabled
 Compressed Oops: Enabled (Zero based)
 Heap Region Size: 2M
 Heap Min Capacity: 8M
 Heap Initial Capacity: 252M
 Heap Max Capacity: 4018M
 Pre-touch: Disabled
 Parallel Workers: 15
 Concurrent Workers: 4
 Concurrent Refinement Workers: 15
 Periodic GC: Disabled

Heap:
 garbage-first heap   total 2609152K, used 1671805K [0x0000000704e00000, 0x0000000800000000)
  region size 2048K, 494 young (1011712K), 11 survivors (22528K)
 Metaspace       used 111119K, committed 112640K, reserved 1179648K
  class space    used 12018K, committed 12800K, reserved 1048576K

Heap Regions: E=young(eden), S=young(survivor), O=old, HS=humongous(starts), HC=humongous(continues), CS=collection set, F=free, OA=open archive, CA=closed archive, TAMS=top-at-mark-start (previous, next)
|   0|0x0000000704e00000, 0x0000000705000000, 0x0000000705000000|100%|HS|  |TAMS 0x0000000705000000, 0x0000000704e00000| Complete 
|   1|0x0000000705000000, 0x0000000705200000, 0x0000000705200000|100%|HC|  |TAMS 0x0000000705200000, 0x0000000705000000| Complete 
|   2|0x0000000705200000, 0x0000000705400000, 0x0000000705400000|100%|HC|  |TAMS 0x0000000705400000, 0x0000000705200000| Complete 
|   3|0x0000000705400000, 0x0000000705600000, 0x0000000705600000|100%| O|  |TAMS 0x0000000705600000, 0x0000000705400000| Untracked 
|   4|0x0000000705600000, 0x0000000705600000, 0x0000000705800000|  0%| F|  |TAMS 0x0000000705600000, 0x0000000705600000| Untracked 
|   5|0x0000000705800000, 0x0000000705a00000, 0x0000000705a00000|100%| O|  |TAMS 0x0000000705a00000, 0x0000000705800000| Untracked 
|   6|0x0000000705a00000, 0x0000000705c00000, 0x0000000705c00000|100%| O|  |TAMS 0x0000000705c00000, 0x0000000705a00000| Untracked 
|   7|0x0000000705c00000, 0x0000000705e00000, 0x0000000705e00000|100%| O|  |TAMS 0x0000000705e00000, 0x0000000705c00000| Untracked 
|   8|0x0000000705e00000, 0x0000000706000000, 0x0000000706000000|100%| O|  |TAMS 0x0000000706000000, 0x0000000705e00000| Untracked 
|   9|0x0000000706000000, 0x0000000706200000, 0x0000000706200000|100%| O|  |TAMS 0x0000000706200000, 0x0000000706000000| Untracked 
|  10|0x0000000706200000, 0x0000000706400000, 0x0000000706400000|100%| O|  |TAMS 0x0000000706400000, 0x0000000706200000| Untracked 
|  11|0x0000000706400000, 0x0000000706600000, 0x0000000706600000|100%|HS|  |TAMS 0x0000000706600000, 0x0000000706400000| Complete 
|  12|0x0000000706600000, 0x0000000706800000, 0x0000000706800000|100%| O|  |TAMS 0x0000000706800000, 0x0000000706600000| Untracked 
|  13|0x0000000706800000, 0x0000000706a00000, 0x0000000706a00000|100%| O|  |TAMS 0x0000000706a00000, 0x0000000706800000| Untracked 
|  14|0x0000000706a00000, 0x0000000706c00000, 0x0000000706c00000|100%| O|  |TAMS 0x0000000706c00000, 0x0000000706a00000| Untracked 
|  15|0x0000000706c00000, 0x0000000706e00000, 0x0000000706e00000|100%| O|  |TAMS 0x0000000706e00000, 0x0000000706c00000| Untracked 
|  16|0x0000000706e00000, 0x0000000707000000, 0x0000000707000000|100%| O|  |TAMS 0x0000000707000000, 0x0000000706e00000| Untracked 
|  17|0x0000000707000000, 0x0000000707200000, 0x0000000707200000|100%| O|  |TAMS 0x0000000707200000, 0x0000000707000000| Untracked 
|  18|0x0000000707200000, 0x0000000707400000, 0x0000000707400000|100%| O|  |TAMS 0x0000000707400000, 0x0000000707200000| Untracked 
|  19|0x0000000707400000, 0x0000000707600000, 0x0000000707600000|100%| O|  |TAMS 0x0000000707600000, 0x0000000707400000| Untracked 
|  20|0x0000000707600000, 0x0000000707800000, 0x0000000707800000|100%| O|  |TAMS 0x0000000707800000, 0x0000000707600000| Untracked 
|  21|0x0000000707800000, 0x0000000707a00000, 0x0000000707a00000|100%| O|  |TAMS 0x0000000707a00000, 0x0000000707800000| Untracked 
|  22|0x0000000707a00000, 0x0000000707c00000, 0x0000000707c00000|100%| O|  |TAMS 0x0000000707c00000, 0x0000000707a00000| Untracked 
|  23|0x0000000707c00000, 0x0000000707e00000, 0x0000000707e00000|100%| O|  |TAMS 0x0000000707e00000, 0x0000000707c00000| Untracked 
|  24|0x0000000707e00000, 0x0000000708000000, 0x0000000708000000|100%| O|  |TAMS 0x0000000708000000, 0x0000000707e00000| Untracked 
|  25|0x0000000708000000, 0x0000000708200000, 0x0000000708200000|100%| O|  |TAMS 0x0000000708200000, 0x0000000708000000| Untracked 
|  26|0x0000000708200000, 0x0000000708400000, 0x0000000708400000|100%| O|  |TAMS 0x0000000708400000, 0x0000000708200000| Untracked 
|  27|0x0000000708400000, 0x0000000708600000, 0x0000000708600000|100%| O|  |TAMS 0x0000000708600000, 0x0000000708400000| Untracked 
|  28|0x0000000708600000, 0x0000000708800000, 0x0000000708800000|100%| O|  |TAMS 0x0000000708800000, 0x0000000708600000| Untracked 
|  29|0x0000000708800000, 0x0000000708a00000, 0x0000000708a00000|100%| O|  |TAMS 0x0000000708a00000, 0x0000000708800000| Untracked 
|  30|0x0000000708a00000, 0x0000000708c00000, 0x0000000708c00000|100%| O|  |TAMS 0x0000000708c00000, 0x0000000708a00000| Untracked 
|  31|0x0000000708c00000, 0x0000000708e00000, 0x0000000708e00000|100%| O|  |TAMS 0x0000000708e00000, 0x0000000708c00000| Untracked 
|  32|0x0000000708e00000, 0x0000000709000000, 0x0000000709000000|100%| O|  |TAMS 0x0000000709000000, 0x0000000708e00000| Untracked 
|  33|0x0000000709000000, 0x0000000709200000, 0x0000000709200000|100%| O|  |TAMS 0x0000000709200000, 0x0000000709000000| Untracked 
|  34|0x0000000709200000, 0x0000000709400000, 0x0000000709400000|100%| O|  |TAMS 0x0000000709400000, 0x0000000709200000| Untracked 
|  35|0x0000000709400000, 0x0000000709600000, 0x0000000709600000|100%| O|  |TAMS 0x0000000709600000, 0x0000000709400000| Untracked 
|  36|0x0000000709600000, 0x0000000709800000, 0x0000000709800000|100%| O|  |TAMS 0x0000000709800000, 0x0000000709600000| Untracked 
|  37|0x0000000709800000, 0x0000000709a00000, 0x0000000709a00000|100%| O|  |TAMS 0x0000000709a00000, 0x0000000709800000| Untracked 
|  38|0x0000000709a00000, 0x0000000709c00000, 0x0000000709c00000|100%| O|  |TAMS 0x0000000709c00000, 0x0000000709a00000| Untracked 
|  39|0x0000000709c00000, 0x0000000709e00000, 0x0000000709e00000|100%| O|  |TAMS 0x0000000709e00000, 0x0000000709c00000| Untracked 
|  40|0x0000000709e00000, 0x000000070a000000, 0x000000070a000000|100%| O|  |TAMS 0x000000070a000000, 0x0000000709e00000| Untracked 
|  41|0x000000070a000000, 0x000000070a200000, 0x000000070a200000|100%| O|  |TAMS 0x000000070a200000, 0x000000070a000000| Untracked 
|  42|0x000000070a200000, 0x000000070a400000, 0x000000070a400000|100%| O|  |TAMS 0x000000070a400000, 0x000000070a200000| Untracked 
|  43|0x000000070a400000, 0x000000070a600000, 0x000000070a600000|100%| O|  |TAMS 0x000000070a600000, 0x000000070a400000| Untracked 
|  44|0x000000070a600000, 0x000000070a800000, 0x000000070a800000|100%| O|  |TAMS 0x000000070a800000, 0x000000070a600000| Untracked 
|  45|0x000000070a800000, 0x000000070aa00000, 0x000000070aa00000|100%| O|  |TAMS 0x000000070aa00000, 0x000000070a800000| Untracked 
|  46|0x000000070aa00000, 0x000000070ac00000, 0x000000070ac00000|100%| O|  |TAMS 0x000000070ac00000, 0x000000070aa00000| Untracked 
|  47|0x000000070ac00000, 0x000000070ae00000, 0x000000070ae00000|100%| O|  |TAMS 0x000000070ae00000, 0x000000070ac00000| Untracked 
|  48|0x000000070ae00000, 0x000000070b000000, 0x000000070b000000|100%| O|  |TAMS 0x000000070b000000, 0x000000070ae00000| Untracked 
|  49|0x000000070b000000, 0x000000070b000000, 0x000000070b200000|  0%| F|  |TAMS 0x000000070b000000, 0x000000070b000000| Untracked 
|  50|0x000000070b200000, 0x000000070b400000, 0x000000070b400000|100%| O|  |TAMS 0x000000070b400000, 0x000000070b200000| Untracked 
|  51|0x000000070b400000, 0x000000070b600000, 0x000000070b600000|100%| O|  |TAMS 0x000000070b600000, 0x000000070b400000| Untracked 
|  52|0x000000070b600000, 0x000000070b800000, 0x000000070b800000|100%| O|  |TAMS 0x000000070b800000, 0x000000070b600000| Untracked 
|  53|0x000000070b800000, 0x000000070ba00000, 0x000000070ba00000|100%| O|  |TAMS 0x000000070ba00000, 0x000000070b800000| Untracked 
|  54|0x000000070ba00000, 0x000000070bc00000, 0x000000070bc00000|100%| O|  |TAMS 0x000000070bc00000, 0x000000070ba00000| Untracked 
|  55|0x000000070bc00000, 0x000000070be00000, 0x000000070be00000|100%| O|  |TAMS 0x000000070be00000, 0x000000070bc00000| Untracked 
|  56|0x000000070be00000, 0x000000070c000000, 0x000000070c000000|100%| O|  |TAMS 0x000000070c000000, 0x000000070be00000| Untracked 
|  57|0x000000070c000000, 0x000000070c200000, 0x000000070c200000|100%| O|  |TAMS 0x000000070c200000, 0x000000070c000000| Untracked 
|  58|0x000000070c200000, 0x000000070c400000, 0x000000070c400000|100%| O|  |TAMS 0x000000070c400000, 0x000000070c200000| Untracked 
|  59|0x000000070c400000, 0x000000070c600000, 0x000000070c600000|100%| O|  |TAMS 0x000000070c600000, 0x000000070c400000| Untracked 
|  60|0x000000070c600000, 0x000000070c800000, 0x000000070c800000|100%| O|  |TAMS 0x000000070c800000, 0x000000070c600000| Untracked 
|  61|0x000000070c800000, 0x000000070ca00000, 0x000000070ca00000|100%| O|  |TAMS 0x000000070ca00000, 0x000000070c800000| Untracked 
|  62|0x000000070ca00000, 0x000000070cc00000, 0x000000070cc00000|100%| O|  |TAMS 0x000000070cc00000, 0x000000070ca00000| Untracked 
|  63|0x000000070cc00000, 0x000000070ce00000, 0x000000070ce00000|100%| O|  |TAMS 0x000000070ce00000, 0x000000070cc00000| Untracked 
|  64|0x000000070ce00000, 0x000000070d000000, 0x000000070d000000|100%| O|  |TAMS 0x000000070d000000, 0x000000070ce00000| Untracked 
|  65|0x000000070d000000, 0x000000070d200000, 0x000000070d200000|100%| O|  |TAMS 0x000000070d200000, 0x000000070d000000| Untracked 
|  66|0x000000070d200000, 0x000000070d400000, 0x000000070d400000|100%| O|  |TAMS 0x000000070d400000, 0x000000070d200000| Untracked 
|  67|0x000000070d400000, 0x000000070d600000, 0x000000070d600000|100%| O|  |TAMS 0x000000070d600000, 0x000000070d400000| Untracked 
|  68|0x000000070d600000, 0x000000070d800000, 0x000000070d800000|100%| O|  |TAMS 0x000000070d800000, 0x000000070d600000| Untracked 
|  69|0x000000070d800000, 0x000000070da00000, 0x000000070da00000|100%| O|  |TAMS 0x000000070da00000, 0x000000070d800000| Untracked 
|  70|0x000000070da00000, 0x000000070dc00000, 0x000000070dc00000|100%| O|  |TAMS 0x000000070dc00000, 0x000000070da00000| Untracked 
|  71|0x000000070dc00000, 0x000000070de00000, 0x000000070de00000|100%| O|  |TAMS 0x000000070de00000, 0x000000070dc00000| Untracked 
|  72|0x000000070de00000, 0x000000070e000000, 0x000000070e000000|100%| O|  |TAMS 0x000000070e000000, 0x000000070de00000| Untracked 
|  73|0x000000070e000000, 0x000000070e200000, 0x000000070e200000|100%| O|  |TAMS 0x000000070e200000, 0x000000070e000000| Untracked 
|  74|0x000000070e200000, 0x000000070e400000, 0x000000070e400000|100%| O|  |TAMS 0x000000070e400000, 0x000000070e200000| Untracked 
|  75|0x000000070e400000, 0x000000070e600000, 0x000000070e600000|100%| O|  |TAMS 0x000000070e600000, 0x000000070e400000| Untracked 
|  76|0x000000070e600000, 0x000000070e800000, 0x000000070e800000|100%| O|  |TAMS 0x000000070e800000, 0x000000070e600000| Untracked 
|  77|0x000000070e800000, 0x000000070ea00000, 0x000000070ea00000|100%| O|  |TAMS 0x000000070ea00000, 0x000000070e800000| Untracked 
|  78|0x000000070ea00000, 0x000000070ec00000, 0x000000070ec00000|100%| O|  |TAMS 0x000000070ec00000, 0x000000070ea00000| Untracked 
|  79|0x000000070ec00000, 0x000000070ee00000, 0x000000070ee00000|100%| O|  |TAMS 0x000000070ee00000, 0x000000070ec00000| Untracked 
|  80|0x000000070ee00000, 0x000000070f000000, 0x000000070f000000|100%| O|  |TAMS 0x000000070f000000, 0x000000070ee00000| Untracked 
|  81|0x000000070f000000, 0x000000070f200000, 0x000000070f200000|100%| O|  |TAMS 0x000000070f200000, 0x000000070f000000| Untracked 
|  82|0x000000070f200000, 0x000000070f400000, 0x000000070f400000|100%| O|  |TAMS 0x000000070f400000, 0x000000070f200000| Untracked 
|  83|0x000000070f400000, 0x000000070f600000, 0x000000070f600000|100%| O|  |TAMS 0x000000070f600000, 0x000000070f400000| Untracked 
|  84|0x000000070f600000, 0x000000070f800000, 0x000000070f800000|100%| O|  |TAMS 0x000000070f600000, 0x000000070f600000| Untracked 
|  85|0x000000070f800000, 0x000000070fa00000, 0x000000070fa00000|100%| O|  |TAMS 0x000000070fa00000, 0x000000070f800000| Untracked 
|  86|0x000000070fa00000, 0x000000070fc00000, 0x000000070fc00000|100%| O|  |TAMS 0x000000070fa00000, 0x000000070fa00000| Untracked 
|  87|0x000000070fc00000, 0x000000070fe00000, 0x000000070fe00000|100%| O|  |TAMS 0x000000070fe00000, 0x000000070fc00000| Untracked 
|  88|0x000000070fe00000, 0x0000000710000000, 0x0000000710000000|100%| O|  |TAMS 0x0000000710000000, 0x000000070fe00000| Untracked 
|  89|0x0000000710000000, 0x0000000710200000, 0x0000000710200000|100%| O|  |TAMS 0x0000000710200000, 0x0000000710000000| Untracked 
|  90|0x0000000710200000, 0x0000000710400000, 0x0000000710400000|100%| O|  |TAMS 0x0000000710400000, 0x0000000710200000| Untracked 
|  91|0x0000000710400000, 0x0000000710600000, 0x0000000710600000|100%| O|  |TAMS 0x0000000710600000, 0x0000000710400000| Untracked 
|  92|0x0000000710600000, 0x0000000710800000, 0x0000000710800000|100%| O|  |TAMS 0x0000000710800000, 0x0000000710600000| Untracked 
|  93|0x0000000710800000, 0x0000000710a00000, 0x0000000710a00000|100%| O|  |TAMS 0x0000000710a00000, 0x0000000710800000| Untracked 
|  94|0x0000000710a00000, 0x0000000710c00000, 0x0000000710c00000|100%| O|  |TAMS 0x0000000710c00000, 0x0000000710a00000| Untracked 
|  95|0x0000000710c00000, 0x0000000710e00000, 0x0000000710e00000|100%| O|  |TAMS 0x0000000710e00000, 0x0000000710c00000| Untracked 
|  96|0x0000000710e00000, 0x0000000711000000, 0x0000000711000000|100%| O|  |TAMS 0x0000000711000000, 0x0000000710e00000| Untracked 
|  97|0x0000000711000000, 0x0000000711200000, 0x0000000711200000|100%| O|  |TAMS 0x0000000711200000, 0x0000000711000000| Untracked 
|  98|0x0000000711200000, 0x0000000711400000, 0x0000000711400000|100%| O|  |TAMS 0x0000000711400000, 0x0000000711200000| Untracked 
|  99|0x0000000711400000, 0x0000000711600000, 0x0000000711600000|100%| O|  |TAMS 0x0000000711600000, 0x0000000711400000| Untracked 
| 100|0x0000000711600000, 0x0000000711800000, 0x0000000711800000|100%| O|  |TAMS 0x0000000711800000, 0x0000000711600000| Untracked 
| 101|0x0000000711800000, 0x0000000711a00000, 0x0000000711a00000|100%| O|  |TAMS 0x0000000711a00000, 0x0000000711800000| Untracked 
| 102|0x0000000711a00000, 0x0000000711c00000, 0x0000000711c00000|100%| O|  |TAMS 0x0000000711c00000, 0x0000000711a00000| Untracked 
| 103|0x0000000711c00000, 0x0000000711e00000, 0x0000000711e00000|100%| O|  |TAMS 0x0000000711e00000, 0x0000000711c00000| Untracked 
| 104|0x0000000711e00000, 0x0000000712000000, 0x0000000712000000|100%| O|  |TAMS 0x0000000712000000, 0x0000000711e00000| Untracked 
| 105|0x0000000712000000, 0x0000000712200000, 0x0000000712200000|100%| O|  |TAMS 0x0000000712200000, 0x0000000712000000| Untracked 
| 106|0x0000000712200000, 0x0000000712400000, 0x0000000712400000|100%| O|  |TAMS 0x0000000712400000, 0x0000000712200000| Untracked 
| 107|0x0000000712400000, 0x0000000712600000, 0x0000000712600000|100%| O|  |TAMS 0x0000000712600000, 0x0000000712400000| Untracked 
| 108|0x0000000712600000, 0x0000000712800000, 0x0000000712800000|100%| O|  |TAMS 0x0000000712800000, 0x0000000712600000| Untracked 
| 109|0x0000000712800000, 0x0000000712a00000, 0x0000000712a00000|100%| O|  |TAMS 0x0000000712a00000, 0x0000000712800000| Untracked 
| 110|0x0000000712a00000, 0x0000000712c00000, 0x0000000712c00000|100%| O|  |TAMS 0x0000000712c00000, 0x0000000712a00000| Untracked 
| 111|0x0000000712c00000, 0x0000000712e00000, 0x0000000712e00000|100%| O|  |TAMS 0x0000000712e00000, 0x0000000712c00000| Untracked 
| 112|0x0000000712e00000, 0x0000000713000000, 0x0000000713000000|100%| O|  |TAMS 0x0000000713000000, 0x0000000712e00000| Untracked 
| 113|0x0000000713000000, 0x0000000713200000, 0x0000000713200000|100%| O|  |TAMS 0x0000000713200000, 0x0000000713000000| Untracked 
| 114|0x0000000713200000, 0x0000000713400000, 0x0000000713400000|100%| O|  |TAMS 0x0000000713400000, 0x0000000713200000| Untracked 
| 115|0x0000000713400000, 0x0000000713600000, 0x0000000713600000|100%| O|  |TAMS 0x0000000713600000, 0x0000000713400000| Untracked 
| 116|0x0000000713600000, 0x0000000713800000, 0x0000000713800000|100%| O|  |TAMS 0x0000000713800000, 0x0000000713600000| Untracked 
| 117|0x0000000713800000, 0x0000000713a00000, 0x0000000713a00000|100%| O|  |TAMS 0x0000000713a00000, 0x0000000713800000| Untracked 
| 118|0x0000000713a00000, 0x0000000713c00000, 0x0000000713c00000|100%| O|  |TAMS 0x0000000713c00000, 0x0000000713a00000| Untracked 
| 119|0x0000000713c00000, 0x0000000713e00000, 0x0000000713e00000|100%| O|  |TAMS 0x0000000713e00000, 0x0000000713c00000| Untracked 
| 120|0x0000000713e00000, 0x0000000714000000, 0x0000000714000000|100%| O|  |TAMS 0x0000000714000000, 0x0000000713e00000| Untracked 
| 121|0x0000000714000000, 0x0000000714200000, 0x0000000714200000|100%| O|  |TAMS 0x0000000714200000, 0x0000000714000000| Untracked 
| 122|0x0000000714200000, 0x0000000714200000, 0x0000000714400000|  0%| F|  |TAMS 0x0000000714200000, 0x0000000714200000| Untracked 
| 123|0x0000000714400000, 0x0000000714600000, 0x0000000714600000|100%| O|  |TAMS 0x0000000714600000, 0x0000000714400000| Untracked 
| 124|0x0000000714600000, 0x0000000714800000, 0x0000000714800000|100%| O|  |TAMS 0x0000000714800000, 0x0000000714600000| Untracked 
| 125|0x0000000714800000, 0x0000000714a00000, 0x0000000714a00000|100%| O|  |TAMS 0x0000000714a00000, 0x0000000714800000| Untracked 
| 126|0x0000000714a00000, 0x0000000714c00000, 0x0000000714c00000|100%| O|  |TAMS 0x0000000714c00000, 0x0000000714a00000| Untracked 
| 127|0x0000000714c00000, 0x0000000714e00000, 0x0000000714e00000|100%| O|  |TAMS 0x0000000714e00000, 0x0000000714c00000| Untracked 
| 128|0x0000000714e00000, 0x0000000715000000, 0x0000000715000000|100%| O|  |TAMS 0x0000000715000000, 0x0000000714e00000| Untracked 
| 129|0x0000000715000000, 0x0000000715200000, 0x0000000715200000|100%| O|  |TAMS 0x0000000715200000, 0x0000000715000000| Untracked 
| 130|0x0000000715200000, 0x0000000715400000, 0x0000000715400000|100%| O|  |TAMS 0x0000000715400000, 0x0000000715200000| Untracked 
| 131|0x0000000715400000, 0x0000000715600000, 0x0000000715600000|100%| O|  |TAMS 0x0000000715600000, 0x0000000715400000| Untracked 
| 132|0x0000000715600000, 0x0000000715800000, 0x0000000715800000|100%| O|  |TAMS 0x0000000715800000, 0x0000000715600000| Untracked 
| 133|0x0000000715800000, 0x0000000715a00000, 0x0000000715a00000|100%| O|  |TAMS 0x0000000715a00000, 0x0000000715800000| Untracked 
| 134|0x0000000715a00000, 0x0000000715c00000, 0x0000000715c00000|100%| O|  |TAMS 0x0000000715c00000, 0x0000000715a00000| Untracked 
| 135|0x0000000715c00000, 0x0000000715e00000, 0x0000000715e00000|100%| O|  |TAMS 0x0000000715e00000, 0x0000000715c00000| Untracked 
| 136|0x0000000715e00000, 0x0000000716000000, 0x0000000716000000|100%| O|  |TAMS 0x0000000716000000, 0x0000000715e00000| Untracked 
| 137|0x0000000716000000, 0x0000000716200000, 0x0000000716200000|100%| O|  |TAMS 0x0000000716200000, 0x0000000716000000| Untracked 
| 138|0x0000000716200000, 0x0000000716400000, 0x0000000716400000|100%| O|  |TAMS 0x0000000716400000, 0x0000000716200000| Untracked 
| 139|0x0000000716400000, 0x0000000716600000, 0x0000000716600000|100%| O|  |TAMS 0x0000000716600000, 0x0000000716400000| Untracked 
| 140|0x0000000716600000, 0x0000000716800000, 0x0000000716800000|100%| O|  |TAMS 0x0000000716600000, 0x0000000716600000| Untracked 
| 141|0x0000000716800000, 0x0000000716a00000, 0x0000000716a00000|100%| O|  |TAMS 0x0000000716800000, 0x0000000716800000| Untracked 
| 142|0x0000000716a00000, 0x0000000716c00000, 0x0000000716c00000|100%| O|  |TAMS 0x0000000716a00000, 0x0000000716a00000| Untracked 
| 143|0x0000000716c00000, 0x0000000716c00000, 0x0000000716e00000|  0%| F|  |TAMS 0x0000000716c00000, 0x0000000716c00000| Untracked 
| 144|0x0000000716e00000, 0x0000000717000000, 0x0000000717000000|100%| O|  |TAMS 0x0000000717000000, 0x0000000716e00000| Untracked 
| 145|0x0000000717000000, 0x0000000717200000, 0x0000000717200000|100%| O|  |TAMS 0x0000000717200000, 0x0000000717000000| Untracked 
| 146|0x0000000717200000, 0x0000000717400000, 0x0000000717400000|100%| O|  |TAMS 0x0000000717400000, 0x0000000717200000| Untracked 
| 147|0x0000000717400000, 0x0000000717600000, 0x0000000717600000|100%| O|  |TAMS 0x0000000717600000, 0x0000000717400000| Untracked 
| 148|0x0000000717600000, 0x0000000717800000, 0x0000000717800000|100%| O|  |TAMS 0x0000000717800000, 0x0000000717600000| Untracked 
| 149|0x0000000717800000, 0x0000000717a00000, 0x0000000717a00000|100%| O|  |TAMS 0x0000000717a00000, 0x0000000717800000| Untracked 
| 150|0x0000000717a00000, 0x0000000717c00000, 0x0000000717c00000|100%| O|  |TAMS 0x0000000717c00000, 0x0000000717a00000| Untracked 
| 151|0x0000000717c00000, 0x0000000717e00000, 0x0000000717e00000|100%| O|  |TAMS 0x0000000717e00000, 0x0000000717c00000| Untracked 
| 152|0x0000000717e00000, 0x0000000718000000, 0x0000000718000000|100%| O|  |TAMS 0x0000000718000000, 0x0000000717e00000| Untracked 
| 153|0x0000000718000000, 0x0000000718200000, 0x0000000718200000|100%| O|  |TAMS 0x0000000718200000, 0x0000000718000000| Untracked 
| 154|0x0000000718200000, 0x0000000718400000, 0x0000000718400000|100%| O|  |TAMS 0x0000000718400000, 0x0000000718200000| Untracked 
| 155|0x0000000718400000, 0x0000000718600000, 0x0000000718600000|100%| O|  |TAMS 0x0000000718600000, 0x0000000718400000| Untracked 
| 156|0x0000000718600000, 0x0000000718800000, 0x0000000718800000|100%| O|  |TAMS 0x0000000718800000, 0x0000000718600000| Untracked 
| 157|0x0000000718800000, 0x0000000718800000, 0x0000000718a00000|  0%| F|  |TAMS 0x0000000718800000, 0x0000000718800000| Untracked 
| 158|0x0000000718a00000, 0x0000000718c00000, 0x0000000718c00000|100%| O|  |TAMS 0x0000000718c00000, 0x0000000718a00000| Untracked 
| 159|0x0000000718c00000, 0x0000000718e00000, 0x0000000718e00000|100%| O|  |TAMS 0x0000000718e00000, 0x0000000718c00000| Untracked 
| 160|0x0000000718e00000, 0x0000000719000000, 0x0000000719000000|100%| O|  |TAMS 0x0000000719000000, 0x0000000718e00000| Untracked 
| 161|0x0000000719000000, 0x0000000719200000, 0x0000000719200000|100%| O|  |TAMS 0x0000000719200000, 0x0000000719000000| Untracked 
| 162|0x0000000719200000, 0x0000000719400000, 0x0000000719400000|100%| O|  |TAMS 0x0000000719400000, 0x0000000719200000| Untracked 
| 163|0x0000000719400000, 0x0000000719600000, 0x0000000719600000|100%| O|  |TAMS 0x0000000719600000, 0x0000000719400000| Untracked 
| 164|0x0000000719600000, 0x0000000719800000, 0x0000000719800000|100%| O|  |TAMS 0x0000000719800000, 0x0000000719600000| Untracked 
| 165|0x0000000719800000, 0x0000000719a00000, 0x0000000719a00000|100%| O|  |TAMS 0x0000000719a00000, 0x0000000719800000| Untracked 
| 166|0x0000000719a00000, 0x0000000719c00000, 0x0000000719c00000|100%| O|  |TAMS 0x0000000719c00000, 0x0000000719a00000| Untracked 
| 167|0x0000000719c00000, 0x0000000719e00000, 0x0000000719e00000|100%| O|  |TAMS 0x0000000719e00000, 0x0000000719c00000| Untracked 
| 168|0x0000000719e00000, 0x000000071a000000, 0x000000071a000000|100%| O|  |TAMS 0x000000071a000000, 0x0000000719e00000| Untracked 
| 169|0x000000071a000000, 0x000000071a200000, 0x000000071a200000|100%| O|  |TAMS 0x000000071a200000, 0x000000071a000000| Untracked 
| 170|0x000000071a200000, 0x000000071a400000, 0x000000071a400000|100%| O|  |TAMS 0x000000071a400000, 0x000000071a200000| Untracked 
| 171|0x000000071a400000, 0x000000071a600000, 0x000000071a600000|100%| O|  |TAMS 0x000000071a600000, 0x000000071a400000| Untracked 
| 172|0x000000071a600000, 0x000000071a800000, 0x000000071a800000|100%| O|  |TAMS 0x000000071a800000, 0x000000071a600000| Untracked 
| 173|0x000000071a800000, 0x000000071aa00000, 0x000000071aa00000|100%| O|  |TAMS 0x000000071aa00000, 0x000000071a800000| Untracked 
| 174|0x000000071aa00000, 0x000000071ac00000, 0x000000071ac00000|100%| O|  |TAMS 0x000000071ac00000, 0x000000071aa00000| Untracked 
| 175|0x000000071ac00000, 0x000000071ae00000, 0x000000071ae00000|100%| O|  |TAMS 0x000000071ae00000, 0x000000071ac00000| Untracked 
| 176|0x000000071ae00000, 0x000000071b000000, 0x000000071b000000|100%| O|  |TAMS 0x000000071b000000, 0x000000071ae00000| Untracked 
| 177|0x000000071b000000, 0x000000071b200000, 0x000000071b200000|100%| O|  |TAMS 0x000000071b200000, 0x000000071b000000| Untracked 
| 178|0x000000071b200000, 0x000000071b400000, 0x000000071b400000|100%| O|  |TAMS 0x000000071b400000, 0x000000071b200000| Untracked 
| 179|0x000000071b400000, 0x000000071b600000, 0x000000071b600000|100%| O|  |TAMS 0x000000071b600000, 0x000000071b400000| Untracked 
| 180|0x000000071b600000, 0x000000071b800000, 0x000000071b800000|100%| O|  |TAMS 0x000000071b800000, 0x000000071b600000| Untracked 
| 181|0x000000071b800000, 0x000000071ba00000, 0x000000071ba00000|100%| O|  |TAMS 0x000000071ba00000, 0x000000071b800000| Untracked 
| 182|0x000000071ba00000, 0x000000071bc00000, 0x000000071bc00000|100%| O|  |TAMS 0x000000071bc00000, 0x000000071ba00000| Untracked 
| 183|0x000000071bc00000, 0x000000071be00000, 0x000000071be00000|100%| O|  |TAMS 0x000000071be00000, 0x000000071bc00000| Untracked 
| 184|0x000000071be00000, 0x000000071c000000, 0x000000071c000000|100%| O|  |TAMS 0x000000071c000000, 0x000000071be00000| Untracked 
| 185|0x000000071c000000, 0x000000071c200000, 0x000000071c200000|100%| O|  |TAMS 0x000000071c200000, 0x000000071c000000| Untracked 
| 186|0x000000071c200000, 0x000000071c400000, 0x000000071c400000|100%| O|  |TAMS 0x000000071c400000, 0x000000071c200000| Untracked 
| 187|0x000000071c400000, 0x000000071c600000, 0x000000071c600000|100%| O|  |TAMS 0x000000071c600000, 0x000000071c400000| Untracked 
| 188|0x000000071c600000, 0x000000071c800000, 0x000000071c800000|100%| O|  |TAMS 0x000000071c800000, 0x000000071c600000| Untracked 
| 189|0x000000071c800000, 0x000000071ca00000, 0x000000071ca00000|100%| O|  |TAMS 0x000000071ca00000, 0x000000071c800000| Untracked 
| 190|0x000000071ca00000, 0x000000071cc00000, 0x000000071cc00000|100%| O|  |TAMS 0x000000071cc00000, 0x000000071ca00000| Untracked 
| 191|0x000000071cc00000, 0x000000071ce00000, 0x000000071ce00000|100%| O|  |TAMS 0x000000071ce00000, 0x000000071cc00000| Untracked 
| 192|0x000000071ce00000, 0x000000071d000000, 0x000000071d000000|100%| O|  |TAMS 0x000000071d000000, 0x000000071ce00000| Untracked 
| 193|0x000000071d000000, 0x000000071d200000, 0x000000071d200000|100%| O|  |TAMS 0x000000071d200000, 0x000000071d000000| Untracked 
| 194|0x000000071d200000, 0x000000071d400000, 0x000000071d400000|100%| O|  |TAMS 0x000000071d400000, 0x000000071d200000| Untracked 
| 195|0x000000071d400000, 0x000000071d600000, 0x000000071d600000|100%| O|  |TAMS 0x000000071d600000, 0x000000071d400000| Untracked 
| 196|0x000000071d600000, 0x000000071d800000, 0x000000071d800000|100%| O|  |TAMS 0x000000071d800000, 0x000000071d600000| Untracked 
| 197|0x000000071d800000, 0x000000071da00000, 0x000000071da00000|100%| O|  |TAMS 0x000000071da00000, 0x000000071d800000| Untracked 
| 198|0x000000071da00000, 0x000000071dc00000, 0x000000071dc00000|100%| O|  |TAMS 0x000000071dc00000, 0x000000071da00000| Untracked 
| 199|0x000000071dc00000, 0x000000071de00000, 0x000000071de00000|100%| O|  |TAMS 0x000000071de00000, 0x000000071dc00000| Untracked 
| 200|0x000000071de00000, 0x000000071e000000, 0x000000071e000000|100%| O|  |TAMS 0x000000071e000000, 0x000000071de00000| Untracked 
| 201|0x000000071e000000, 0x000000071e200000, 0x000000071e200000|100%| O|  |TAMS 0x000000071e200000, 0x000000071e000000| Untracked 
| 202|0x000000071e200000, 0x000000071e400000, 0x000000071e400000|100%| O|  |TAMS 0x000000071e400000, 0x000000071e200000| Untracked 
| 203|0x000000071e400000, 0x000000071e600000, 0x000000071e600000|100%| O|  |TAMS 0x000000071e600000, 0x000000071e400000| Untracked 
| 204|0x000000071e600000, 0x000000071e800000, 0x000000071e800000|100%| O|  |TAMS 0x000000071e800000, 0x000000071e600000| Untracked 
| 205|0x000000071e800000, 0x000000071ea00000, 0x000000071ea00000|100%| O|  |TAMS 0x000000071ea00000, 0x000000071e800000| Untracked 
| 206|0x000000071ea00000, 0x000000071ec00000, 0x000000071ec00000|100%| O|  |TAMS 0x000000071ec00000, 0x000000071ea00000| Untracked 
| 207|0x000000071ec00000, 0x000000071ee00000, 0x000000071ee00000|100%| O|  |TAMS 0x000000071ee00000, 0x000000071ec00000| Untracked 
| 208|0x000000071ee00000, 0x000000071ee00000, 0x000000071f000000|  0%| F|  |TAMS 0x000000071ee00000, 0x000000071ee00000| Untracked 
| 209|0x000000071f000000, 0x000000071f200000, 0x000000071f200000|100%| O|  |TAMS 0x000000071f200000, 0x000000071f000000| Untracked 
| 210|0x000000071f200000, 0x000000071f400000, 0x000000071f400000|100%| O|  |TAMS 0x000000071f400000, 0x000000071f200000| Untracked 
| 211|0x000000071f400000, 0x000000071f600000, 0x000000071f600000|100%| O|  |TAMS 0x000000071f600000, 0x000000071f400000| Untracked 
| 212|0x000000071f600000, 0x000000071f800000, 0x000000071f800000|100%| O|  |TAMS 0x000000071f800000, 0x000000071f600000| Untracked 
| 213|0x000000071f800000, 0x000000071fa00000, 0x000000071fa00000|100%| O|  |TAMS 0x000000071fa00000, 0x000000071f800000| Untracked 
| 214|0x000000071fa00000, 0x000000071fc00000, 0x000000071fc00000|100%| O|  |TAMS 0x000000071fc00000, 0x000000071fa00000| Untracked 
| 215|0x000000071fc00000, 0x000000071fe00000, 0x000000071fe00000|100%| O|  |TAMS 0x000000071fe00000, 0x000000071fc00000| Untracked 
| 216|0x000000071fe00000, 0x0000000720000000, 0x0000000720000000|100%| O|  |TAMS 0x0000000720000000, 0x000000071fe00000| Untracked 
| 217|0x0000000720000000, 0x0000000720200000, 0x0000000720200000|100%| O|  |TAMS 0x0000000720200000, 0x0000000720000000| Untracked 
| 218|0x0000000720200000, 0x0000000720400000, 0x0000000720400000|100%|HS|  |TAMS 0x0000000720400000, 0x0000000720200000| Complete 
| 219|0x0000000720400000, 0x0000000720600000, 0x0000000720600000|100%| O|  |TAMS 0x0000000720600000, 0x0000000720400000| Untracked 
| 220|0x0000000720600000, 0x0000000720800000, 0x0000000720800000|100%| O|  |TAMS 0x0000000720800000, 0x0000000720600000| Untracked 
| 221|0x0000000720800000, 0x0000000720a00000, 0x0000000720a00000|100%| O|  |TAMS 0x0000000720a00000, 0x0000000720800000| Untracked 
| 222|0x0000000720a00000, 0x0000000720a00000, 0x0000000720c00000|  0%| F|  |TAMS 0x0000000720a00000, 0x0000000720a00000| Untracked 
| 223|0x0000000720c00000, 0x0000000720e00000, 0x0000000720e00000|100%| O|  |TAMS 0x0000000720e00000, 0x0000000720c00000| Untracked 
| 224|0x0000000720e00000, 0x0000000721000000, 0x0000000721000000|100%| O|  |TAMS 0x0000000721000000, 0x0000000720e00000| Untracked 
| 225|0x0000000721000000, 0x0000000721200000, 0x0000000721200000|100%| O|  |TAMS 0x0000000721200000, 0x0000000721000000| Untracked 
| 226|0x0000000721200000, 0x0000000721400000, 0x0000000721400000|100%| O|  |TAMS 0x0000000721400000, 0x0000000721200000| Untracked 
| 227|0x0000000721400000, 0x0000000721600000, 0x0000000721600000|100%| O|  |TAMS 0x0000000721600000, 0x0000000721400000| Untracked 
| 228|0x0000000721600000, 0x0000000721800000, 0x0000000721800000|100%| O|  |TAMS 0x0000000721800000, 0x0000000721600000| Untracked 
| 229|0x0000000721800000, 0x0000000721a00000, 0x0000000721a00000|100%| O|  |TAMS 0x0000000721a00000, 0x0000000721800000| Untracked 
| 230|0x0000000721a00000, 0x0000000721c00000, 0x0000000721c00000|100%| O|  |TAMS 0x0000000721c00000, 0x0000000721a00000| Untracked 
| 231|0x0000000721c00000, 0x0000000721e00000, 0x0000000721e00000|100%| O|  |TAMS 0x0000000721e00000, 0x0000000721c00000| Untracked 
| 232|0x0000000721e00000, 0x0000000722000000, 0x0000000722000000|100%| O|  |TAMS 0x0000000722000000, 0x0000000721e00000| Untracked 
| 233|0x0000000722000000, 0x0000000722200000, 0x0000000722200000|100%| O|  |TAMS 0x0000000722200000, 0x0000000722000000| Untracked 
| 234|0x0000000722200000, 0x0000000722400000, 0x0000000722400000|100%| O|  |TAMS 0x0000000722400000, 0x0000000722200000| Untracked 
| 235|0x0000000722400000, 0x0000000722600000, 0x0000000722600000|100%| O|  |TAMS 0x0000000722600000, 0x0000000722400000| Untracked 
| 236|0x0000000722600000, 0x0000000722800000, 0x0000000722800000|100%| O|  |TAMS 0x0000000722800000, 0x0000000722600000| Untracked 
| 237|0x0000000722800000, 0x0000000722a00000, 0x0000000722a00000|100%| O|  |TAMS 0x0000000722a00000, 0x0000000722800000| Untracked 
| 238|0x0000000722a00000, 0x0000000722c00000, 0x0000000722c00000|100%| O|  |TAMS 0x0000000722c00000, 0x0000000722a00000| Untracked 
| 239|0x0000000722c00000, 0x0000000722e00000, 0x0000000722e00000|100%| O|  |TAMS 0x0000000722e00000, 0x0000000722c00000| Untracked 
| 240|0x0000000722e00000, 0x0000000723000000, 0x0000000723000000|100%| O|  |TAMS 0x0000000723000000, 0x0000000722e00000| Untracked 
| 241|0x0000000723000000, 0x0000000723200000, 0x0000000723200000|100%| O|  |TAMS 0x000000072305fe00, 0x0000000723000000| Untracked 
| 242|0x0000000723200000, 0x0000000723400000, 0x0000000723400000|100%| O|  |TAMS 0x0000000723200000, 0x0000000723200000| Untracked 
| 243|0x0000000723400000, 0x0000000723600000, 0x0000000723600000|100%| O|  |TAMS 0x0000000723600000, 0x0000000723400000| Untracked 
| 244|0x0000000723600000, 0x0000000723800000, 0x0000000723800000|100%| O|  |TAMS 0x0000000723800000, 0x0000000723600000| Untracked 
| 245|0x0000000723800000, 0x0000000723a00000, 0x0000000723a00000|100%| O|  |TAMS 0x0000000723a00000, 0x0000000723800000| Untracked 
| 246|0x0000000723a00000, 0x0000000723a00000, 0x0000000723c00000|  0%| F|  |TAMS 0x0000000723a00000, 0x0000000723a00000| Untracked 
| 247|0x0000000723c00000, 0x0000000723e00000, 0x0000000723e00000|100%| O|  |TAMS 0x0000000723e00000, 0x0000000723c00000| Untracked 
| 248|0x0000000723e00000, 0x0000000724000000, 0x0000000724000000|100%| O|  |TAMS 0x0000000724000000, 0x0000000723e00000| Untracked 
| 249|0x0000000724000000, 0x0000000724200000, 0x0000000724200000|100%| O|  |TAMS 0x0000000724200000, 0x0000000724000000| Untracked 
| 250|0x0000000724200000, 0x0000000724400000, 0x0000000724400000|100%| O|  |TAMS 0x0000000724400000, 0x0000000724200000| Untracked 
| 251|0x0000000724400000, 0x0000000724600000, 0x0000000724600000|100%|HS|  |TAMS 0x0000000724600000, 0x0000000724400000| Complete 
| 252|0x0000000724600000, 0x0000000724800000, 0x0000000724800000|100%| O|  |TAMS 0x0000000724800000, 0x0000000724600000| Untracked 
| 253|0x0000000724800000, 0x0000000724a00000, 0x0000000724a00000|100%|HS|  |TAMS 0x0000000724a00000, 0x0000000724800000| Complete 
| 254|0x0000000724a00000, 0x0000000724c00000, 0x0000000724c00000|100%|HC|  |TAMS 0x0000000724c00000, 0x0000000724a00000| Complete 
| 255|0x0000000724c00000, 0x0000000724e00000, 0x0000000724e00000|100%|HC|  |TAMS 0x0000000724e00000, 0x0000000724c00000| Complete 
| 256|0x0000000724e00000, 0x0000000725000000, 0x0000000725000000|100%|HC|  |TAMS 0x0000000725000000, 0x0000000724e00000| Complete 
| 257|0x0000000725000000, 0x0000000725200000, 0x0000000725200000|100%|HC|  |TAMS 0x0000000725200000, 0x0000000725000000| Complete 
| 258|0x0000000725200000, 0x0000000725200000, 0x0000000725400000|  0%| F|  |TAMS 0x0000000725200000, 0x0000000725200000| Untracked 
| 259|0x0000000725400000, 0x0000000725400000, 0x0000000725600000|  0%| F|  |TAMS 0x0000000725400000, 0x0000000725400000| Untracked 
| 260|0x0000000725600000, 0x0000000725800000, 0x0000000725800000|100%| O|  |TAMS 0x0000000725600000, 0x0000000725600000| Untracked 
| 261|0x0000000725800000, 0x0000000725800000, 0x0000000725a00000|  0%| F|  |TAMS 0x0000000725800000, 0x0000000725800000| Untracked 
| 262|0x0000000725a00000, 0x0000000725a00000, 0x0000000725c00000|  0%| F|  |TAMS 0x0000000725a00000, 0x0000000725a00000| Untracked 
| 263|0x0000000725c00000, 0x0000000725e00000, 0x0000000725e00000|100%| O|  |TAMS 0x0000000725e00000, 0x0000000725c00000| Untracked 
| 264|0x0000000725e00000, 0x0000000726000000, 0x0000000726000000|100%| O|  |TAMS 0x0000000725e00000, 0x0000000725e00000| Untracked 
| 265|0x0000000726000000, 0x0000000726000000, 0x0000000726200000|  0%| F|  |TAMS 0x0000000726000000, 0x0000000726000000| Untracked 
| 266|0x0000000726200000, 0x0000000726200000, 0x0000000726400000|  0%| F|  |TAMS 0x0000000726200000, 0x0000000726200000| Untracked 
| 267|0x0000000726400000, 0x0000000726600000, 0x0000000726600000|100%| O|  |TAMS 0x0000000726400000, 0x0000000726400000| Untracked 
| 268|0x0000000726600000, 0x0000000726800000, 0x0000000726800000|100%| O|  |TAMS 0x0000000726600000, 0x0000000726600000| Untracked 
| 269|0x0000000726800000, 0x0000000726a00000, 0x0000000726a00000|100%| O|  |TAMS 0x0000000726800000, 0x0000000726800000| Untracked 
| 270|0x0000000726a00000, 0x0000000726a00000, 0x0000000726c00000|  0%| F|  |TAMS 0x0000000726a00000, 0x0000000726a00000| Untracked 
| 271|0x0000000726c00000, 0x0000000726d93200, 0x0000000726e00000| 78%| O|  |TAMS 0x0000000726c00000, 0x0000000726c00000| Untracked 
| 272|0x0000000726e00000, 0x0000000726e00000, 0x0000000727000000|  0%| F|  |TAMS 0x0000000726e00000, 0x0000000726e00000| Untracked 
| 273|0x0000000727000000, 0x0000000727000000, 0x0000000727200000|  0%| F|  |TAMS 0x0000000727000000, 0x0000000727000000| Untracked 
| 274|0x0000000727200000, 0x0000000727200000, 0x0000000727400000|  0%| F|  |TAMS 0x0000000727200000, 0x0000000727200000| Untracked 
| 275|0x0000000727400000, 0x0000000727400000, 0x0000000727600000|  0%| F|  |TAMS 0x0000000727400000, 0x0000000727400000| Untracked 
| 276|0x0000000727600000, 0x0000000727600000, 0x0000000727800000|  0%| F|  |TAMS 0x0000000727600000, 0x0000000727600000| Untracked 
| 277|0x0000000727800000, 0x0000000727800000, 0x0000000727a00000|  0%| F|  |TAMS 0x0000000727800000, 0x0000000727800000| Untracked 
| 278|0x0000000727a00000, 0x0000000727a00000, 0x0000000727c00000|  0%| F|  |TAMS 0x0000000727a00000, 0x0000000727a00000| Untracked 
| 279|0x0000000727c00000, 0x0000000727c00000, 0x0000000727e00000|  0%| F|  |TAMS 0x0000000727c00000, 0x0000000727c00000| Untracked 
| 280|0x0000000727e00000, 0x0000000727e00000, 0x0000000728000000|  0%| F|  |TAMS 0x0000000727e00000, 0x0000000727e00000| Untracked 
| 281|0x0000000728000000, 0x0000000728200000, 0x0000000728200000|100%| O|  |TAMS 0x0000000728200000, 0x0000000728000000| Untracked 
| 282|0x0000000728200000, 0x0000000728200000, 0x0000000728400000|  0%| F|  |TAMS 0x0000000728200000, 0x0000000728200000| Untracked 
| 283|0x0000000728400000, 0x0000000728400000, 0x0000000728600000|  0%| F|  |TAMS 0x0000000728400000, 0x0000000728400000| Untracked 
| 284|0x0000000728600000, 0x0000000728600000, 0x0000000728800000|  0%| F|  |TAMS 0x0000000728600000, 0x0000000728600000| Untracked 
| 285|0x0000000728800000, 0x0000000728800000, 0x0000000728a00000|  0%| F|  |TAMS 0x0000000728800000, 0x0000000728800000| Untracked 
| 286|0x0000000728a00000, 0x0000000728a00000, 0x0000000728c00000|  0%| F|  |TAMS 0x0000000728a00000, 0x0000000728a00000| Untracked 
| 287|0x0000000728c00000, 0x0000000728c00000, 0x0000000728e00000|  0%| F|  |TAMS 0x0000000728c00000, 0x0000000728c00000| Untracked 
| 288|0x0000000728e00000, 0x0000000728e00000, 0x0000000729000000|  0%| F|  |TAMS 0x0000000728e00000, 0x0000000728e00000| Untracked 
| 289|0x0000000729000000, 0x0000000729000000, 0x0000000729200000|  0%| F|  |TAMS 0x0000000729000000, 0x0000000729000000| Untracked 
| 290|0x0000000729200000, 0x0000000729200000, 0x0000000729400000|  0%| F|  |TAMS 0x0000000729200000, 0x0000000729200000| Untracked 
| 291|0x0000000729400000, 0x0000000729400000, 0x0000000729600000|  0%| F|  |TAMS 0x0000000729400000, 0x0000000729400000| Untracked 
| 292|0x0000000729600000, 0x0000000729600000, 0x0000000729800000|  0%| F|  |TAMS 0x0000000729600000, 0x0000000729600000| Untracked 
| 293|0x0000000729800000, 0x0000000729800000, 0x0000000729a00000|  0%| F|  |TAMS 0x0000000729800000, 0x0000000729800000| Untracked 
| 294|0x0000000729a00000, 0x0000000729a00000, 0x0000000729c00000|  0%| F|  |TAMS 0x0000000729a00000, 0x0000000729a00000| Untracked 
| 295|0x0000000729c00000, 0x0000000729c00000, 0x0000000729e00000|  0%| F|  |TAMS 0x0000000729c00000, 0x0000000729c00000| Untracked 
| 296|0x0000000729e00000, 0x0000000729e00000, 0x000000072a000000|  0%| F|  |TAMS 0x0000000729e00000, 0x0000000729e00000| Untracked 
| 297|0x000000072a000000, 0x000000072a000000, 0x000000072a200000|  0%| F|  |TAMS 0x000000072a000000, 0x000000072a000000| Untracked 
| 298|0x000000072a200000, 0x000000072a200000, 0x000000072a400000|  0%| F|  |TAMS 0x000000072a200000, 0x000000072a200000| Untracked 
| 299|0x000000072a400000, 0x000000072a400000, 0x000000072a600000|  0%| F|  |TAMS 0x000000072a400000, 0x000000072a400000| Untracked 
| 300|0x000000072a600000, 0x000000072a800000, 0x000000072a800000|100%| O|  |TAMS 0x000000072a800000, 0x000000072a600000| Untracked 
| 301|0x000000072a800000, 0x000000072aa00000, 0x000000072aa00000|100%| O|  |TAMS 0x000000072aa00000, 0x000000072a800000| Untracked 
| 302|0x000000072aa00000, 0x000000072ac00000, 0x000000072ac00000|100%| O|  |TAMS 0x000000072ac00000, 0x000000072aa00000| Untracked 
| 303|0x000000072ac00000, 0x000000072ae00000, 0x000000072ae00000|100%| O|  |TAMS 0x000000072ae00000, 0x000000072ac00000| Untracked 
| 304|0x000000072ae00000, 0x000000072b000000, 0x000000072b000000|100%| O|  |TAMS 0x000000072b000000, 0x000000072ae00000| Untracked 
| 305|0x000000072b000000, 0x000000072b200000, 0x000000072b200000|100%| O|  |TAMS 0x000000072b200000, 0x000000072b000000| Untracked 
| 306|0x000000072b200000, 0x000000072b400000, 0x000000072b400000|100%| O|  |TAMS 0x000000072b400000, 0x000000072b200000| Untracked 
| 307|0x000000072b400000, 0x000000072b600000, 0x000000072b600000|100%| O|  |TAMS 0x000000072b600000, 0x000000072b400000| Untracked 
| 308|0x000000072b600000, 0x000000072b800000, 0x000000072b800000|100%| O|  |TAMS 0x000000072b800000, 0x000000072b600000| Untracked 
| 309|0x000000072b800000, 0x000000072ba00000, 0x000000072ba00000|100%| O|  |TAMS 0x000000072ba00000, 0x000000072b800000| Untracked 
| 310|0x000000072ba00000, 0x000000072bc00000, 0x000000072bc00000|100%| O|  |TAMS 0x000000072bc00000, 0x000000072ba00000| Untracked 
| 311|0x000000072bc00000, 0x000000072be00000, 0x000000072be00000|100%| O|  |TAMS 0x000000072be00000, 0x000000072bc00000| Untracked 
| 312|0x000000072be00000, 0x000000072c000000, 0x000000072c000000|100%| O|  |TAMS 0x000000072c000000, 0x000000072be00000| Untracked 
| 313|0x000000072c000000, 0x000000072c200000, 0x000000072c200000|100%| O|  |TAMS 0x000000072c200000, 0x000000072c000000| Untracked 
| 314|0x000000072c200000, 0x000000072c400000, 0x000000072c400000|100%| O|  |TAMS 0x000000072c400000, 0x000000072c200000| Untracked 
| 315|0x000000072c400000, 0x000000072c600000, 0x000000072c600000|100%| O|  |TAMS 0x000000072c600000, 0x000000072c400000| Untracked 
| 316|0x000000072c600000, 0x000000072c800000, 0x000000072c800000|100%| O|  |TAMS 0x000000072c800000, 0x000000072c600000| Untracked 
| 317|0x000000072c800000, 0x000000072ca00000, 0x000000072ca00000|100%| O|  |TAMS 0x000000072ca00000, 0x000000072c800000| Untracked 
| 318|0x000000072ca00000, 0x000000072cc00000, 0x000000072cc00000|100%| O|  |TAMS 0x000000072cc00000, 0x000000072ca00000| Untracked 
| 319|0x000000072cc00000, 0x000000072ce00000, 0x000000072ce00000|100%| O|  |TAMS 0x000000072ce00000, 0x000000072cc00000| Untracked 
| 320|0x000000072ce00000, 0x000000072d000000, 0x000000072d000000|100%| O|  |TAMS 0x000000072d000000, 0x000000072ce00000| Untracked 
| 321|0x000000072d000000, 0x000000072d200000, 0x000000072d200000|100%| O|  |TAMS 0x000000072d200000, 0x000000072d000000| Untracked 
| 322|0x000000072d200000, 0x000000072d400000, 0x000000072d400000|100%| O|  |TAMS 0x000000072d400000, 0x000000072d200000| Untracked 
| 323|0x000000072d400000, 0x000000072d600000, 0x000000072d600000|100%| O|  |TAMS 0x000000072d600000, 0x000000072d400000| Untracked 
| 324|0x000000072d600000, 0x000000072d800000, 0x000000072d800000|100%| O|  |TAMS 0x000000072d800000, 0x000000072d600000| Untracked 
| 325|0x000000072d800000, 0x000000072da00000, 0x000000072da00000|100%| O|  |TAMS 0x000000072da00000, 0x000000072d800000| Untracked 
| 326|0x000000072da00000, 0x000000072dc00000, 0x000000072dc00000|100%| O|  |TAMS 0x000000072dc00000, 0x000000072da00000| Untracked 
| 327|0x000000072dc00000, 0x000000072de00000, 0x000000072de00000|100%| O|  |TAMS 0x000000072de00000, 0x000000072dc00000| Untracked 
| 328|0x000000072de00000, 0x000000072e000000, 0x000000072e000000|100%| O|  |TAMS 0x000000072e000000, 0x000000072de00000| Untracked 
| 329|0x000000072e000000, 0x000000072e200000, 0x000000072e200000|100%| O|  |TAMS 0x000000072e200000, 0x000000072e000000| Untracked 
| 330|0x000000072e200000, 0x000000072e400000, 0x000000072e400000|100%| O|  |TAMS 0x000000072e400000, 0x000000072e200000| Untracked 
| 331|0x000000072e400000, 0x000000072e600000, 0x000000072e600000|100%| O|  |TAMS 0x000000072e600000, 0x000000072e400000| Untracked 
| 332|0x000000072e600000, 0x000000072e800000, 0x000000072e800000|100%| O|  |TAMS 0x000000072e800000, 0x000000072e600000| Untracked 
| 333|0x000000072e800000, 0x000000072ea00000, 0x000000072ea00000|100%| O|  |TAMS 0x000000072ea00000, 0x000000072e800000| Untracked 
| 334|0x000000072ea00000, 0x000000072ec00000, 0x000000072ec00000|100%| O|  |TAMS 0x000000072ec00000, 0x000000072ea00000| Untracked 
| 335|0x000000072ec00000, 0x000000072ec00000, 0x000000072ee00000|  0%| F|  |TAMS 0x000000072ec00000, 0x000000072ec00000| Untracked 
| 336|0x000000072ee00000, 0x000000072ee00000, 0x000000072f000000|  0%| F|  |TAMS 0x000000072ee00000, 0x000000072ee00000| Untracked 
| 337|0x000000072f000000, 0x000000072f000000, 0x000000072f200000|  0%| F|  |TAMS 0x000000072f000000, 0x000000072f000000| Untracked 
| 338|0x000000072f200000, 0x000000072f200000, 0x000000072f400000|  0%| F|  |TAMS 0x000000072f200000, 0x000000072f200000| Untracked 
| 339|0x000000072f400000, 0x000000072f400000, 0x000000072f600000|  0%| F|  |TAMS 0x000000072f400000, 0x000000072f400000| Untracked 
| 340|0x000000072f600000, 0x000000072f600000, 0x000000072f800000|  0%| F|  |TAMS 0x000000072f600000, 0x000000072f600000| Untracked 
| 341|0x000000072f800000, 0x000000072fa00000, 0x000000072fa00000|100%|HS|  |TAMS 0x000000072fa00000, 0x000000072f800000| Complete 
| 342|0x000000072fa00000, 0x000000072fc00000, 0x000000072fc00000|100%|HC|  |TAMS 0x000000072fc00000, 0x000000072fa00000| Complete 
| 343|0x000000072fc00000, 0x000000072fe00000, 0x000000072fe00000|100%|HC|  |TAMS 0x000000072fe00000, 0x000000072fc00000| Complete 
| 344|0x000000072fe00000, 0x000000072fe00000, 0x0000000730000000|  0%| F|  |TAMS 0x000000072fe00000, 0x000000072fe00000| Untracked 
| 345|0x0000000730000000, 0x0000000730000000, 0x0000000730200000|  0%| F|  |TAMS 0x0000000730000000, 0x0000000730000000| Untracked 
| 346|0x0000000730200000, 0x0000000730200000, 0x0000000730400000|  0%| F|  |TAMS 0x0000000730200000, 0x0000000730200000| Untracked 
| 347|0x0000000730400000, 0x0000000730600000, 0x0000000730600000|100%| O|  |TAMS 0x0000000730600000, 0x0000000730400000| Untracked 
| 348|0x0000000730600000, 0x0000000730600000, 0x0000000730800000|  0%| F|  |TAMS 0x0000000730600000, 0x0000000730600000| Untracked 
| 349|0x0000000730800000, 0x0000000730800000, 0x0000000730a00000|  0%| F|  |TAMS 0x0000000730800000, 0x0000000730800000| Untracked 
| 350|0x0000000730a00000, 0x0000000730a00000, 0x0000000730c00000|  0%| F|  |TAMS 0x0000000730a00000, 0x0000000730a00000| Untracked 
| 351|0x0000000730c00000, 0x0000000730c00000, 0x0000000730e00000|  0%| F|  |TAMS 0x0000000730c00000, 0x0000000730c00000| Untracked 
| 352|0x0000000730e00000, 0x0000000730e00000, 0x0000000731000000|  0%| F|  |TAMS 0x0000000730e00000, 0x0000000730e00000| Untracked 
| 353|0x0000000731000000, 0x0000000731200000, 0x0000000731200000|100%| O|  |TAMS 0x0000000731200000, 0x0000000731000000| Untracked 
| 354|0x0000000731200000, 0x0000000731400000, 0x0000000731400000|100%| O|  |TAMS 0x0000000731400000, 0x0000000731200000| Untracked 
| 355|0x0000000731400000, 0x0000000731600000, 0x0000000731600000|100%| O|  |TAMS 0x0000000731600000, 0x0000000731400000| Untracked 
| 356|0x0000000731600000, 0x0000000731600000, 0x0000000731800000|  0%| F|  |TAMS 0x0000000731600000, 0x0000000731600000| Untracked 
| 357|0x0000000731800000, 0x0000000731800000, 0x0000000731a00000|  0%| F|  |TAMS 0x0000000731800000, 0x0000000731800000| Untracked 
| 358|0x0000000731a00000, 0x0000000731a00000, 0x0000000731c00000|  0%| F|  |TAMS 0x0000000731a00000, 0x0000000731a00000| Untracked 
| 359|0x0000000731c00000, 0x0000000731c00000, 0x0000000731e00000|  0%| F|  |TAMS 0x0000000731c00000, 0x0000000731c00000| Untracked 
| 360|0x0000000731e00000, 0x0000000731e00000, 0x0000000732000000|  0%| F|  |TAMS 0x0000000731e00000, 0x0000000731e00000| Untracked 
| 361|0x0000000732000000, 0x0000000732200000, 0x0000000732200000|100%| O|  |TAMS 0x0000000732200000, 0x0000000732000000| Untracked 
| 362|0x0000000732200000, 0x0000000732200000, 0x0000000732400000|  0%| F|  |TAMS 0x0000000732200000, 0x0000000732200000| Untracked 
| 363|0x0000000732400000, 0x0000000732400000, 0x0000000732600000|  0%| F|  |TAMS 0x0000000732400000, 0x0000000732400000| Untracked 
| 364|0x0000000732600000, 0x0000000732600000, 0x0000000732800000|  0%| F|  |TAMS 0x0000000732600000, 0x0000000732600000| Untracked 
| 365|0x0000000732800000, 0x0000000732800000, 0x0000000732a00000|  0%| F|  |TAMS 0x0000000732800000, 0x0000000732800000| Untracked 
| 366|0x0000000732a00000, 0x0000000732a00000, 0x0000000732c00000|  0%| F|  |TAMS 0x0000000732a00000, 0x0000000732a00000| Untracked 
| 367|0x0000000732c00000, 0x0000000732c00000, 0x0000000732e00000|  0%| F|  |TAMS 0x0000000732c00000, 0x0000000732c00000| Untracked 
| 368|0x0000000732e00000, 0x0000000732e00000, 0x0000000733000000|  0%| F|  |TAMS 0x0000000732e00000, 0x0000000732e00000| Untracked 
| 369|0x0000000733000000, 0x0000000733200000, 0x0000000733200000|100%| O|  |TAMS 0x0000000733200000, 0x0000000733000000| Untracked 
| 370|0x0000000733200000, 0x0000000733200000, 0x0000000733400000|  0%| F|  |TAMS 0x0000000733200000, 0x0000000733200000| Untracked 
| 371|0x0000000733400000, 0x0000000733400000, 0x0000000733600000|  0%| F|  |TAMS 0x0000000733400000, 0x0000000733400000| Untracked 
| 372|0x0000000733600000, 0x0000000733600000, 0x0000000733800000|  0%| F|  |TAMS 0x0000000733600000, 0x0000000733600000| Untracked 
| 373|0x0000000733800000, 0x0000000733800000, 0x0000000733a00000|  0%| F|  |TAMS 0x0000000733800000, 0x0000000733800000| Untracked 
| 374|0x0000000733a00000, 0x0000000733a00000, 0x0000000733c00000|  0%| F|  |TAMS 0x0000000733a00000, 0x0000000733a00000| Untracked 
| 375|0x0000000733c00000, 0x0000000733e00000, 0x0000000733e00000|100%| O|  |TAMS 0x0000000733e00000, 0x0000000733c00000| Untracked 
| 376|0x0000000733e00000, 0x0000000733e00000, 0x0000000734000000|  0%| F|  |TAMS 0x0000000733e00000, 0x0000000733e00000| Untracked 
| 377|0x0000000734000000, 0x0000000734000000, 0x0000000734200000|  0%| F|  |TAMS 0x0000000734000000, 0x0000000734000000| Untracked 
| 378|0x0000000734200000, 0x0000000734200000, 0x0000000734400000|  0%| F|  |TAMS 0x0000000734200000, 0x0000000734200000| Untracked 
| 379|0x0000000734400000, 0x0000000734400000, 0x0000000734600000|  0%| F|  |TAMS 0x0000000734400000, 0x0000000734400000| Untracked 
| 380|0x0000000734600000, 0x0000000734600000, 0x0000000734800000|  0%| F|  |TAMS 0x0000000734600000, 0x0000000734600000| Untracked 
| 381|0x0000000734800000, 0x0000000734800000, 0x0000000734a00000|  0%| F|  |TAMS 0x0000000734800000, 0x0000000734800000| Untracked 
| 382|0x0000000734a00000, 0x0000000734a00000, 0x0000000734c00000|  0%| F|  |TAMS 0x0000000734a00000, 0x0000000734a00000| Untracked 
| 383|0x0000000734c00000, 0x0000000734c00000, 0x0000000734e00000|  0%| F|  |TAMS 0x0000000734c00000, 0x0000000734c00000| Untracked 
| 384|0x0000000734e00000, 0x0000000734e00000, 0x0000000735000000|  0%| F|  |TAMS 0x0000000734e00000, 0x0000000734e00000| Untracked 
| 385|0x0000000735000000, 0x0000000735200000, 0x0000000735200000|100%| O|  |TAMS 0x0000000735200000, 0x0000000735000000| Untracked 
| 386|0x0000000735200000, 0x0000000735200000, 0x0000000735400000|  0%| F|  |TAMS 0x0000000735200000, 0x0000000735200000| Untracked 
| 387|0x0000000735400000, 0x0000000735400000, 0x0000000735600000|  0%| F|  |TAMS 0x0000000735400000, 0x0000000735400000| Untracked 
| 388|0x0000000735600000, 0x0000000735600000, 0x0000000735800000|  0%| F|  |TAMS 0x0000000735600000, 0x0000000735600000| Untracked 
| 389|0x0000000735800000, 0x0000000735800000, 0x0000000735a00000|  0%| F|  |TAMS 0x0000000735800000, 0x0000000735800000| Untracked 
| 390|0x0000000735a00000, 0x0000000735c00000, 0x0000000735c00000|100%| O|  |TAMS 0x0000000735c00000, 0x0000000735a00000| Untracked 
| 391|0x0000000735c00000, 0x0000000735c00000, 0x0000000735e00000|  0%| F|  |TAMS 0x0000000735c00000, 0x0000000735c00000| Untracked 
| 392|0x0000000735e00000, 0x0000000735e00000, 0x0000000736000000|  0%| F|  |TAMS 0x0000000735e00000, 0x0000000735e00000| Untracked 
| 393|0x0000000736000000, 0x0000000736000000, 0x0000000736200000|  0%| F|  |TAMS 0x0000000736000000, 0x0000000736000000| Untracked 
| 394|0x0000000736200000, 0x0000000736200000, 0x0000000736400000|  0%| F|  |TAMS 0x0000000736200000, 0x0000000736200000| Untracked 
| 395|0x0000000736400000, 0x0000000736600000, 0x0000000736600000|100%| O|  |TAMS 0x0000000736600000, 0x0000000736400000| Untracked 
| 396|0x0000000736600000, 0x0000000736600000, 0x0000000736800000|  0%| F|  |TAMS 0x0000000736600000, 0x0000000736600000| Untracked 
| 397|0x0000000736800000, 0x0000000736800000, 0x0000000736a00000|  0%| F|  |TAMS 0x0000000736800000, 0x0000000736800000| Untracked 
| 398|0x0000000736a00000, 0x0000000736a00000, 0x0000000736c00000|  0%| F|  |TAMS 0x0000000736a00000, 0x0000000736a00000| Untracked 
| 399|0x0000000736c00000, 0x0000000736c00000, 0x0000000736e00000|  0%| F|  |TAMS 0x0000000736c00000, 0x0000000736c00000| Untracked 
| 400|0x0000000736e00000, 0x0000000736e00000, 0x0000000737000000|  0%| F|  |TAMS 0x0000000736e00000, 0x0000000736e00000| Untracked 
| 401|0x0000000737000000, 0x0000000737200000, 0x0000000737200000|100%| O|  |TAMS 0x0000000737200000, 0x0000000737000000| Untracked 
| 402|0x0000000737200000, 0x0000000737200000, 0x0000000737400000|  0%| F|  |TAMS 0x0000000737200000, 0x0000000737200000| Untracked 
| 403|0x0000000737400000, 0x0000000737400000, 0x0000000737600000|  0%| F|  |TAMS 0x0000000737400000, 0x0000000737400000| Untracked 
| 404|0x0000000737600000, 0x0000000737800000, 0x0000000737800000|100%| O|  |TAMS 0x0000000737800000, 0x0000000737600000| Untracked 
| 405|0x0000000737800000, 0x0000000737a00000, 0x0000000737a00000|100%| O|  |TAMS 0x0000000737a00000, 0x0000000737800000| Untracked 
| 406|0x0000000737a00000, 0x0000000737c00000, 0x0000000737c00000|100%| O|  |TAMS 0x0000000737c00000, 0x0000000737a00000| Untracked 
| 407|0x0000000737c00000, 0x0000000737e00000, 0x0000000737e00000|100%| O|  |TAMS 0x0000000737e00000, 0x0000000737c00000| Untracked 
| 408|0x0000000737e00000, 0x0000000738000000, 0x0000000738000000|100%| O|  |TAMS 0x0000000738000000, 0x0000000737e00000| Untracked 
| 409|0x0000000738000000, 0x0000000738000000, 0x0000000738200000|  0%| F|  |TAMS 0x0000000738000000, 0x0000000738000000| Untracked 
| 410|0x0000000738200000, 0x0000000738200000, 0x0000000738400000|  0%| F|  |TAMS 0x0000000738200000, 0x0000000738200000| Untracked 
| 411|0x0000000738400000, 0x0000000738400000, 0x0000000738600000|  0%| F|  |TAMS 0x0000000738400000, 0x0000000738400000| Untracked 
| 412|0x0000000738600000, 0x0000000738600000, 0x0000000738800000|  0%| F|  |TAMS 0x0000000738600000, 0x0000000738600000| Untracked 
| 413|0x0000000738800000, 0x0000000738800000, 0x0000000738a00000|  0%| F|  |TAMS 0x0000000738800000, 0x0000000738800000| Untracked 
| 414|0x0000000738a00000, 0x0000000738a00000, 0x0000000738c00000|  0%| F|  |TAMS 0x0000000738a00000, 0x0000000738a00000| Untracked 
| 415|0x0000000738c00000, 0x0000000738c00000, 0x0000000738e00000|  0%| F|  |TAMS 0x0000000738c00000, 0x0000000738c00000| Untracked 
| 416|0x0000000738e00000, 0x0000000738e00000, 0x0000000739000000|  0%| F|  |TAMS 0x0000000738e00000, 0x0000000738e00000| Untracked 
| 417|0x0000000739000000, 0x0000000739000000, 0x0000000739200000|  0%| F|  |TAMS 0x0000000739000000, 0x0000000739000000| Untracked 
| 418|0x0000000739200000, 0x0000000739200000, 0x0000000739400000|  0%| F|  |TAMS 0x0000000739200000, 0x0000000739200000| Untracked 
| 419|0x0000000739400000, 0x0000000739400000, 0x0000000739600000|  0%| F|  |TAMS 0x0000000739400000, 0x0000000739400000| Untracked 
| 420|0x0000000739600000, 0x0000000739600000, 0x0000000739800000|  0%| F|  |TAMS 0x0000000739600000, 0x0000000739600000| Untracked 
| 421|0x0000000739800000, 0x0000000739800000, 0x0000000739a00000|  0%| F|  |TAMS 0x0000000739800000, 0x0000000739800000| Untracked 
| 422|0x0000000739a00000, 0x0000000739a00000, 0x0000000739c00000|  0%| F|  |TAMS 0x0000000739a00000, 0x0000000739a00000| Untracked 
| 423|0x0000000739c00000, 0x0000000739c00000, 0x0000000739e00000|  0%| F|  |TAMS 0x0000000739c00000, 0x0000000739c00000| Untracked 
| 424|0x0000000739e00000, 0x0000000739e00000, 0x000000073a000000|  0%| F|  |TAMS 0x0000000739e00000, 0x0000000739e00000| Untracked 
| 425|0x000000073a000000, 0x000000073a000000, 0x000000073a200000|  0%| F|  |TAMS 0x000000073a000000, 0x000000073a000000| Untracked 
| 426|0x000000073a200000, 0x000000073a200000, 0x000000073a400000|  0%| F|  |TAMS 0x000000073a200000, 0x000000073a200000| Untracked 
| 427|0x000000073a400000, 0x000000073a400000, 0x000000073a600000|  0%| F|  |TAMS 0x000000073a400000, 0x000000073a400000| Untracked 
| 428|0x000000073a600000, 0x000000073a600000, 0x000000073a800000|  0%| F|  |TAMS 0x000000073a600000, 0x000000073a600000| Untracked 
| 429|0x000000073a800000, 0x000000073a800000, 0x000000073aa00000|  0%| F|  |TAMS 0x000000073a800000, 0x000000073a800000| Untracked 
| 430|0x000000073aa00000, 0x000000073aa00000, 0x000000073ac00000|  0%| F|  |TAMS 0x000000073aa00000, 0x000000073aa00000| Untracked 
| 431|0x000000073ac00000, 0x000000073ac00000, 0x000000073ae00000|  0%| F|  |TAMS 0x000000073ac00000, 0x000000073ac00000| Untracked 
| 432|0x000000073ae00000, 0x000000073ae00000, 0x000000073b000000|  0%| F|  |TAMS 0x000000073ae00000, 0x000000073ae00000| Untracked 
| 433|0x000000073b000000, 0x000000073b000000, 0x000000073b200000|  0%| F|  |TAMS 0x000000073b000000, 0x000000073b000000| Untracked 
| 434|0x000000073b200000, 0x000000073b200000, 0x000000073b400000|  0%| F|  |TAMS 0x000000073b200000, 0x000000073b200000| Untracked 
| 435|0x000000073b400000, 0x000000073b400000, 0x000000073b600000|  0%| F|  |TAMS 0x000000073b400000, 0x000000073b400000| Untracked 
| 436|0x000000073b600000, 0x000000073b600000, 0x000000073b800000|  0%| F|  |TAMS 0x000000073b600000, 0x000000073b600000| Untracked 
| 437|0x000000073b800000, 0x000000073b800000, 0x000000073ba00000|  0%| F|  |TAMS 0x000000073b800000, 0x000000073b800000| Untracked 
| 438|0x000000073ba00000, 0x000000073ba00000, 0x000000073bc00000|  0%| F|  |TAMS 0x000000073ba00000, 0x000000073ba00000| Untracked 
| 439|0x000000073bc00000, 0x000000073bc00000, 0x000000073be00000|  0%| F|  |TAMS 0x000000073bc00000, 0x000000073bc00000| Untracked 
| 440|0x000000073be00000, 0x000000073be00000, 0x000000073c000000|  0%| F|  |TAMS 0x000000073be00000, 0x000000073be00000| Untracked 
| 441|0x000000073c000000, 0x000000073c000000, 0x000000073c200000|  0%| F|  |TAMS 0x000000073c000000, 0x000000073c000000| Untracked 
| 442|0x000000073c200000, 0x000000073c200000, 0x000000073c400000|  0%| F|  |TAMS 0x000000073c200000, 0x000000073c200000| Untracked 
| 443|0x000000073c400000, 0x000000073c400000, 0x000000073c600000|  0%| F|  |TAMS 0x000000073c400000, 0x000000073c400000| Untracked 
| 444|0x000000073c600000, 0x000000073c600000, 0x000000073c800000|  0%| F|  |TAMS 0x000000073c600000, 0x000000073c600000| Untracked 
| 445|0x000000073c800000, 0x000000073c800000, 0x000000073ca00000|  0%| F|  |TAMS 0x000000073c800000, 0x000000073c800000| Untracked 
| 446|0x000000073ca00000, 0x000000073ca00000, 0x000000073cc00000|  0%| F|  |TAMS 0x000000073ca00000, 0x000000073ca00000| Untracked 
| 447|0x000000073cc00000, 0x000000073cc00000, 0x000000073ce00000|  0%| F|  |TAMS 0x000000073cc00000, 0x000000073cc00000| Untracked 
| 448|0x000000073ce00000, 0x000000073ce00000, 0x000000073d000000|  0%| F|  |TAMS 0x000000073ce00000, 0x000000073ce00000| Untracked 
| 449|0x000000073d000000, 0x000000073d000000, 0x000000073d200000|  0%| F|  |TAMS 0x000000073d000000, 0x000000073d000000| Untracked 
| 450|0x000000073d200000, 0x000000073d200000, 0x000000073d400000|  0%| F|  |TAMS 0x000000073d200000, 0x000000073d200000| Untracked 
| 451|0x000000073d400000, 0x000000073d400000, 0x000000073d600000|  0%| F|  |TAMS 0x000000073d400000, 0x000000073d400000| Untracked 
| 452|0x000000073d600000, 0x000000073d600000, 0x000000073d800000|  0%| F|  |TAMS 0x000000073d600000, 0x000000073d600000| Untracked 
| 453|0x000000073d800000, 0x000000073d800000, 0x000000073da00000|  0%| F|  |TAMS 0x000000073d800000, 0x000000073d800000| Untracked 
| 454|0x000000073da00000, 0x000000073da00000, 0x000000073dc00000|  0%| F|  |TAMS 0x000000073da00000, 0x000000073da00000| Untracked 
| 455|0x000000073dc00000, 0x000000073dc00000, 0x000000073de00000|  0%| F|  |TAMS 0x000000073dc00000, 0x000000073dc00000| Untracked 
| 456|0x000000073de00000, 0x000000073de00000, 0x000000073e000000|  0%| F|  |TAMS 0x000000073de00000, 0x000000073de00000| Untracked 
| 457|0x000000073e000000, 0x000000073e000000, 0x000000073e200000|  0%| F|  |TAMS 0x000000073e000000, 0x000000073e000000| Untracked 
| 458|0x000000073e200000, 0x000000073e200000, 0x000000073e400000|  0%| F|  |TAMS 0x000000073e200000, 0x000000073e200000| Untracked 
| 459|0x000000073e400000, 0x000000073e400000, 0x000000073e600000|  0%| F|  |TAMS 0x000000073e400000, 0x000000073e400000| Untracked 
| 460|0x000000073e600000, 0x000000073e600000, 0x000000073e800000|  0%| F|  |TAMS 0x000000073e600000, 0x000000073e600000| Untracked 
| 461|0x000000073e800000, 0x000000073e800000, 0x000000073ea00000|  0%| F|  |TAMS 0x000000073e800000, 0x000000073e800000| Untracked 
| 462|0x000000073ea00000, 0x000000073ea00000, 0x000000073ec00000|  0%| F|  |TAMS 0x000000073ea00000, 0x000000073ea00000| Untracked 
| 463|0x000000073ec00000, 0x000000073ec00000, 0x000000073ee00000|  0%| F|  |TAMS 0x000000073ec00000, 0x000000073ec00000| Untracked 
| 464|0x000000073ee00000, 0x000000073ee00000, 0x000000073f000000|  0%| F|  |TAMS 0x000000073ee00000, 0x000000073ee00000| Untracked 
| 465|0x000000073f000000, 0x000000073f000000, 0x000000073f200000|  0%| F|  |TAMS 0x000000073f000000, 0x000000073f000000| Untracked 
| 466|0x000000073f200000, 0x000000073f200000, 0x000000073f400000|  0%| F|  |TAMS 0x000000073f200000, 0x000000073f200000| Untracked 
| 467|0x000000073f400000, 0x000000073f400000, 0x000000073f600000|  0%| F|  |TAMS 0x000000073f400000, 0x000000073f400000| Untracked 
| 468|0x000000073f600000, 0x000000073f600000, 0x000000073f800000|  0%| F|  |TAMS 0x000000073f600000, 0x000000073f600000| Untracked 
| 469|0x000000073f800000, 0x000000073f800000, 0x000000073fa00000|  0%| F|  |TAMS 0x000000073f800000, 0x000000073f800000| Untracked 
| 470|0x000000073fa00000, 0x000000073fa00000, 0x000000073fc00000|  0%| F|  |TAMS 0x000000073fa00000, 0x000000073fa00000| Untracked 
| 471|0x000000073fc00000, 0x000000073fc00000, 0x000000073fe00000|  0%| F|  |TAMS 0x000000073fc00000, 0x000000073fc00000| Untracked 
| 472|0x000000073fe00000, 0x000000073fe00000, 0x0000000740000000|  0%| F|  |TAMS 0x000000073fe00000, 0x000000073fe00000| Untracked 
| 473|0x0000000740000000, 0x0000000740000000, 0x0000000740200000|  0%| F|  |TAMS 0x0000000740000000, 0x0000000740000000| Untracked 
| 474|0x0000000740200000, 0x0000000740200000, 0x0000000740400000|  0%| F|  |TAMS 0x0000000740200000, 0x0000000740200000| Untracked 
| 475|0x0000000740400000, 0x0000000740400000, 0x0000000740600000|  0%| F|  |TAMS 0x0000000740400000, 0x0000000740400000| Untracked 
| 476|0x0000000740600000, 0x0000000740600000, 0x0000000740800000|  0%| F|  |TAMS 0x0000000740600000, 0x0000000740600000| Untracked 
| 477|0x0000000740800000, 0x0000000740800000, 0x0000000740a00000|  0%| F|  |TAMS 0x0000000740800000, 0x0000000740800000| Untracked 
| 478|0x0000000740a00000, 0x0000000740a00000, 0x0000000740c00000|  0%| F|  |TAMS 0x0000000740a00000, 0x0000000740a00000| Untracked 
| 479|0x0000000740c00000, 0x0000000740c00000, 0x0000000740e00000|  0%| F|  |TAMS 0x0000000740c00000, 0x0000000740c00000| Untracked 
| 480|0x0000000740e00000, 0x0000000740e00000, 0x0000000741000000|  0%| F|  |TAMS 0x0000000740e00000, 0x0000000740e00000| Untracked 
| 481|0x0000000741000000, 0x0000000741000000, 0x0000000741200000|  0%| F|  |TAMS 0x0000000741000000, 0x0000000741000000| Untracked 
| 482|0x0000000741200000, 0x0000000741200000, 0x0000000741400000|  0%| F|  |TAMS 0x0000000741200000, 0x0000000741200000| Untracked 
| 483|0x0000000741400000, 0x0000000741400000, 0x0000000741600000|  0%| F|  |TAMS 0x0000000741400000, 0x0000000741400000| Untracked 
| 484|0x0000000741600000, 0x0000000741600000, 0x0000000741800000|  0%| F|  |TAMS 0x0000000741600000, 0x0000000741600000| Untracked 
| 485|0x0000000741800000, 0x0000000741800000, 0x0000000741a00000|  0%| F|  |TAMS 0x0000000741800000, 0x0000000741800000| Untracked 
| 486|0x0000000741a00000, 0x0000000741a00000, 0x0000000741c00000|  0%| F|  |TAMS 0x0000000741a00000, 0x0000000741a00000| Untracked 
| 487|0x0000000741c00000, 0x0000000741d0c2f0, 0x0000000741e00000| 52%| S|CS|TAMS 0x0000000741c00000, 0x0000000741c00000| Complete 
| 488|0x0000000741e00000, 0x0000000742000000, 0x0000000742000000|100%| S|CS|TAMS 0x0000000741e00000, 0x0000000741e00000| Complete 
| 489|0x0000000742000000, 0x0000000742200000, 0x0000000742200000|100%| S|CS|TAMS 0x0000000742000000, 0x0000000742000000| Complete 
| 490|0x0000000742200000, 0x0000000742400000, 0x0000000742400000|100%| S|CS|TAMS 0x0000000742200000, 0x0000000742200000| Complete 
| 491|0x0000000742400000, 0x0000000742600000, 0x0000000742600000|100%| S|CS|TAMS 0x0000000742400000, 0x0000000742400000| Complete 
| 492|0x0000000742600000, 0x0000000742800000, 0x0000000742800000|100%| S|CS|TAMS 0x0000000742600000, 0x0000000742600000| Complete 
| 493|0x0000000742800000, 0x0000000742a00000, 0x0000000742a00000|100%| S|CS|TAMS 0x0000000742800000, 0x0000000742800000| Complete 
| 494|0x0000000742a00000, 0x0000000742c00000, 0x0000000742c00000|100%| S|CS|TAMS 0x0000000742a00000, 0x0000000742a00000| Complete 
| 495|0x0000000742c00000, 0x0000000742e00000, 0x0000000742e00000|100%| S|CS|TAMS 0x0000000742c00000, 0x0000000742c00000| Complete 
| 496|0x0000000742e00000, 0x0000000743000000, 0x0000000743000000|100%| S|CS|TAMS 0x0000000742e00000, 0x0000000742e00000| Complete 
| 497|0x0000000743000000, 0x0000000743200000, 0x0000000743200000|100%| S|CS|TAMS 0x0000000743000000, 0x0000000743000000| Complete 
| 498|0x0000000743200000, 0x0000000743200000, 0x0000000743400000|  0%| F|  |TAMS 0x0000000743200000, 0x0000000743200000| Untracked 
| 499|0x0000000743400000, 0x0000000743400000, 0x0000000743600000|  0%| F|  |TAMS 0x0000000743400000, 0x0000000743400000| Untracked 
| 500|0x0000000743600000, 0x0000000743600000, 0x0000000743800000|  0%| F|  |TAMS 0x0000000743600000, 0x0000000743600000| Untracked 
| 501|0x0000000743800000, 0x0000000743800000, 0x0000000743a00000|  0%| F|  |TAMS 0x0000000743800000, 0x0000000743800000| Untracked 
| 502|0x0000000743a00000, 0x0000000743a00000, 0x0000000743c00000|  0%| F|  |TAMS 0x0000000743a00000, 0x0000000743a00000| Untracked 
| 503|0x0000000743c00000, 0x0000000743c00000, 0x0000000743e00000|  0%| F|  |TAMS 0x0000000743c00000, 0x0000000743c00000| Untracked 
| 504|0x0000000743e00000, 0x0000000743e00000, 0x0000000744000000|  0%| F|  |TAMS 0x0000000743e00000, 0x0000000743e00000| Untracked 
| 505|0x0000000744000000, 0x0000000744000000, 0x0000000744200000|  0%| F|  |TAMS 0x0000000744000000, 0x0000000744000000| Untracked 
| 506|0x0000000744200000, 0x0000000744200000, 0x0000000744400000|  0%| F|  |TAMS 0x0000000744200000, 0x0000000744200000| Untracked 
| 507|0x0000000744400000, 0x0000000744400000, 0x0000000744600000|  0%| F|  |TAMS 0x0000000744400000, 0x0000000744400000| Untracked 
| 508|0x0000000744600000, 0x0000000744600000, 0x0000000744800000|  0%| F|  |TAMS 0x0000000744600000, 0x0000000744600000| Untracked 
| 509|0x0000000744800000, 0x0000000744800000, 0x0000000744a00000|  0%| F|  |TAMS 0x0000000744800000, 0x0000000744800000| Untracked 
| 510|0x0000000744a00000, 0x0000000744a00000, 0x0000000744c00000|  0%| F|  |TAMS 0x0000000744a00000, 0x0000000744a00000| Untracked 
| 511|0x0000000744c00000, 0x0000000744c00000, 0x0000000744e00000|  0%| F|  |TAMS 0x0000000744c00000, 0x0000000744c00000| Untracked 
| 512|0x0000000744e00000, 0x0000000744e00000, 0x0000000745000000|  0%| F|  |TAMS 0x0000000744e00000, 0x0000000744e00000| Untracked 
| 513|0x0000000745000000, 0x0000000745000000, 0x0000000745200000|  0%| F|  |TAMS 0x0000000745000000, 0x0000000745000000| Untracked 
| 514|0x0000000745200000, 0x0000000745200000, 0x0000000745400000|  0%| F|  |TAMS 0x0000000745200000, 0x0000000745200000| Untracked 
| 515|0x0000000745400000, 0x0000000745400000, 0x0000000745600000|  0%| F|  |TAMS 0x0000000745400000, 0x0000000745400000| Untracked 
| 516|0x0000000745600000, 0x0000000745600000, 0x0000000745800000|  0%| F|  |TAMS 0x0000000745600000, 0x0000000745600000| Untracked 
| 517|0x0000000745800000, 0x0000000745800000, 0x0000000745a00000|  0%| F|  |TAMS 0x0000000745800000, 0x0000000745800000| Untracked 
| 518|0x0000000745a00000, 0x0000000745a00000, 0x0000000745c00000|  0%| F|  |TAMS 0x0000000745a00000, 0x0000000745a00000| Untracked 
| 519|0x0000000745c00000, 0x0000000745c00000, 0x0000000745e00000|  0%| F|  |TAMS 0x0000000745c00000, 0x0000000745c00000| Untracked 
| 520|0x0000000745e00000, 0x0000000745e00000, 0x0000000746000000|  0%| F|  |TAMS 0x0000000745e00000, 0x0000000745e00000| Untracked 
| 521|0x0000000746000000, 0x0000000746000000, 0x0000000746200000|  0%| F|  |TAMS 0x0000000746000000, 0x0000000746000000| Untracked 
| 522|0x0000000746200000, 0x0000000746200000, 0x0000000746400000|  0%| F|  |TAMS 0x0000000746200000, 0x0000000746200000| Untracked 
| 523|0x0000000746400000, 0x0000000746400000, 0x0000000746600000|  0%| F|  |TAMS 0x0000000746400000, 0x0000000746400000| Untracked 
| 524|0x0000000746600000, 0x0000000746600000, 0x0000000746800000|  0%| F|  |TAMS 0x0000000746600000, 0x0000000746600000| Untracked 
| 525|0x0000000746800000, 0x0000000746800000, 0x0000000746a00000|  0%| F|  |TAMS 0x0000000746800000, 0x0000000746800000| Untracked 
| 526|0x0000000746a00000, 0x0000000746a00000, 0x0000000746c00000|  0%| F|  |TAMS 0x0000000746a00000, 0x0000000746a00000| Untracked 
| 527|0x0000000746c00000, 0x0000000746c00000, 0x0000000746e00000|  0%| F|  |TAMS 0x0000000746c00000, 0x0000000746c00000| Untracked 
| 528|0x0000000746e00000, 0x0000000746e00000, 0x0000000747000000|  0%| F|  |TAMS 0x0000000746e00000, 0x0000000746e00000| Untracked 
| 529|0x0000000747000000, 0x0000000747000000, 0x0000000747200000|  0%| F|  |TAMS 0x0000000747000000, 0x0000000747000000| Untracked 
| 530|0x0000000747200000, 0x0000000747200000, 0x0000000747400000|  0%| F|  |TAMS 0x0000000747200000, 0x0000000747200000| Untracked 
| 531|0x0000000747400000, 0x0000000747400000, 0x0000000747600000|  0%| F|  |TAMS 0x0000000747400000, 0x0000000747400000| Untracked 
| 532|0x0000000747600000, 0x0000000747600000, 0x0000000747800000|  0%| F|  |TAMS 0x0000000747600000, 0x0000000747600000| Untracked 
| 533|0x0000000747800000, 0x0000000747800000, 0x0000000747a00000|  0%| F|  |TAMS 0x0000000747800000, 0x0000000747800000| Untracked 
| 534|0x0000000747a00000, 0x0000000747a00000, 0x0000000747c00000|  0%| F|  |TAMS 0x0000000747a00000, 0x0000000747a00000| Untracked 
| 535|0x0000000747c00000, 0x0000000747c00000, 0x0000000747e00000|  0%| F|  |TAMS 0x0000000747c00000, 0x0000000747c00000| Untracked 
| 536|0x0000000747e00000, 0x0000000747e00000, 0x0000000748000000|  0%| F|  |TAMS 0x0000000747e00000, 0x0000000747e00000| Untracked 
| 537|0x0000000748000000, 0x0000000748000000, 0x0000000748200000|  0%| F|  |TAMS 0x0000000748000000, 0x0000000748000000| Untracked 
| 538|0x0000000748200000, 0x0000000748200000, 0x0000000748400000|  0%| F|  |TAMS 0x0000000748200000, 0x0000000748200000| Untracked 
| 539|0x0000000748400000, 0x0000000748400000, 0x0000000748600000|  0%| F|  |TAMS 0x0000000748400000, 0x0000000748400000| Untracked 
| 540|0x0000000748600000, 0x0000000748600000, 0x0000000748800000|  0%| F|  |TAMS 0x0000000748600000, 0x0000000748600000| Untracked 
| 541|0x0000000748800000, 0x0000000748800000, 0x0000000748a00000|  0%| F|  |TAMS 0x0000000748800000, 0x0000000748800000| Untracked 
| 542|0x0000000748a00000, 0x0000000748a00000, 0x0000000748c00000|  0%| F|  |TAMS 0x0000000748a00000, 0x0000000748a00000| Untracked 
| 543|0x0000000748c00000, 0x0000000748c00000, 0x0000000748e00000|  0%| F|  |TAMS 0x0000000748c00000, 0x0000000748c00000| Untracked 
| 544|0x0000000748e00000, 0x0000000748e00000, 0x0000000749000000|  0%| F|  |TAMS 0x0000000748e00000, 0x0000000748e00000| Untracked 
| 545|0x0000000749000000, 0x0000000749000000, 0x0000000749200000|  0%| F|  |TAMS 0x0000000749000000, 0x0000000749000000| Untracked 
| 546|0x0000000749200000, 0x0000000749200000, 0x0000000749400000|  0%| F|  |TAMS 0x0000000749200000, 0x0000000749200000| Untracked 
| 547|0x0000000749400000, 0x0000000749400000, 0x0000000749600000|  0%| F|  |TAMS 0x0000000749400000, 0x0000000749400000| Untracked 
| 548|0x0000000749600000, 0x0000000749600000, 0x0000000749800000|  0%| F|  |TAMS 0x0000000749600000, 0x0000000749600000| Untracked 
| 549|0x0000000749800000, 0x0000000749800000, 0x0000000749a00000|  0%| F|  |TAMS 0x0000000749800000, 0x0000000749800000| Untracked 
| 550|0x0000000749a00000, 0x0000000749a00000, 0x0000000749c00000|  0%| F|  |TAMS 0x0000000749a00000, 0x0000000749a00000| Untracked 
| 551|0x0000000749c00000, 0x0000000749c00000, 0x0000000749e00000|  0%| F|  |TAMS 0x0000000749c00000, 0x0000000749c00000| Untracked 
| 552|0x0000000749e00000, 0x0000000749e00000, 0x000000074a000000|  0%| F|  |TAMS 0x0000000749e00000, 0x0000000749e00000| Untracked 
| 553|0x000000074a000000, 0x000000074a000000, 0x000000074a200000|  0%| F|  |TAMS 0x000000074a000000, 0x000000074a000000| Untracked 
| 554|0x000000074a200000, 0x000000074a200000, 0x000000074a400000|  0%| F|  |TAMS 0x000000074a200000, 0x000000074a200000| Untracked 
| 555|0x000000074a400000, 0x000000074a400000, 0x000000074a600000|  0%| F|  |TAMS 0x000000074a400000, 0x000000074a400000| Untracked 
| 556|0x000000074a600000, 0x000000074a600000, 0x000000074a800000|  0%| F|  |TAMS 0x000000074a600000, 0x000000074a600000| Untracked 
| 557|0x000000074a800000, 0x000000074a800000, 0x000000074aa00000|  0%| F|  |TAMS 0x000000074a800000, 0x000000074a800000| Untracked 
| 558|0x000000074aa00000, 0x000000074aa00000, 0x000000074ac00000|  0%| F|  |TAMS 0x000000074aa00000, 0x000000074aa00000| Untracked 
| 559|0x000000074ac00000, 0x000000074ac00000, 0x000000074ae00000|  0%| F|  |TAMS 0x000000074ac00000, 0x000000074ac00000| Untracked 
| 560|0x000000074ae00000, 0x000000074ae00000, 0x000000074b000000|  0%| F|  |TAMS 0x000000074ae00000, 0x000000074ae00000| Untracked 
| 561|0x000000074b000000, 0x000000074b000000, 0x000000074b200000|  0%| F|  |TAMS 0x000000074b000000, 0x000000074b000000| Untracked 
| 562|0x000000074b200000, 0x000000074b200000, 0x000000074b400000|  0%| F|  |TAMS 0x000000074b200000, 0x000000074b200000| Untracked 
| 563|0x000000074b400000, 0x000000074b400000, 0x000000074b600000|  0%| F|  |TAMS 0x000000074b400000, 0x000000074b400000| Untracked 
| 564|0x000000074b600000, 0x000000074b600000, 0x000000074b800000|  0%| F|  |TAMS 0x000000074b600000, 0x000000074b600000| Untracked 
| 565|0x000000074b800000, 0x000000074b800000, 0x000000074ba00000|  0%| F|  |TAMS 0x000000074b800000, 0x000000074b800000| Untracked 
| 566|0x000000074ba00000, 0x000000074ba00000, 0x000000074bc00000|  0%| F|  |TAMS 0x000000074ba00000, 0x000000074ba00000| Untracked 
| 567|0x000000074bc00000, 0x000000074bc00000, 0x000000074be00000|  0%| F|  |TAMS 0x000000074bc00000, 0x000000074bc00000| Untracked 
| 568|0x000000074be00000, 0x000000074be00000, 0x000000074c000000|  0%| F|  |TAMS 0x000000074be00000, 0x000000074be00000| Untracked 
| 569|0x000000074c000000, 0x000000074c000000, 0x000000074c200000|  0%| F|  |TAMS 0x000000074c000000, 0x000000074c000000| Untracked 
| 570|0x000000074c200000, 0x000000074c200000, 0x000000074c400000|  0%| F|  |TAMS 0x000000074c200000, 0x000000074c200000| Untracked 
| 571|0x000000074c400000, 0x000000074c400000, 0x000000074c600000|  0%| F|  |TAMS 0x000000074c400000, 0x000000074c400000| Untracked 
| 572|0x000000074c600000, 0x000000074c600000, 0x000000074c800000|  0%| F|  |TAMS 0x000000074c600000, 0x000000074c600000| Untracked 
| 573|0x000000074c800000, 0x000000074c800000, 0x000000074ca00000|  0%| F|  |TAMS 0x000000074c800000, 0x000000074c800000| Untracked 
| 574|0x000000074ca00000, 0x000000074ca00000, 0x000000074cc00000|  0%| F|  |TAMS 0x000000074ca00000, 0x000000074ca00000| Untracked 
| 575|0x000000074cc00000, 0x000000074cc00000, 0x000000074ce00000|  0%| F|  |TAMS 0x000000074cc00000, 0x000000074cc00000| Untracked 
| 576|0x000000074ce00000, 0x000000074ce00000, 0x000000074d000000|  0%| F|  |TAMS 0x000000074ce00000, 0x000000074ce00000| Untracked 
| 577|0x000000074d000000, 0x000000074d000000, 0x000000074d200000|  0%| F|  |TAMS 0x000000074d000000, 0x000000074d000000| Untracked 
| 578|0x000000074d200000, 0x000000074d200000, 0x000000074d400000|  0%| F|  |TAMS 0x000000074d200000, 0x000000074d200000| Untracked 
| 579|0x000000074d400000, 0x000000074d400000, 0x000000074d600000|  0%| F|  |TAMS 0x000000074d400000, 0x000000074d400000| Untracked 
| 580|0x000000074d600000, 0x000000074d600000, 0x000000074d800000|  0%| F|  |TAMS 0x000000074d600000, 0x000000074d600000| Untracked 
| 581|0x000000074d800000, 0x000000074d800000, 0x000000074da00000|  0%| F|  |TAMS 0x000000074d800000, 0x000000074d800000| Untracked 
| 582|0x000000074da00000, 0x000000074da00000, 0x000000074dc00000|  0%| F|  |TAMS 0x000000074da00000, 0x000000074da00000| Untracked 
| 583|0x000000074dc00000, 0x000000074dc00000, 0x000000074de00000|  0%| F|  |TAMS 0x000000074dc00000, 0x000000074dc00000| Untracked 
| 584|0x000000074de00000, 0x000000074de00000, 0x000000074e000000|  0%| F|  |TAMS 0x000000074de00000, 0x000000074de00000| Untracked 
| 585|0x000000074e000000, 0x000000074e000000, 0x000000074e200000|  0%| F|  |TAMS 0x000000074e000000, 0x000000074e000000| Untracked 
| 586|0x000000074e200000, 0x000000074e200000, 0x000000074e400000|  0%| F|  |TAMS 0x000000074e200000, 0x000000074e200000| Untracked 
| 587|0x000000074e400000, 0x000000074e400000, 0x000000074e600000|  0%| F|  |TAMS 0x000000074e400000, 0x000000074e400000| Untracked 
| 588|0x000000074e600000, 0x000000074e600000, 0x000000074e800000|  0%| F|  |TAMS 0x000000074e600000, 0x000000074e600000| Untracked 
| 589|0x000000074e800000, 0x000000074e800000, 0x000000074ea00000|  0%| F|  |TAMS 0x000000074e800000, 0x000000074e800000| Untracked 
| 590|0x000000074ea00000, 0x000000074ea00000, 0x000000074ec00000|  0%| F|  |TAMS 0x000000074ea00000, 0x000000074ea00000| Untracked 
| 591|0x000000074ec00000, 0x000000074ec00000, 0x000000074ee00000|  0%| F|  |TAMS 0x000000074ec00000, 0x000000074ec00000| Untracked 
| 592|0x000000074ee00000, 0x000000074ee00000, 0x000000074f000000|  0%| F|  |TAMS 0x000000074ee00000, 0x000000074ee00000| Untracked 
| 593|0x000000074f000000, 0x000000074f000000, 0x000000074f200000|  0%| F|  |TAMS 0x000000074f000000, 0x000000074f000000| Untracked 
| 594|0x000000074f200000, 0x000000074f200000, 0x000000074f400000|  0%| F|  |TAMS 0x000000074f200000, 0x000000074f200000| Untracked 
| 595|0x000000074f400000, 0x000000074f400000, 0x000000074f600000|  0%| F|  |TAMS 0x000000074f400000, 0x000000074f400000| Untracked 
| 596|0x000000074f600000, 0x000000074f600000, 0x000000074f800000|  0%| F|  |TAMS 0x000000074f600000, 0x000000074f600000| Untracked 
| 597|0x000000074f800000, 0x000000074f800000, 0x000000074fa00000|  0%| F|  |TAMS 0x000000074f800000, 0x000000074f800000| Untracked 
| 598|0x000000074fa00000, 0x000000074fa00000, 0x000000074fc00000|  0%| F|  |TAMS 0x000000074fa00000, 0x000000074fa00000| Untracked 
| 599|0x000000074fc00000, 0x000000074fc00000, 0x000000074fe00000|  0%| F|  |TAMS 0x000000074fc00000, 0x000000074fc00000| Untracked 
| 600|0x000000074fe00000, 0x000000074fe00000, 0x0000000750000000|  0%| F|  |TAMS 0x000000074fe00000, 0x000000074fe00000| Untracked 
| 601|0x0000000750000000, 0x0000000750000000, 0x0000000750200000|  0%| F|  |TAMS 0x0000000750000000, 0x0000000750000000| Untracked 
| 602|0x0000000750200000, 0x0000000750200000, 0x0000000750400000|  0%| F|  |TAMS 0x0000000750200000, 0x0000000750200000| Untracked 
| 603|0x0000000750400000, 0x0000000750400000, 0x0000000750600000|  0%| F|  |TAMS 0x0000000750400000, 0x0000000750400000| Untracked 
| 604|0x0000000750600000, 0x0000000750600000, 0x0000000750800000|  0%| F|  |TAMS 0x0000000750600000, 0x0000000750600000| Untracked 
| 605|0x0000000750800000, 0x0000000750800000, 0x0000000750a00000|  0%| F|  |TAMS 0x0000000750800000, 0x0000000750800000| Untracked 
| 606|0x0000000750a00000, 0x0000000750a00000, 0x0000000750c00000|  0%| F|  |TAMS 0x0000000750a00000, 0x0000000750a00000| Untracked 
| 607|0x0000000750c00000, 0x0000000750c00000, 0x0000000750e00000|  0%| F|  |TAMS 0x0000000750c00000, 0x0000000750c00000| Untracked 
| 608|0x0000000750e00000, 0x0000000750e00000, 0x0000000751000000|  0%| F|  |TAMS 0x0000000750e00000, 0x0000000750e00000| Untracked 
| 609|0x0000000751000000, 0x0000000751000000, 0x0000000751200000|  0%| F|  |TAMS 0x0000000751000000, 0x0000000751000000| Untracked 
| 610|0x0000000751200000, 0x0000000751200000, 0x0000000751400000|  0%| F|  |TAMS 0x0000000751200000, 0x0000000751200000| Untracked 
| 611|0x0000000751400000, 0x0000000751400000, 0x0000000751600000|  0%| F|  |TAMS 0x0000000751400000, 0x0000000751400000| Untracked 
| 612|0x0000000751600000, 0x0000000751600000, 0x0000000751800000|  0%| F|  |TAMS 0x0000000751600000, 0x0000000751600000| Untracked 
| 613|0x0000000751800000, 0x0000000751800000, 0x0000000751a00000|  0%| F|  |TAMS 0x0000000751800000, 0x0000000751800000| Untracked 
| 614|0x0000000751a00000, 0x0000000751a00000, 0x0000000751c00000|  0%| F|  |TAMS 0x0000000751a00000, 0x0000000751a00000| Untracked 
| 615|0x0000000751c00000, 0x0000000751c00000, 0x0000000751e00000|  0%| F|  |TAMS 0x0000000751c00000, 0x0000000751c00000| Untracked 
| 616|0x0000000751e00000, 0x0000000751e00000, 0x0000000752000000|  0%| F|  |TAMS 0x0000000751e00000, 0x0000000751e00000| Untracked 
| 617|0x0000000752000000, 0x0000000752000000, 0x0000000752200000|  0%| F|  |TAMS 0x0000000752000000, 0x0000000752000000| Untracked 
| 618|0x0000000752200000, 0x0000000752200000, 0x0000000752400000|  0%| F|  |TAMS 0x0000000752200000, 0x0000000752200000| Untracked 
| 619|0x0000000752400000, 0x0000000752400000, 0x0000000752600000|  0%| F|  |TAMS 0x0000000752400000, 0x0000000752400000| Untracked 
| 620|0x0000000752600000, 0x0000000752600000, 0x0000000752800000|  0%| F|  |TAMS 0x0000000752600000, 0x0000000752600000| Untracked 
| 621|0x0000000752800000, 0x0000000752800000, 0x0000000752a00000|  0%| F|  |TAMS 0x0000000752800000, 0x0000000752800000| Untracked 
| 622|0x0000000752a00000, 0x0000000752a00000, 0x0000000752c00000|  0%| F|  |TAMS 0x0000000752a00000, 0x0000000752a00000| Untracked 
| 623|0x0000000752c00000, 0x0000000752c00000, 0x0000000752e00000|  0%| F|  |TAMS 0x0000000752c00000, 0x0000000752c00000| Untracked 
| 624|0x0000000752e00000, 0x0000000752e00000, 0x0000000753000000|  0%| F|  |TAMS 0x0000000752e00000, 0x0000000752e00000| Untracked 
| 625|0x0000000753000000, 0x0000000753000000, 0x0000000753200000|  0%| F|  |TAMS 0x0000000753000000, 0x0000000753000000| Untracked 
| 626|0x0000000753200000, 0x0000000753200000, 0x0000000753400000|  0%| F|  |TAMS 0x0000000753200000, 0x0000000753200000| Untracked 
| 627|0x0000000753400000, 0x0000000753400000, 0x0000000753600000|  0%| F|  |TAMS 0x0000000753400000, 0x0000000753400000| Untracked 
| 628|0x0000000753600000, 0x0000000753600000, 0x0000000753800000|  0%| F|  |TAMS 0x0000000753600000, 0x0000000753600000| Untracked 
| 629|0x0000000753800000, 0x0000000753800000, 0x0000000753a00000|  0%| F|  |TAMS 0x0000000753800000, 0x0000000753800000| Untracked 
| 630|0x0000000753a00000, 0x0000000753a00000, 0x0000000753c00000|  0%| F|  |TAMS 0x0000000753a00000, 0x0000000753a00000| Untracked 
| 631|0x0000000753c00000, 0x0000000753c00000, 0x0000000753e00000|  0%| F|  |TAMS 0x0000000753c00000, 0x0000000753c00000| Untracked 
| 632|0x0000000753e00000, 0x0000000753e00000, 0x0000000754000000|  0%| F|  |TAMS 0x0000000753e00000, 0x0000000753e00000| Untracked 
| 633|0x0000000754000000, 0x0000000754000000, 0x0000000754200000|  0%| F|  |TAMS 0x0000000754000000, 0x0000000754000000| Untracked 
| 634|0x0000000754200000, 0x0000000754200000, 0x0000000754400000|  0%| F|  |TAMS 0x0000000754200000, 0x0000000754200000| Untracked 
| 635|0x0000000754400000, 0x0000000754400000, 0x0000000754600000|  0%| F|  |TAMS 0x0000000754400000, 0x0000000754400000| Untracked 
| 636|0x0000000754600000, 0x0000000754600000, 0x0000000754800000|  0%| F|  |TAMS 0x0000000754600000, 0x0000000754600000| Untracked 
| 637|0x0000000754800000, 0x0000000754800000, 0x0000000754a00000|  0%| F|  |TAMS 0x0000000754800000, 0x0000000754800000| Untracked 
| 638|0x0000000754a00000, 0x0000000754a00000, 0x0000000754c00000|  0%| F|  |TAMS 0x0000000754a00000, 0x0000000754a00000| Untracked 
| 639|0x0000000754c00000, 0x0000000754c00000, 0x0000000754e00000|  0%| F|  |TAMS 0x0000000754c00000, 0x0000000754c00000| Untracked 
| 640|0x0000000754e00000, 0x0000000754e00000, 0x0000000755000000|  0%| F|  |TAMS 0x0000000754e00000, 0x0000000754e00000| Untracked 
| 641|0x0000000755000000, 0x0000000755000000, 0x0000000755200000|  0%| F|  |TAMS 0x0000000755000000, 0x0000000755000000| Untracked 
| 642|0x0000000755200000, 0x0000000755200000, 0x0000000755400000|  0%| F|  |TAMS 0x0000000755200000, 0x0000000755200000| Untracked 
| 643|0x0000000755400000, 0x0000000755400000, 0x0000000755600000|  0%| F|  |TAMS 0x0000000755400000, 0x0000000755400000| Untracked 
| 644|0x0000000755600000, 0x0000000755600000, 0x0000000755800000|  0%| F|  |TAMS 0x0000000755600000, 0x0000000755600000| Untracked 
| 645|0x0000000755800000, 0x0000000755800000, 0x0000000755a00000|  0%| F|  |TAMS 0x0000000755800000, 0x0000000755800000| Untracked 
| 646|0x0000000755a00000, 0x0000000755a00000, 0x0000000755c00000|  0%| F|  |TAMS 0x0000000755a00000, 0x0000000755a00000| Untracked 
| 647|0x0000000755c00000, 0x0000000755c00000, 0x0000000755e00000|  0%| F|  |TAMS 0x0000000755c00000, 0x0000000755c00000| Untracked 
| 648|0x0000000755e00000, 0x0000000755e00000, 0x0000000756000000|  0%| F|  |TAMS 0x0000000755e00000, 0x0000000755e00000| Untracked 
| 649|0x0000000756000000, 0x0000000756000000, 0x0000000756200000|  0%| F|  |TAMS 0x0000000756000000, 0x0000000756000000| Untracked 
| 650|0x0000000756200000, 0x0000000756200000, 0x0000000756400000|  0%| F|  |TAMS 0x0000000756200000, 0x0000000756200000| Untracked 
| 651|0x0000000756400000, 0x0000000756400000, 0x0000000756600000|  0%| F|  |TAMS 0x0000000756400000, 0x0000000756400000| Untracked 
| 652|0x0000000756600000, 0x0000000756600000, 0x0000000756800000|  0%| F|  |TAMS 0x0000000756600000, 0x0000000756600000| Untracked 
| 653|0x0000000756800000, 0x0000000756800000, 0x0000000756a00000|  0%| F|  |TAMS 0x0000000756800000, 0x0000000756800000| Untracked 
| 654|0x0000000756a00000, 0x0000000756a00000, 0x0000000756c00000|  0%| F|  |TAMS 0x0000000756a00000, 0x0000000756a00000| Untracked 
| 655|0x0000000756c00000, 0x0000000756c00000, 0x0000000756e00000|  0%| F|  |TAMS 0x0000000756c00000, 0x0000000756c00000| Untracked 
| 656|0x0000000756e00000, 0x0000000756e00000, 0x0000000757000000|  0%| F|  |TAMS 0x0000000756e00000, 0x0000000756e00000| Untracked 
| 657|0x0000000757000000, 0x0000000757000000, 0x0000000757200000|  0%| F|  |TAMS 0x0000000757000000, 0x0000000757000000| Untracked 
| 658|0x0000000757200000, 0x0000000757200000, 0x0000000757400000|  0%| F|  |TAMS 0x0000000757200000, 0x0000000757200000| Untracked 
| 659|0x0000000757400000, 0x0000000757400000, 0x0000000757600000|  0%| F|  |TAMS 0x0000000757400000, 0x0000000757400000| Untracked 
| 660|0x0000000757600000, 0x0000000757600000, 0x0000000757800000|  0%| F|  |TAMS 0x0000000757600000, 0x0000000757600000| Untracked 
| 661|0x0000000757800000, 0x0000000757800000, 0x0000000757a00000|  0%| F|  |TAMS 0x0000000757800000, 0x0000000757800000| Untracked 
| 662|0x0000000757a00000, 0x0000000757a00000, 0x0000000757c00000|  0%| F|  |TAMS 0x0000000757a00000, 0x0000000757a00000| Untracked 
| 663|0x0000000757c00000, 0x0000000757c00000, 0x0000000757e00000|  0%| F|  |TAMS 0x0000000757c00000, 0x0000000757c00000| Untracked 
| 664|0x0000000757e00000, 0x0000000757e00000, 0x0000000758000000|  0%| F|  |TAMS 0x0000000757e00000, 0x0000000757e00000| Untracked 
| 665|0x0000000758000000, 0x0000000758000000, 0x0000000758200000|  0%| F|  |TAMS 0x0000000758000000, 0x0000000758000000| Untracked 
| 666|0x0000000758200000, 0x0000000758200000, 0x0000000758400000|  0%| F|  |TAMS 0x0000000758200000, 0x0000000758200000| Untracked 
| 667|0x0000000758400000, 0x0000000758400000, 0x0000000758600000|  0%| F|  |TAMS 0x0000000758400000, 0x0000000758400000| Untracked 
| 668|0x0000000758600000, 0x0000000758600000, 0x0000000758800000|  0%| F|  |TAMS 0x0000000758600000, 0x0000000758600000| Untracked 
| 669|0x0000000758800000, 0x0000000758800000, 0x0000000758a00000|  0%| F|  |TAMS 0x0000000758800000, 0x0000000758800000| Untracked 
| 670|0x0000000758a00000, 0x0000000758a00000, 0x0000000758c00000|  0%| F|  |TAMS 0x0000000758a00000, 0x0000000758a00000| Untracked 
| 671|0x0000000758c00000, 0x0000000758c00000, 0x0000000758e00000|  0%| F|  |TAMS 0x0000000758c00000, 0x0000000758c00000| Untracked 
| 672|0x0000000758e00000, 0x0000000758e00000, 0x0000000759000000|  0%| F|  |TAMS 0x0000000758e00000, 0x0000000758e00000| Untracked 
| 673|0x0000000759000000, 0x0000000759000000, 0x0000000759200000|  0%| F|  |TAMS 0x0000000759000000, 0x0000000759000000| Untracked 
| 674|0x0000000759200000, 0x0000000759200000, 0x0000000759400000|  0%| F|  |TAMS 0x0000000759200000, 0x0000000759200000| Untracked 
| 675|0x0000000759400000, 0x0000000759400000, 0x0000000759600000|  0%| F|  |TAMS 0x0000000759400000, 0x0000000759400000| Untracked 
| 676|0x0000000759600000, 0x0000000759600000, 0x0000000759800000|  0%| F|  |TAMS 0x0000000759600000, 0x0000000759600000| Untracked 
| 677|0x0000000759800000, 0x0000000759800000, 0x0000000759a00000|  0%| F|  |TAMS 0x0000000759800000, 0x0000000759800000| Untracked 
| 678|0x0000000759a00000, 0x0000000759a00000, 0x0000000759c00000|  0%| F|  |TAMS 0x0000000759a00000, 0x0000000759a00000| Untracked 
| 679|0x0000000759c00000, 0x0000000759c00000, 0x0000000759e00000|  0%| F|  |TAMS 0x0000000759c00000, 0x0000000759c00000| Untracked 
| 680|0x0000000759e00000, 0x0000000759e00000, 0x000000075a000000|  0%| F|  |TAMS 0x0000000759e00000, 0x0000000759e00000| Untracked 
| 681|0x000000075a000000, 0x000000075a000000, 0x000000075a200000|  0%| F|  |TAMS 0x000000075a000000, 0x000000075a000000| Untracked 
| 682|0x000000075a200000, 0x000000075a200000, 0x000000075a400000|  0%| F|  |TAMS 0x000000075a200000, 0x000000075a200000| Untracked 
| 683|0x000000075a400000, 0x000000075a400000, 0x000000075a600000|  0%| F|  |TAMS 0x000000075a400000, 0x000000075a400000| Untracked 
| 684|0x000000075a600000, 0x000000075a600000, 0x000000075a800000|  0%| F|  |TAMS 0x000000075a600000, 0x000000075a600000| Untracked 
| 685|0x000000075a800000, 0x000000075a800000, 0x000000075aa00000|  0%| F|  |TAMS 0x000000075a800000, 0x000000075a800000| Untracked 
| 686|0x000000075aa00000, 0x000000075aa00000, 0x000000075ac00000|  0%| F|  |TAMS 0x000000075aa00000, 0x000000075aa00000| Untracked 
| 687|0x000000075ac00000, 0x000000075ac00000, 0x000000075ae00000|  0%| F|  |TAMS 0x000000075ac00000, 0x000000075ac00000| Untracked 
| 688|0x000000075ae00000, 0x000000075ae00000, 0x000000075b000000|  0%| F|  |TAMS 0x000000075ae00000, 0x000000075ae00000| Untracked 
| 689|0x000000075b000000, 0x000000075b000000, 0x000000075b200000|  0%| F|  |TAMS 0x000000075b000000, 0x000000075b000000| Untracked 
| 690|0x000000075b200000, 0x000000075b200000, 0x000000075b400000|  0%| F|  |TAMS 0x000000075b200000, 0x000000075b200000| Untracked 
| 691|0x000000075b400000, 0x000000075b400000, 0x000000075b600000|  0%| F|  |TAMS 0x000000075b400000, 0x000000075b400000| Untracked 
| 692|0x000000075b600000, 0x000000075b600000, 0x000000075b800000|  0%| F|  |TAMS 0x000000075b600000, 0x000000075b600000| Untracked 
| 693|0x000000075b800000, 0x000000075b800000, 0x000000075ba00000|  0%| F|  |TAMS 0x000000075b800000, 0x000000075b800000| Untracked 
| 694|0x000000075ba00000, 0x000000075ba00000, 0x000000075bc00000|  0%| F|  |TAMS 0x000000075ba00000, 0x000000075ba00000| Untracked 
| 695|0x000000075bc00000, 0x000000075bc00000, 0x000000075be00000|  0%| F|  |TAMS 0x000000075bc00000, 0x000000075bc00000| Untracked 
| 696|0x000000075be00000, 0x000000075be00000, 0x000000075c000000|  0%| F|  |TAMS 0x000000075be00000, 0x000000075be00000| Untracked 
| 697|0x000000075c000000, 0x000000075c000000, 0x000000075c200000|  0%| F|  |TAMS 0x000000075c000000, 0x000000075c000000| Untracked 
| 698|0x000000075c200000, 0x000000075c200000, 0x000000075c400000|  0%| F|  |TAMS 0x000000075c200000, 0x000000075c200000| Untracked 
| 699|0x000000075c400000, 0x000000075c400000, 0x000000075c600000|  0%| F|  |TAMS 0x000000075c400000, 0x000000075c400000| Untracked 
| 700|0x000000075c600000, 0x000000075c600000, 0x000000075c800000|  0%| F|  |TAMS 0x000000075c600000, 0x000000075c600000| Untracked 
| 701|0x000000075c800000, 0x000000075c800000, 0x000000075ca00000|  0%| F|  |TAMS 0x000000075c800000, 0x000000075c800000| Untracked 
| 702|0x000000075ca00000, 0x000000075ca00000, 0x000000075cc00000|  0%| F|  |TAMS 0x000000075ca00000, 0x000000075ca00000| Untracked 
| 703|0x000000075cc00000, 0x000000075cc00000, 0x000000075ce00000|  0%| F|  |TAMS 0x000000075cc00000, 0x000000075cc00000| Untracked 
| 704|0x000000075ce00000, 0x000000075ce00000, 0x000000075d000000|  0%| F|  |TAMS 0x000000075ce00000, 0x000000075ce00000| Untracked 
| 705|0x000000075d000000, 0x000000075d000000, 0x000000075d200000|  0%| F|  |TAMS 0x000000075d000000, 0x000000075d000000| Untracked 
| 706|0x000000075d200000, 0x000000075d200000, 0x000000075d400000|  0%| F|  |TAMS 0x000000075d200000, 0x000000075d200000| Untracked 
| 707|0x000000075d400000, 0x000000075d400000, 0x000000075d600000|  0%| F|  |TAMS 0x000000075d400000, 0x000000075d400000| Untracked 
| 708|0x000000075d600000, 0x000000075d600000, 0x000000075d800000|  0%| F|  |TAMS 0x000000075d600000, 0x000000075d600000| Untracked 
| 709|0x000000075d800000, 0x000000075d800000, 0x000000075da00000|  0%| F|  |TAMS 0x000000075d800000, 0x000000075d800000| Untracked 
| 710|0x000000075da00000, 0x000000075da00000, 0x000000075dc00000|  0%| F|  |TAMS 0x000000075da00000, 0x000000075da00000| Untracked 
| 711|0x000000075dc00000, 0x000000075dc00000, 0x000000075de00000|  0%| F|  |TAMS 0x000000075dc00000, 0x000000075dc00000| Untracked 
| 712|0x000000075de00000, 0x000000075de00000, 0x000000075e000000|  0%| F|  |TAMS 0x000000075de00000, 0x000000075de00000| Untracked 
| 713|0x000000075e000000, 0x000000075e000000, 0x000000075e200000|  0%| F|  |TAMS 0x000000075e000000, 0x000000075e000000| Untracked 
| 714|0x000000075e200000, 0x000000075e200000, 0x000000075e400000|  0%| F|  |TAMS 0x000000075e200000, 0x000000075e200000| Untracked 
| 715|0x000000075e400000, 0x000000075e400000, 0x000000075e600000|  0%| F|  |TAMS 0x000000075e400000, 0x000000075e400000| Untracked 
| 716|0x000000075e600000, 0x000000075e600000, 0x000000075e800000|  0%| F|  |TAMS 0x000000075e600000, 0x000000075e600000| Untracked 
| 717|0x000000075e800000, 0x000000075e800000, 0x000000075ea00000|  0%| F|  |TAMS 0x000000075e800000, 0x000000075e800000| Untracked 
| 718|0x000000075ea00000, 0x000000075ea00000, 0x000000075ec00000|  0%| F|  |TAMS 0x000000075ea00000, 0x000000075ea00000| Untracked 
| 719|0x000000075ec00000, 0x000000075ec00000, 0x000000075ee00000|  0%| F|  |TAMS 0x000000075ec00000, 0x000000075ec00000| Untracked 
| 720|0x000000075ee00000, 0x000000075ee00000, 0x000000075f000000|  0%| F|  |TAMS 0x000000075ee00000, 0x000000075ee00000| Untracked 
| 721|0x000000075f000000, 0x000000075f000000, 0x000000075f200000|  0%| F|  |TAMS 0x000000075f000000, 0x000000075f000000| Untracked 
| 722|0x000000075f200000, 0x000000075f200000, 0x000000075f400000|  0%| F|  |TAMS 0x000000075f200000, 0x000000075f200000| Untracked 
| 723|0x000000075f400000, 0x000000075f400000, 0x000000075f600000|  0%| F|  |TAMS 0x000000075f400000, 0x000000075f400000| Untracked 
| 724|0x000000075f600000, 0x000000075f600000, 0x000000075f800000|  0%| F|  |TAMS 0x000000075f600000, 0x000000075f600000| Untracked 
| 725|0x000000075f800000, 0x000000075f800000, 0x000000075fa00000|  0%| F|  |TAMS 0x000000075f800000, 0x000000075f800000| Untracked 
| 726|0x000000075fa00000, 0x000000075fa00000, 0x000000075fc00000|  0%| F|  |TAMS 0x000000075fa00000, 0x000000075fa00000| Untracked 
| 727|0x000000075fc00000, 0x000000075fc00000, 0x000000075fe00000|  0%| F|  |TAMS 0x000000075fc00000, 0x000000075fc00000| Untracked 
| 728|0x000000075fe00000, 0x000000075fe00000, 0x0000000760000000|  0%| F|  |TAMS 0x000000075fe00000, 0x000000075fe00000| Untracked 
| 729|0x0000000760000000, 0x0000000760000000, 0x0000000760200000|  0%| F|  |TAMS 0x0000000760000000, 0x0000000760000000| Untracked 
| 730|0x0000000760200000, 0x0000000760200000, 0x0000000760400000|  0%| F|  |TAMS 0x0000000760200000, 0x0000000760200000| Untracked 
| 731|0x0000000760400000, 0x0000000760400000, 0x0000000760600000|  0%| F|  |TAMS 0x0000000760400000, 0x0000000760400000| Untracked 
| 732|0x0000000760600000, 0x0000000760600000, 0x0000000760800000|  0%| F|  |TAMS 0x0000000760600000, 0x0000000760600000| Untracked 
| 733|0x0000000760800000, 0x0000000760800000, 0x0000000760a00000|  0%| F|  |TAMS 0x0000000760800000, 0x0000000760800000| Untracked 
| 734|0x0000000760a00000, 0x0000000760a00000, 0x0000000760c00000|  0%| F|  |TAMS 0x0000000760a00000, 0x0000000760a00000| Untracked 
| 735|0x0000000760c00000, 0x0000000760c00000, 0x0000000760e00000|  0%| F|  |TAMS 0x0000000760c00000, 0x0000000760c00000| Untracked 
| 736|0x0000000760e00000, 0x0000000760e00000, 0x0000000761000000|  0%| F|  |TAMS 0x0000000760e00000, 0x0000000760e00000| Untracked 
| 737|0x0000000761000000, 0x0000000761000000, 0x0000000761200000|  0%| F|  |TAMS 0x0000000761000000, 0x0000000761000000| Untracked 
| 738|0x0000000761200000, 0x0000000761200000, 0x0000000761400000|  0%| F|  |TAMS 0x0000000761200000, 0x0000000761200000| Untracked 
| 739|0x0000000761400000, 0x0000000761400000, 0x0000000761600000|  0%| F|  |TAMS 0x0000000761400000, 0x0000000761400000| Untracked 
| 740|0x0000000761600000, 0x0000000761600000, 0x0000000761800000|  0%| F|  |TAMS 0x0000000761600000, 0x0000000761600000| Untracked 
| 741|0x0000000761800000, 0x0000000761800000, 0x0000000761a00000|  0%| F|  |TAMS 0x0000000761800000, 0x0000000761800000| Untracked 
| 742|0x0000000761a00000, 0x0000000761a00000, 0x0000000761c00000|  0%| F|  |TAMS 0x0000000761a00000, 0x0000000761a00000| Untracked 
| 743|0x0000000761c00000, 0x0000000761c00000, 0x0000000761e00000|  0%| F|  |TAMS 0x0000000761c00000, 0x0000000761c00000| Untracked 
| 744|0x0000000761e00000, 0x0000000761e00000, 0x0000000762000000|  0%| F|  |TAMS 0x0000000761e00000, 0x0000000761e00000| Untracked 
| 745|0x0000000762000000, 0x0000000762000000, 0x0000000762200000|  0%| F|  |TAMS 0x0000000762000000, 0x0000000762000000| Untracked 
| 746|0x0000000762200000, 0x0000000762200000, 0x0000000762400000|  0%| F|  |TAMS 0x0000000762200000, 0x0000000762200000| Untracked 
| 747|0x0000000762400000, 0x0000000762400000, 0x0000000762600000|  0%| F|  |TAMS 0x0000000762400000, 0x0000000762400000| Untracked 
| 748|0x0000000762600000, 0x0000000762600000, 0x0000000762800000|  0%| F|  |TAMS 0x0000000762600000, 0x0000000762600000| Untracked 
| 749|0x0000000762800000, 0x0000000762800000, 0x0000000762a00000|  0%| F|  |TAMS 0x0000000762800000, 0x0000000762800000| Untracked 
| 750|0x0000000762a00000, 0x0000000762a00000, 0x0000000762c00000|  0%| F|  |TAMS 0x0000000762a00000, 0x0000000762a00000| Untracked 
| 751|0x0000000762c00000, 0x0000000762c00000, 0x0000000762e00000|  0%| F|  |TAMS 0x0000000762c00000, 0x0000000762c00000| Untracked 
| 752|0x0000000762e00000, 0x0000000762e00000, 0x0000000763000000|  0%| F|  |TAMS 0x0000000762e00000, 0x0000000762e00000| Untracked 
| 753|0x0000000763000000, 0x0000000763000000, 0x0000000763200000|  0%| F|  |TAMS 0x0000000763000000, 0x0000000763000000| Untracked 
| 754|0x0000000763200000, 0x0000000763200000, 0x0000000763400000|  0%| F|  |TAMS 0x0000000763200000, 0x0000000763200000| Untracked 
| 755|0x0000000763400000, 0x0000000763400000, 0x0000000763600000|  0%| F|  |TAMS 0x0000000763400000, 0x0000000763400000| Untracked 
| 756|0x0000000763600000, 0x0000000763600000, 0x0000000763800000|  0%| F|  |TAMS 0x0000000763600000, 0x0000000763600000| Untracked 
| 757|0x0000000763800000, 0x0000000763800000, 0x0000000763a00000|  0%| F|  |TAMS 0x0000000763800000, 0x0000000763800000| Untracked 
| 758|0x0000000763a00000, 0x0000000763a00000, 0x0000000763c00000|  0%| F|  |TAMS 0x0000000763a00000, 0x0000000763a00000| Untracked 
| 759|0x0000000763c00000, 0x0000000763c00000, 0x0000000763e00000|  0%| F|  |TAMS 0x0000000763c00000, 0x0000000763c00000| Untracked 
| 760|0x0000000763e00000, 0x0000000763e00000, 0x0000000764000000|  0%| F|  |TAMS 0x0000000763e00000, 0x0000000763e00000| Untracked 
| 761|0x0000000764000000, 0x0000000764000000, 0x0000000764200000|  0%| F|  |TAMS 0x0000000764000000, 0x0000000764000000| Untracked 
| 762|0x0000000764200000, 0x0000000764200000, 0x0000000764400000|  0%| F|  |TAMS 0x0000000764200000, 0x0000000764200000| Untracked 
| 763|0x0000000764400000, 0x0000000764400000, 0x0000000764600000|  0%| F|  |TAMS 0x0000000764400000, 0x0000000764400000| Untracked 
| 764|0x0000000764600000, 0x0000000764600000, 0x0000000764800000|  0%| F|  |TAMS 0x0000000764600000, 0x0000000764600000| Untracked 
| 765|0x0000000764800000, 0x0000000764800000, 0x0000000764a00000|  0%| F|  |TAMS 0x0000000764800000, 0x0000000764800000| Untracked 
| 766|0x0000000764a00000, 0x0000000764a00000, 0x0000000764c00000|  0%| F|  |TAMS 0x0000000764a00000, 0x0000000764a00000| Untracked 
| 767|0x0000000764c00000, 0x0000000764c00000, 0x0000000764e00000|  0%| F|  |TAMS 0x0000000764c00000, 0x0000000764c00000| Untracked 
| 768|0x0000000764e00000, 0x0000000764e00000, 0x0000000765000000|  0%| F|  |TAMS 0x0000000764e00000, 0x0000000764e00000| Untracked 
| 769|0x0000000765000000, 0x0000000765000000, 0x0000000765200000|  0%| F|  |TAMS 0x0000000765000000, 0x0000000765000000| Untracked 
| 770|0x0000000765200000, 0x0000000765200000, 0x0000000765400000|  0%| F|  |TAMS 0x0000000765200000, 0x0000000765200000| Untracked 
| 771|0x0000000765400000, 0x0000000765400000, 0x0000000765600000|  0%| F|  |TAMS 0x0000000765400000, 0x0000000765400000| Untracked 
| 772|0x0000000765600000, 0x0000000765600000, 0x0000000765800000|  0%| F|  |TAMS 0x0000000765600000, 0x0000000765600000| Untracked 
| 773|0x0000000765800000, 0x0000000765800000, 0x0000000765a00000|  0%| F|  |TAMS 0x0000000765800000, 0x0000000765800000| Untracked 
| 774|0x0000000765a00000, 0x0000000765a00000, 0x0000000765c00000|  0%| F|  |TAMS 0x0000000765a00000, 0x0000000765a00000| Untracked 
| 775|0x0000000765c00000, 0x0000000765c00000, 0x0000000765e00000|  0%| F|  |TAMS 0x0000000765c00000, 0x0000000765c00000| Untracked 
| 776|0x0000000765e00000, 0x0000000765e00000, 0x0000000766000000|  0%| F|  |TAMS 0x0000000765e00000, 0x0000000765e00000| Untracked 
| 777|0x0000000766000000, 0x0000000766000000, 0x0000000766200000|  0%| F|  |TAMS 0x0000000766000000, 0x0000000766000000| Untracked 
| 778|0x0000000766200000, 0x0000000766200000, 0x0000000766400000|  0%| F|  |TAMS 0x0000000766200000, 0x0000000766200000| Untracked 
| 779|0x0000000766400000, 0x0000000766600000, 0x0000000766600000|100%| E|  |TAMS 0x0000000766400000, 0x0000000766400000| Complete 
| 780|0x0000000766600000, 0x0000000766800000, 0x0000000766800000|100%| E|CS|TAMS 0x0000000766600000, 0x0000000766600000| Complete 
| 781|0x0000000766800000, 0x0000000766a00000, 0x0000000766a00000|100%| E|CS|TAMS 0x0000000766800000, 0x0000000766800000| Complete 
| 782|0x0000000766a00000, 0x0000000766c00000, 0x0000000766c00000|100%| E|CS|TAMS 0x0000000766a00000, 0x0000000766a00000| Complete 
| 783|0x0000000766c00000, 0x0000000766e00000, 0x0000000766e00000|100%| E|CS|TAMS 0x0000000766c00000, 0x0000000766c00000| Complete 
| 784|0x0000000766e00000, 0x0000000767000000, 0x0000000767000000|100%| E|CS|TAMS 0x0000000766e00000, 0x0000000766e00000| Complete 
| 785|0x0000000767000000, 0x0000000767200000, 0x0000000767200000|100%| E|CS|TAMS 0x0000000767000000, 0x0000000767000000| Complete 
| 786|0x0000000767200000, 0x0000000767400000, 0x0000000767400000|100%| E|CS|TAMS 0x0000000767200000, 0x0000000767200000| Complete 
| 787|0x0000000767400000, 0x0000000767600000, 0x0000000767600000|100%| E|CS|TAMS 0x0000000767400000, 0x0000000767400000| Complete 
| 788|0x0000000767600000, 0x0000000767800000, 0x0000000767800000|100%| E|CS|TAMS 0x0000000767600000, 0x0000000767600000| Complete 
| 789|0x0000000767800000, 0x0000000767a00000, 0x0000000767a00000|100%| E|CS|TAMS 0x0000000767800000, 0x0000000767800000| Complete 
| 790|0x0000000767a00000, 0x0000000767c00000, 0x0000000767c00000|100%| E|CS|TAMS 0x0000000767a00000, 0x0000000767a00000| Complete 
| 791|0x0000000767c00000, 0x0000000767e00000, 0x0000000767e00000|100%| E|CS|TAMS 0x0000000767c00000, 0x0000000767c00000| Complete 
| 792|0x0000000767e00000, 0x0000000768000000, 0x0000000768000000|100%| E|CS|TAMS 0x0000000767e00000, 0x0000000767e00000| Complete 
| 793|0x0000000768000000, 0x0000000768200000, 0x0000000768200000|100%| E|CS|TAMS 0x0000000768000000, 0x0000000768000000| Complete 
| 794|0x0000000768200000, 0x0000000768400000, 0x0000000768400000|100%| E|CS|TAMS 0x0000000768200000, 0x0000000768200000| Complete 
| 795|0x0000000768400000, 0x0000000768600000, 0x0000000768600000|100%| E|CS|TAMS 0x0000000768400000, 0x0000000768400000| Complete 
| 796|0x0000000768600000, 0x0000000768800000, 0x0000000768800000|100%| E|CS|TAMS 0x0000000768600000, 0x0000000768600000| Complete 
| 797|0x0000000768800000, 0x0000000768a00000, 0x0000000768a00000|100%| E|CS|TAMS 0x0000000768800000, 0x0000000768800000| Complete 
| 798|0x0000000768a00000, 0x0000000768c00000, 0x0000000768c00000|100%| E|CS|TAMS 0x0000000768a00000, 0x0000000768a00000| Complete 
| 799|0x0000000768c00000, 0x0000000768e00000, 0x0000000768e00000|100%| E|CS|TAMS 0x0000000768c00000, 0x0000000768c00000| Complete 
| 800|0x0000000768e00000, 0x0000000769000000, 0x0000000769000000|100%| E|CS|TAMS 0x0000000768e00000, 0x0000000768e00000| Complete 
| 801|0x0000000769000000, 0x0000000769200000, 0x0000000769200000|100%| E|CS|TAMS 0x0000000769000000, 0x0000000769000000| Complete 
| 802|0x0000000769200000, 0x0000000769400000, 0x0000000769400000|100%| E|CS|TAMS 0x0000000769200000, 0x0000000769200000| Complete 
| 803|0x0000000769400000, 0x0000000769600000, 0x0000000769600000|100%| E|CS|TAMS 0x0000000769400000, 0x0000000769400000| Complete 
| 804|0x0000000769600000, 0x0000000769800000, 0x0000000769800000|100%| E|CS|TAMS 0x0000000769600000, 0x0000000769600000| Complete 
| 805|0x0000000769800000, 0x0000000769a00000, 0x0000000769a00000|100%| E|CS|TAMS 0x0000000769800000, 0x0000000769800000| Complete 
| 806|0x0000000769a00000, 0x0000000769c00000, 0x0000000769c00000|100%| E|CS|TAMS 0x0000000769a00000, 0x0000000769a00000| Complete 
| 807|0x0000000769c00000, 0x0000000769e00000, 0x0000000769e00000|100%| E|CS|TAMS 0x0000000769c00000, 0x0000000769c00000| Complete 
| 808|0x0000000769e00000, 0x000000076a000000, 0x000000076a000000|100%| E|CS|TAMS 0x0000000769e00000, 0x0000000769e00000| Complete 
| 809|0x000000076a000000, 0x000000076a200000, 0x000000076a200000|100%| E|CS|TAMS 0x000000076a000000, 0x000000076a000000| Complete 
| 810|0x000000076a200000, 0x000000076a400000, 0x000000076a400000|100%| E|CS|TAMS 0x000000076a200000, 0x000000076a200000| Complete 
| 811|0x000000076a400000, 0x000000076a600000, 0x000000076a600000|100%| E|CS|TAMS 0x000000076a400000, 0x000000076a400000| Complete 
| 812|0x000000076a600000, 0x000000076a800000, 0x000000076a800000|100%| E|CS|TAMS 0x000000076a600000, 0x000000076a600000| Complete 
| 813|0x000000076a800000, 0x000000076aa00000, 0x000000076aa00000|100%| E|CS|TAMS 0x000000076a800000, 0x000000076a800000| Complete 
| 814|0x000000076aa00000, 0x000000076ac00000, 0x000000076ac00000|100%| E|CS|TAMS 0x000000076aa00000, 0x000000076aa00000| Complete 
| 815|0x000000076ac00000, 0x000000076ae00000, 0x000000076ae00000|100%| E|CS|TAMS 0x000000076ac00000, 0x000000076ac00000| Complete 
| 816|0x000000076ae00000, 0x000000076b000000, 0x000000076b000000|100%| E|CS|TAMS 0x000000076ae00000, 0x000000076ae00000| Complete 
| 817|0x000000076b000000, 0x000000076b200000, 0x000000076b200000|100%| E|CS|TAMS 0x000000076b000000, 0x000000076b000000| Complete 
| 818|0x000000076b200000, 0x000000076b400000, 0x000000076b400000|100%| E|CS|TAMS 0x000000076b200000, 0x000000076b200000| Complete 
| 819|0x000000076b400000, 0x000000076b600000, 0x000000076b600000|100%| E|CS|TAMS 0x000000076b400000, 0x000000076b400000| Complete 
| 820|0x000000076b600000, 0x000000076b800000, 0x000000076b800000|100%| E|CS|TAMS 0x000000076b600000, 0x000000076b600000| Complete 
| 821|0x000000076b800000, 0x000000076ba00000, 0x000000076ba00000|100%| E|CS|TAMS 0x000000076b800000, 0x000000076b800000| Complete 
| 822|0x000000076ba00000, 0x000000076bc00000, 0x000000076bc00000|100%| E|CS|TAMS 0x000000076ba00000, 0x000000076ba00000| Complete 
| 823|0x000000076bc00000, 0x000000076be00000, 0x000000076be00000|100%| E|CS|TAMS 0x000000076bc00000, 0x000000076bc00000| Complete 
| 824|0x000000076be00000, 0x000000076c000000, 0x000000076c000000|100%| E|CS|TAMS 0x000000076be00000, 0x000000076be00000| Complete 
| 825|0x000000076c000000, 0x000000076c200000, 0x000000076c200000|100%| E|CS|TAMS 0x000000076c000000, 0x000000076c000000| Complete 
| 826|0x000000076c200000, 0x000000076c400000, 0x000000076c400000|100%| E|CS|TAMS 0x000000076c200000, 0x000000076c200000| Complete 
| 827|0x000000076c400000, 0x000000076c600000, 0x000000076c600000|100%| E|CS|TAMS 0x000000076c400000, 0x000000076c400000| Complete 
| 828|0x000000076c600000, 0x000000076c800000, 0x000000076c800000|100%| E|CS|TAMS 0x000000076c600000, 0x000000076c600000| Complete 
| 829|0x000000076c800000, 0x000000076ca00000, 0x000000076ca00000|100%| E|CS|TAMS 0x000000076c800000, 0x000000076c800000| Complete 
| 830|0x000000076ca00000, 0x000000076cc00000, 0x000000076cc00000|100%| E|CS|TAMS 0x000000076ca00000, 0x000000076ca00000| Complete 
| 831|0x000000076cc00000, 0x000000076ce00000, 0x000000076ce00000|100%| E|CS|TAMS 0x000000076cc00000, 0x000000076cc00000| Complete 
| 832|0x000000076ce00000, 0x000000076d000000, 0x000000076d000000|100%| E|CS|TAMS 0x000000076ce00000, 0x000000076ce00000| Complete 
| 833|0x000000076d000000, 0x000000076d200000, 0x000000076d200000|100%| E|CS|TAMS 0x000000076d000000, 0x000000076d000000| Complete 
| 834|0x000000076d200000, 0x000000076d400000, 0x000000076d400000|100%| E|CS|TAMS 0x000000076d200000, 0x000000076d200000| Complete 
| 835|0x000000076d400000, 0x000000076d600000, 0x000000076d600000|100%| E|CS|TAMS 0x000000076d400000, 0x000000076d400000| Complete 
| 836|0x000000076d600000, 0x000000076d800000, 0x000000076d800000|100%| E|CS|TAMS 0x000000076d600000, 0x000000076d600000| Complete 
| 837|0x000000076d800000, 0x000000076da00000, 0x000000076da00000|100%| E|CS|TAMS 0x000000076d800000, 0x000000076d800000| Complete 
| 838|0x000000076da00000, 0x000000076dc00000, 0x000000076dc00000|100%| E|CS|TAMS 0x000000076da00000, 0x000000076da00000| Complete 
| 839|0x000000076dc00000, 0x000000076de00000, 0x000000076de00000|100%| E|CS|TAMS 0x000000076dc00000, 0x000000076dc00000| Complete 
| 840|0x000000076de00000, 0x000000076e000000, 0x000000076e000000|100%| E|CS|TAMS 0x000000076de00000, 0x000000076de00000| Complete 
| 841|0x000000076e000000, 0x000000076e200000, 0x000000076e200000|100%| E|CS|TAMS 0x000000076e000000, 0x000000076e000000| Complete 
| 842|0x000000076e200000, 0x000000076e400000, 0x000000076e400000|100%| E|CS|TAMS 0x000000076e200000, 0x000000076e200000| Complete 
| 843|0x000000076e400000, 0x000000076e600000, 0x000000076e600000|100%| E|CS|TAMS 0x000000076e400000, 0x000000076e400000| Complete 
| 844|0x000000076e600000, 0x000000076e800000, 0x000000076e800000|100%| E|CS|TAMS 0x000000076e600000, 0x000000076e600000| Complete 
| 845|0x000000076e800000, 0x000000076ea00000, 0x000000076ea00000|100%| E|CS|TAMS 0x000000076e800000, 0x000000076e800000| Complete 
| 846|0x000000076ea00000, 0x000000076ec00000, 0x000000076ec00000|100%| E|CS|TAMS 0x000000076ea00000, 0x000000076ea00000| Complete 
| 847|0x000000076ec00000, 0x000000076ee00000, 0x000000076ee00000|100%| E|CS|TAMS 0x000000076ec00000, 0x000000076ec00000| Complete 
| 848|0x000000076ee00000, 0x000000076f000000, 0x000000076f000000|100%| E|CS|TAMS 0x000000076ee00000, 0x000000076ee00000| Complete 
| 849|0x000000076f000000, 0x000000076f200000, 0x000000076f200000|100%| E|CS|TAMS 0x000000076f000000, 0x000000076f000000| Complete 
| 850|0x000000076f200000, 0x000000076f400000, 0x000000076f400000|100%| E|CS|TAMS 0x000000076f200000, 0x000000076f200000| Complete 
| 851|0x000000076f400000, 0x000000076f600000, 0x000000076f600000|100%| E|CS|TAMS 0x000000076f400000, 0x000000076f400000| Complete 
| 852|0x000000076f600000, 0x000000076f800000, 0x000000076f800000|100%| E|CS|TAMS 0x000000076f600000, 0x000000076f600000| Complete 
| 853|0x000000076f800000, 0x000000076fa00000, 0x000000076fa00000|100%| E|CS|TAMS 0x000000076f800000, 0x000000076f800000| Complete 
| 854|0x000000076fa00000, 0x000000076fc00000, 0x000000076fc00000|100%| E|CS|TAMS 0x000000076fa00000, 0x000000076fa00000| Complete 
| 855|0x000000076fc00000, 0x000000076fe00000, 0x000000076fe00000|100%| E|CS|TAMS 0x000000076fc00000, 0x000000076fc00000| Complete 
| 856|0x000000076fe00000, 0x0000000770000000, 0x0000000770000000|100%| E|CS|TAMS 0x000000076fe00000, 0x000000076fe00000| Complete 
| 857|0x0000000770000000, 0x0000000770200000, 0x0000000770200000|100%| E|CS|TAMS 0x0000000770000000, 0x0000000770000000| Complete 
| 858|0x0000000770200000, 0x0000000770400000, 0x0000000770400000|100%| E|CS|TAMS 0x0000000770200000, 0x0000000770200000| Complete 
| 859|0x0000000770400000, 0x0000000770600000, 0x0000000770600000|100%| E|CS|TAMS 0x0000000770400000, 0x0000000770400000| Complete 
| 860|0x0000000770600000, 0x0000000770800000, 0x0000000770800000|100%| E|CS|TAMS 0x0000000770600000, 0x0000000770600000| Complete 
| 861|0x0000000770800000, 0x0000000770a00000, 0x0000000770a00000|100%| E|CS|TAMS 0x0000000770800000, 0x0000000770800000| Complete 
| 862|0x0000000770a00000, 0x0000000770c00000, 0x0000000770c00000|100%| E|CS|TAMS 0x0000000770a00000, 0x0000000770a00000| Complete 
| 863|0x0000000770c00000, 0x0000000770e00000, 0x0000000770e00000|100%| E|CS|TAMS 0x0000000770c00000, 0x0000000770c00000| Complete 
| 864|0x0000000770e00000, 0x0000000771000000, 0x0000000771000000|100%| E|CS|TAMS 0x0000000770e00000, 0x0000000770e00000| Complete 
| 865|0x0000000771000000, 0x0000000771200000, 0x0000000771200000|100%| E|CS|TAMS 0x0000000771000000, 0x0000000771000000| Complete 
| 866|0x0000000771200000, 0x0000000771400000, 0x0000000771400000|100%| E|CS|TAMS 0x0000000771200000, 0x0000000771200000| Complete 
| 867|0x0000000771400000, 0x0000000771600000, 0x0000000771600000|100%| E|CS|TAMS 0x0000000771400000, 0x0000000771400000| Complete 
| 868|0x0000000771600000, 0x0000000771800000, 0x0000000771800000|100%| E|CS|TAMS 0x0000000771600000, 0x0000000771600000| Complete 
| 869|0x0000000771800000, 0x0000000771a00000, 0x0000000771a00000|100%| E|CS|TAMS 0x0000000771800000, 0x0000000771800000| Complete 
| 870|0x0000000771a00000, 0x0000000771c00000, 0x0000000771c00000|100%| E|CS|TAMS 0x0000000771a00000, 0x0000000771a00000| Complete 
| 871|0x0000000771c00000, 0x0000000771e00000, 0x0000000771e00000|100%| E|CS|TAMS 0x0000000771c00000, 0x0000000771c00000| Complete 
| 872|0x0000000771e00000, 0x0000000772000000, 0x0000000772000000|100%| E|CS|TAMS 0x0000000771e00000, 0x0000000771e00000| Complete 
| 873|0x0000000772000000, 0x0000000772200000, 0x0000000772200000|100%| E|CS|TAMS 0x0000000772000000, 0x0000000772000000| Complete 
| 874|0x0000000772200000, 0x0000000772400000, 0x0000000772400000|100%| E|CS|TAMS 0x0000000772200000, 0x0000000772200000| Complete 
| 875|0x0000000772400000, 0x0000000772600000, 0x0000000772600000|100%| E|CS|TAMS 0x0000000772400000, 0x0000000772400000| Complete 
| 876|0x0000000772600000, 0x0000000772800000, 0x0000000772800000|100%| E|CS|TAMS 0x0000000772600000, 0x0000000772600000| Complete 
| 877|0x0000000772800000, 0x0000000772a00000, 0x0000000772a00000|100%| E|CS|TAMS 0x0000000772800000, 0x0000000772800000| Complete 
| 878|0x0000000772a00000, 0x0000000772c00000, 0x0000000772c00000|100%| E|CS|TAMS 0x0000000772a00000, 0x0000000772a00000| Complete 
| 879|0x0000000772c00000, 0x0000000772e00000, 0x0000000772e00000|100%| E|CS|TAMS 0x0000000772c00000, 0x0000000772c00000| Complete 
| 880|0x0000000772e00000, 0x0000000773000000, 0x0000000773000000|100%| E|CS|TAMS 0x0000000772e00000, 0x0000000772e00000| Complete 
| 881|0x0000000773000000, 0x0000000773200000, 0x0000000773200000|100%| E|CS|TAMS 0x0000000773000000, 0x0000000773000000| Complete 
| 882|0x0000000773200000, 0x0000000773400000, 0x0000000773400000|100%| E|CS|TAMS 0x0000000773200000, 0x0000000773200000| Complete 
| 883|0x0000000773400000, 0x0000000773600000, 0x0000000773600000|100%| E|CS|TAMS 0x0000000773400000, 0x0000000773400000| Complete 
| 884|0x0000000773600000, 0x0000000773800000, 0x0000000773800000|100%| E|CS|TAMS 0x0000000773600000, 0x0000000773600000| Complete 
| 885|0x0000000773800000, 0x0000000773a00000, 0x0000000773a00000|100%| E|CS|TAMS 0x0000000773800000, 0x0000000773800000| Complete 
| 886|0x0000000773a00000, 0x0000000773c00000, 0x0000000773c00000|100%| E|CS|TAMS 0x0000000773a00000, 0x0000000773a00000| Complete 
| 887|0x0000000773c00000, 0x0000000773e00000, 0x0000000773e00000|100%| E|CS|TAMS 0x0000000773c00000, 0x0000000773c00000| Complete 
| 888|0x0000000773e00000, 0x0000000774000000, 0x0000000774000000|100%| E|CS|TAMS 0x0000000773e00000, 0x0000000773e00000| Complete 
| 889|0x0000000774000000, 0x0000000774200000, 0x0000000774200000|100%| E|CS|TAMS 0x0000000774000000, 0x0000000774000000| Complete 
| 890|0x0000000774200000, 0x0000000774400000, 0x0000000774400000|100%| E|CS|TAMS 0x0000000774200000, 0x0000000774200000| Complete 
| 891|0x0000000774400000, 0x0000000774600000, 0x0000000774600000|100%| E|CS|TAMS 0x0000000774400000, 0x0000000774400000| Complete 
| 892|0x0000000774600000, 0x0000000774800000, 0x0000000774800000|100%| E|CS|TAMS 0x0000000774600000, 0x0000000774600000| Complete 
| 893|0x0000000774800000, 0x0000000774a00000, 0x0000000774a00000|100%| E|CS|TAMS 0x0000000774800000, 0x0000000774800000| Complete 
| 894|0x0000000774a00000, 0x0000000774c00000, 0x0000000774c00000|100%| E|CS|TAMS 0x0000000774a00000, 0x0000000774a00000| Complete 
| 895|0x0000000774c00000, 0x0000000774e00000, 0x0000000774e00000|100%| E|CS|TAMS 0x0000000774c00000, 0x0000000774c00000| Complete 
| 896|0x0000000774e00000, 0x0000000775000000, 0x0000000775000000|100%| E|CS|TAMS 0x0000000774e00000, 0x0000000774e00000| Complete 
| 897|0x0000000775000000, 0x0000000775200000, 0x0000000775200000|100%| E|CS|TAMS 0x0000000775000000, 0x0000000775000000| Complete 
| 898|0x0000000775200000, 0x0000000775400000, 0x0000000775400000|100%| E|CS|TAMS 0x0000000775200000, 0x0000000775200000| Complete 
| 899|0x0000000775400000, 0x0000000775600000, 0x0000000775600000|100%| E|CS|TAMS 0x0000000775400000, 0x0000000775400000| Complete 
| 900|0x0000000775600000, 0x0000000775800000, 0x0000000775800000|100%| E|CS|TAMS 0x0000000775600000, 0x0000000775600000| Complete 
| 901|0x0000000775800000, 0x0000000775a00000, 0x0000000775a00000|100%| E|CS|TAMS 0x0000000775800000, 0x0000000775800000| Complete 
| 902|0x0000000775a00000, 0x0000000775c00000, 0x0000000775c00000|100%| E|CS|TAMS 0x0000000775a00000, 0x0000000775a00000| Complete 
| 903|0x0000000775c00000, 0x0000000775e00000, 0x0000000775e00000|100%| E|CS|TAMS 0x0000000775c00000, 0x0000000775c00000| Complete 
| 904|0x0000000775e00000, 0x0000000776000000, 0x0000000776000000|100%| E|CS|TAMS 0x0000000775e00000, 0x0000000775e00000| Complete 
| 905|0x0000000776000000, 0x0000000776200000, 0x0000000776200000|100%| E|CS|TAMS 0x0000000776000000, 0x0000000776000000| Complete 
| 906|0x0000000776200000, 0x0000000776400000, 0x0000000776400000|100%| E|CS|TAMS 0x0000000776200000, 0x0000000776200000| Complete 
| 907|0x0000000776400000, 0x0000000776600000, 0x0000000776600000|100%| E|CS|TAMS 0x0000000776400000, 0x0000000776400000| Complete 
| 908|0x0000000776600000, 0x0000000776800000, 0x0000000776800000|100%| E|CS|TAMS 0x0000000776600000, 0x0000000776600000| Complete 
| 909|0x0000000776800000, 0x0000000776a00000, 0x0000000776a00000|100%| E|CS|TAMS 0x0000000776800000, 0x0000000776800000| Complete 
| 910|0x0000000776a00000, 0x0000000776c00000, 0x0000000776c00000|100%| E|CS|TAMS 0x0000000776a00000, 0x0000000776a00000| Complete 
| 911|0x0000000776c00000, 0x0000000776e00000, 0x0000000776e00000|100%| E|CS|TAMS 0x0000000776c00000, 0x0000000776c00000| Complete 
| 912|0x0000000776e00000, 0x0000000777000000, 0x0000000777000000|100%| E|CS|TAMS 0x0000000776e00000, 0x0000000776e00000| Complete 
| 913|0x0000000777000000, 0x0000000777200000, 0x0000000777200000|100%| E|CS|TAMS 0x0000000777000000, 0x0000000777000000| Complete 
| 914|0x0000000777200000, 0x0000000777400000, 0x0000000777400000|100%| E|CS|TAMS 0x0000000777200000, 0x0000000777200000| Complete 
| 915|0x0000000777400000, 0x0000000777600000, 0x0000000777600000|100%| E|CS|TAMS 0x0000000777400000, 0x0000000777400000| Complete 
| 916|0x0000000777600000, 0x0000000777800000, 0x0000000777800000|100%| E|CS|TAMS 0x0000000777600000, 0x0000000777600000| Complete 
| 917|0x0000000777800000, 0x0000000777a00000, 0x0000000777a00000|100%| E|CS|TAMS 0x0000000777800000, 0x0000000777800000| Complete 
| 918|0x0000000777a00000, 0x0000000777c00000, 0x0000000777c00000|100%| E|CS|TAMS 0x0000000777a00000, 0x0000000777a00000| Complete 
| 919|0x0000000777c00000, 0x0000000777e00000, 0x0000000777e00000|100%| E|CS|TAMS 0x0000000777c00000, 0x0000000777c00000| Complete 
| 920|0x0000000777e00000, 0x0000000778000000, 0x0000000778000000|100%| E|CS|TAMS 0x0000000777e00000, 0x0000000777e00000| Complete 
| 921|0x0000000778000000, 0x0000000778200000, 0x0000000778200000|100%| E|CS|TAMS 0x0000000778000000, 0x0000000778000000| Complete 
| 922|0x0000000778200000, 0x0000000778400000, 0x0000000778400000|100%| E|CS|TAMS 0x0000000778200000, 0x0000000778200000| Complete 
| 923|0x0000000778400000, 0x0000000778600000, 0x0000000778600000|100%| E|CS|TAMS 0x0000000778400000, 0x0000000778400000| Complete 
| 924|0x0000000778600000, 0x0000000778800000, 0x0000000778800000|100%| E|CS|TAMS 0x0000000778600000, 0x0000000778600000| Complete 
| 925|0x0000000778800000, 0x0000000778a00000, 0x0000000778a00000|100%| E|CS|TAMS 0x0000000778800000, 0x0000000778800000| Complete 
| 926|0x0000000778a00000, 0x0000000778c00000, 0x0000000778c00000|100%| E|CS|TAMS 0x0000000778a00000, 0x0000000778a00000| Complete 
| 927|0x0000000778c00000, 0x0000000778e00000, 0x0000000778e00000|100%| E|CS|TAMS 0x0000000778c00000, 0x0000000778c00000| Complete 
| 928|0x0000000778e00000, 0x0000000779000000, 0x0000000779000000|100%| E|CS|TAMS 0x0000000778e00000, 0x0000000778e00000| Complete 
| 929|0x0000000779000000, 0x0000000779200000, 0x0000000779200000|100%| E|CS|TAMS 0x0000000779000000, 0x0000000779000000| Complete 
| 930|0x0000000779200000, 0x0000000779400000, 0x0000000779400000|100%| E|CS|TAMS 0x0000000779200000, 0x0000000779200000| Complete 
| 931|0x0000000779400000, 0x0000000779600000, 0x0000000779600000|100%| E|CS|TAMS 0x0000000779400000, 0x0000000779400000| Complete 
| 932|0x0000000779600000, 0x0000000779800000, 0x0000000779800000|100%| E|CS|TAMS 0x0000000779600000, 0x0000000779600000| Complete 
| 933|0x0000000779800000, 0x0000000779a00000, 0x0000000779a00000|100%| E|CS|TAMS 0x0000000779800000, 0x0000000779800000| Complete 
| 934|0x0000000779a00000, 0x0000000779c00000, 0x0000000779c00000|100%| E|CS|TAMS 0x0000000779a00000, 0x0000000779a00000| Complete 
| 935|0x0000000779c00000, 0x0000000779e00000, 0x0000000779e00000|100%| E|CS|TAMS 0x0000000779c00000, 0x0000000779c00000| Complete 
| 936|0x0000000779e00000, 0x000000077a000000, 0x000000077a000000|100%| E|CS|TAMS 0x0000000779e00000, 0x0000000779e00000| Complete 
| 937|0x000000077a000000, 0x000000077a200000, 0x000000077a200000|100%| E|CS|TAMS 0x000000077a000000, 0x000000077a000000| Complete 
| 938|0x000000077a200000, 0x000000077a400000, 0x000000077a400000|100%| E|CS|TAMS 0x000000077a200000, 0x000000077a200000| Complete 
| 939|0x000000077a400000, 0x000000077a600000, 0x000000077a600000|100%| E|CS|TAMS 0x000000077a400000, 0x000000077a400000| Complete 
| 940|0x000000077a600000, 0x000000077a800000, 0x000000077a800000|100%| E|CS|TAMS 0x000000077a600000, 0x000000077a600000| Complete 
| 941|0x000000077a800000, 0x000000077aa00000, 0x000000077aa00000|100%| E|CS|TAMS 0x000000077a800000, 0x000000077a800000| Complete 
| 942|0x000000077aa00000, 0x000000077ac00000, 0x000000077ac00000|100%| E|CS|TAMS 0x000000077aa00000, 0x000000077aa00000| Complete 
| 943|0x000000077ac00000, 0x000000077ae00000, 0x000000077ae00000|100%| E|CS|TAMS 0x000000077ac00000, 0x000000077ac00000| Complete 
| 944|0x000000077ae00000, 0x000000077b000000, 0x000000077b000000|100%| E|CS|TAMS 0x000000077ae00000, 0x000000077ae00000| Complete 
| 945|0x000000077b000000, 0x000000077b200000, 0x000000077b200000|100%| E|CS|TAMS 0x000000077b000000, 0x000000077b000000| Complete 
| 946|0x000000077b200000, 0x000000077b400000, 0x000000077b400000|100%| E|CS|TAMS 0x000000077b200000, 0x000000077b200000| Complete 
| 947|0x000000077b400000, 0x000000077b600000, 0x000000077b600000|100%| E|CS|TAMS 0x000000077b400000, 0x000000077b400000| Complete 
| 948|0x000000077b600000, 0x000000077b800000, 0x000000077b800000|100%| E|CS|TAMS 0x000000077b600000, 0x000000077b600000| Complete 
| 949|0x000000077b800000, 0x000000077ba00000, 0x000000077ba00000|100%| E|CS|TAMS 0x000000077b800000, 0x000000077b800000| Complete 
| 950|0x000000077ba00000, 0x000000077bc00000, 0x000000077bc00000|100%| E|CS|TAMS 0x000000077ba00000, 0x000000077ba00000| Complete 
| 951|0x000000077bc00000, 0x000000077be00000, 0x000000077be00000|100%| E|CS|TAMS 0x000000077bc00000, 0x000000077bc00000| Complete 
| 952|0x000000077be00000, 0x000000077c000000, 0x000000077c000000|100%| E|CS|TAMS 0x000000077be00000, 0x000000077be00000| Complete 
| 953|0x000000077c000000, 0x000000077c200000, 0x000000077c200000|100%| E|CS|TAMS 0x000000077c000000, 0x000000077c000000| Complete 
| 954|0x000000077c200000, 0x000000077c400000, 0x000000077c400000|100%| E|CS|TAMS 0x000000077c200000, 0x000000077c200000| Complete 
| 955|0x000000077c400000, 0x000000077c600000, 0x000000077c600000|100%| E|CS|TAMS 0x000000077c400000, 0x000000077c400000| Complete 
| 956|0x000000077c600000, 0x000000077c800000, 0x000000077c800000|100%| E|CS|TAMS 0x000000077c600000, 0x000000077c600000| Complete 
| 957|0x000000077c800000, 0x000000077ca00000, 0x000000077ca00000|100%| E|CS|TAMS 0x000000077c800000, 0x000000077c800000| Complete 
| 958|0x000000077ca00000, 0x000000077cc00000, 0x000000077cc00000|100%| E|CS|TAMS 0x000000077ca00000, 0x000000077ca00000| Complete 
| 959|0x000000077cc00000, 0x000000077ce00000, 0x000000077ce00000|100%| E|CS|TAMS 0x000000077cc00000, 0x000000077cc00000| Complete 
| 960|0x000000077ce00000, 0x000000077d000000, 0x000000077d000000|100%| E|CS|TAMS 0x000000077ce00000, 0x000000077ce00000| Complete 
| 961|0x000000077d000000, 0x000000077d200000, 0x000000077d200000|100%| E|CS|TAMS 0x000000077d000000, 0x000000077d000000| Complete 
| 962|0x000000077d200000, 0x000000077d400000, 0x000000077d400000|100%| E|CS|TAMS 0x000000077d200000, 0x000000077d200000| Complete 
| 963|0x000000077d400000, 0x000000077d600000, 0x000000077d600000|100%| E|CS|TAMS 0x000000077d400000, 0x000000077d400000| Complete 
| 964|0x000000077d600000, 0x000000077d800000, 0x000000077d800000|100%| E|CS|TAMS 0x000000077d600000, 0x000000077d600000| Complete 
| 965|0x000000077d800000, 0x000000077da00000, 0x000000077da00000|100%| E|CS|TAMS 0x000000077d800000, 0x000000077d800000| Complete 
| 966|0x000000077da00000, 0x000000077dc00000, 0x000000077dc00000|100%| E|CS|TAMS 0x000000077da00000, 0x000000077da00000| Complete 
| 967|0x000000077dc00000, 0x000000077de00000, 0x000000077de00000|100%| E|CS|TAMS 0x000000077dc00000, 0x000000077dc00000| Complete 
| 968|0x000000077de00000, 0x000000077e000000, 0x000000077e000000|100%| E|CS|TAMS 0x000000077de00000, 0x000000077de00000| Complete 
| 969|0x000000077e000000, 0x000000077e200000, 0x000000077e200000|100%| E|CS|TAMS 0x000000077e000000, 0x000000077e000000| Complete 
| 970|0x000000077e200000, 0x000000077e400000, 0x000000077e400000|100%| E|CS|TAMS 0x000000077e200000, 0x000000077e200000| Complete 
| 971|0x000000077e400000, 0x000000077e600000, 0x000000077e600000|100%| E|CS|TAMS 0x000000077e400000, 0x000000077e400000| Complete 
| 972|0x000000077e600000, 0x000000077e800000, 0x000000077e800000|100%| E|CS|TAMS 0x000000077e600000, 0x000000077e600000| Complete 
| 973|0x000000077e800000, 0x000000077ea00000, 0x000000077ea00000|100%| E|CS|TAMS 0x000000077e800000, 0x000000077e800000| Complete 
| 974|0x000000077ea00000, 0x000000077ec00000, 0x000000077ec00000|100%| E|CS|TAMS 0x000000077ea00000, 0x000000077ea00000| Complete 
| 975|0x000000077ec00000, 0x000000077ee00000, 0x000000077ee00000|100%| E|CS|TAMS 0x000000077ec00000, 0x000000077ec00000| Complete 
| 976|0x000000077ee00000, 0x000000077f000000, 0x000000077f000000|100%| E|CS|TAMS 0x000000077ee00000, 0x000000077ee00000| Complete 
| 977|0x000000077f000000, 0x000000077f200000, 0x000000077f200000|100%| E|CS|TAMS 0x000000077f000000, 0x000000077f000000| Complete 
| 978|0x000000077f200000, 0x000000077f400000, 0x000000077f400000|100%| E|CS|TAMS 0x000000077f200000, 0x000000077f200000| Complete 
| 979|0x000000077f400000, 0x000000077f600000, 0x000000077f600000|100%| E|CS|TAMS 0x000000077f400000, 0x000000077f400000| Complete 
| 980|0x000000077f600000, 0x000000077f800000, 0x000000077f800000|100%| E|CS|TAMS 0x000000077f600000, 0x000000077f600000| Complete 
| 981|0x000000077f800000, 0x000000077fa00000, 0x000000077fa00000|100%| E|CS|TAMS 0x000000077f800000, 0x000000077f800000| Complete 
| 982|0x000000077fa00000, 0x000000077fc00000, 0x000000077fc00000|100%| E|CS|TAMS 0x000000077fa00000, 0x000000077fa00000| Complete 
| 983|0x000000077fc00000, 0x000000077fe00000, 0x000000077fe00000|100%| E|CS|TAMS 0x000000077fc00000, 0x000000077fc00000| Complete 
| 984|0x000000077fe00000, 0x0000000780000000, 0x0000000780000000|100%| E|CS|TAMS 0x000000077fe00000, 0x000000077fe00000| Complete 
| 985|0x0000000780000000, 0x0000000780200000, 0x0000000780200000|100%| E|CS|TAMS 0x0000000780000000, 0x0000000780000000| Complete 
| 986|0x0000000780200000, 0x0000000780400000, 0x0000000780400000|100%| E|CS|TAMS 0x0000000780200000, 0x0000000780200000| Complete 
|1722|0x00000007dc200000, 0x00000007dc400000, 0x00000007dc400000|100%| E|CS|TAMS 0x00000007dc200000, 0x00000007dc200000| Complete 
|1723|0x00000007dc400000, 0x00000007dc600000, 0x00000007dc600000|100%| E|CS|TAMS 0x00000007dc400000, 0x00000007dc400000| Complete 
|1724|0x00000007dc600000, 0x00000007dc800000, 0x00000007dc800000|100%| E|CS|TAMS 0x00000007dc600000, 0x00000007dc600000| Complete 
|1725|0x00000007dc800000, 0x00000007dca00000, 0x00000007dca00000|100%| E|CS|TAMS 0x00000007dc800000, 0x00000007dc800000| Complete 
|1726|0x00000007dca00000, 0x00000007dcc00000, 0x00000007dcc00000|100%| E|CS|TAMS 0x00000007dca00000, 0x00000007dca00000| Complete 
|1727|0x00000007dcc00000, 0x00000007dce00000, 0x00000007dce00000|100%| E|CS|TAMS 0x00000007dcc00000, 0x00000007dcc00000| Complete 
|1728|0x00000007dce00000, 0x00000007dd000000, 0x00000007dd000000|100%| E|CS|TAMS 0x00000007dce00000, 0x00000007dce00000| Complete 
|1729|0x00000007dd000000, 0x00000007dd200000, 0x00000007dd200000|100%| E|CS|TAMS 0x00000007dd000000, 0x00000007dd000000| Complete 
|1730|0x00000007dd200000, 0x00000007dd400000, 0x00000007dd400000|100%| E|CS|TAMS 0x00000007dd200000, 0x00000007dd200000| Complete 
|1731|0x00000007dd400000, 0x00000007dd600000, 0x00000007dd600000|100%| E|CS|TAMS 0x00000007dd400000, 0x00000007dd400000| Complete 
|1732|0x00000007dd600000, 0x00000007dd800000, 0x00000007dd800000|100%| E|CS|TAMS 0x00000007dd600000, 0x00000007dd600000| Complete 
|1733|0x00000007dd800000, 0x00000007dda00000, 0x00000007dda00000|100%| E|CS|TAMS 0x00000007dd800000, 0x00000007dd800000| Complete 
|1734|0x00000007dda00000, 0x00000007ddc00000, 0x00000007ddc00000|100%| E|CS|TAMS 0x00000007dda00000, 0x00000007dda00000| Complete 
|1735|0x00000007ddc00000, 0x00000007dde00000, 0x00000007dde00000|100%| E|CS|TAMS 0x00000007ddc00000, 0x00000007ddc00000| Complete 
|1736|0x00000007dde00000, 0x00000007de000000, 0x00000007de000000|100%| E|CS|TAMS 0x00000007dde00000, 0x00000007dde00000| Complete 
|1737|0x00000007de000000, 0x00000007de200000, 0x00000007de200000|100%| E|CS|TAMS 0x00000007de000000, 0x00000007de000000| Complete 
|1738|0x00000007de200000, 0x00000007de400000, 0x00000007de400000|100%| E|CS|TAMS 0x00000007de200000, 0x00000007de200000| Complete 
|1739|0x00000007de400000, 0x00000007de600000, 0x00000007de600000|100%| E|CS|TAMS 0x00000007de400000, 0x00000007de400000| Complete 
|1740|0x00000007de600000, 0x00000007de800000, 0x00000007de800000|100%| E|CS|TAMS 0x00000007de600000, 0x00000007de600000| Complete 
|1741|0x00000007de800000, 0x00000007dea00000, 0x00000007dea00000|100%| E|CS|TAMS 0x00000007de800000, 0x00000007de800000| Complete 
|1742|0x00000007dea00000, 0x00000007dec00000, 0x00000007dec00000|100%| E|CS|TAMS 0x00000007dea00000, 0x00000007dea00000| Complete 
|1743|0x00000007dec00000, 0x00000007dee00000, 0x00000007dee00000|100%| E|CS|TAMS 0x00000007dec00000, 0x00000007dec00000| Complete 
|1744|0x00000007dee00000, 0x00000007df000000, 0x00000007df000000|100%| E|CS|TAMS 0x00000007dee00000, 0x00000007dee00000| Complete 
|1745|0x00000007df000000, 0x00000007df200000, 0x00000007df200000|100%| E|CS|TAMS 0x00000007df000000, 0x00000007df000000| Complete 
|1746|0x00000007df200000, 0x00000007df400000, 0x00000007df400000|100%| E|CS|TAMS 0x00000007df200000, 0x00000007df200000| Complete 
|1747|0x00000007df400000, 0x00000007df600000, 0x00000007df600000|100%| E|CS|TAMS 0x00000007df400000, 0x00000007df400000| Complete 
|1748|0x00000007df600000, 0x00000007df800000, 0x00000007df800000|100%| E|CS|TAMS 0x00000007df600000, 0x00000007df600000| Complete 
|1749|0x00000007df800000, 0x00000007dfa00000, 0x00000007dfa00000|100%| E|CS|TAMS 0x00000007df800000, 0x00000007df800000| Complete 
|1750|0x00000007dfa00000, 0x00000007dfc00000, 0x00000007dfc00000|100%| E|CS|TAMS 0x00000007dfa00000, 0x00000007dfa00000| Complete 
|1751|0x00000007dfc00000, 0x00000007dfe00000, 0x00000007dfe00000|100%| E|CS|TAMS 0x00000007dfc00000, 0x00000007dfc00000| Complete 
|1752|0x00000007dfe00000, 0x00000007e0000000, 0x00000007e0000000|100%| E|CS|TAMS 0x00000007dfe00000, 0x00000007dfe00000| Complete 
|1753|0x00000007e0000000, 0x00000007e0200000, 0x00000007e0200000|100%| E|CS|TAMS 0x00000007e0000000, 0x00000007e0000000| Complete 
|1754|0x00000007e0200000, 0x00000007e0400000, 0x00000007e0400000|100%| E|CS|TAMS 0x00000007e0200000, 0x00000007e0200000| Complete 
|1755|0x00000007e0400000, 0x00000007e0600000, 0x00000007e0600000|100%| E|CS|TAMS 0x00000007e0400000, 0x00000007e0400000| Complete 
|1756|0x00000007e0600000, 0x00000007e0800000, 0x00000007e0800000|100%| E|CS|TAMS 0x00000007e0600000, 0x00000007e0600000| Complete 
|1757|0x00000007e0800000, 0x00000007e0a00000, 0x00000007e0a00000|100%| E|CS|TAMS 0x00000007e0800000, 0x00000007e0800000| Complete 
|1758|0x00000007e0a00000, 0x00000007e0c00000, 0x00000007e0c00000|100%| E|CS|TAMS 0x00000007e0a00000, 0x00000007e0a00000| Complete 
|1759|0x00000007e0c00000, 0x00000007e0e00000, 0x00000007e0e00000|100%| E|CS|TAMS 0x00000007e0c00000, 0x00000007e0c00000| Complete 
|1760|0x00000007e0e00000, 0x00000007e1000000, 0x00000007e1000000|100%| E|CS|TAMS 0x00000007e0e00000, 0x00000007e0e00000| Complete 
|1761|0x00000007e1000000, 0x00000007e1200000, 0x00000007e1200000|100%| E|CS|TAMS 0x00000007e1000000, 0x00000007e1000000| Complete 
|1762|0x00000007e1200000, 0x00000007e1400000, 0x00000007e1400000|100%| E|CS|TAMS 0x00000007e1200000, 0x00000007e1200000| Complete 
|1763|0x00000007e1400000, 0x00000007e1600000, 0x00000007e1600000|100%| E|CS|TAMS 0x00000007e1400000, 0x00000007e1400000| Complete 
|1764|0x00000007e1600000, 0x00000007e1800000, 0x00000007e1800000|100%| E|CS|TAMS 0x00000007e1600000, 0x00000007e1600000| Complete 
|1765|0x00000007e1800000, 0x00000007e1a00000, 0x00000007e1a00000|100%| E|CS|TAMS 0x00000007e1800000, 0x00000007e1800000| Complete 
|1766|0x00000007e1a00000, 0x00000007e1c00000, 0x00000007e1c00000|100%| E|CS|TAMS 0x00000007e1a00000, 0x00000007e1a00000| Complete 
|1767|0x00000007e1c00000, 0x00000007e1e00000, 0x00000007e1e00000|100%| E|CS|TAMS 0x00000007e1c00000, 0x00000007e1c00000| Complete 
|1768|0x00000007e1e00000, 0x00000007e2000000, 0x00000007e2000000|100%| E|CS|TAMS 0x00000007e1e00000, 0x00000007e1e00000| Complete 
|1769|0x00000007e2000000, 0x00000007e2200000, 0x00000007e2200000|100%| E|CS|TAMS 0x00000007e2000000, 0x00000007e2000000| Complete 
|1770|0x00000007e2200000, 0x00000007e2400000, 0x00000007e2400000|100%| E|CS|TAMS 0x00000007e2200000, 0x00000007e2200000| Complete 
|1771|0x00000007e2400000, 0x00000007e2600000, 0x00000007e2600000|100%| E|CS|TAMS 0x00000007e2400000, 0x00000007e2400000| Complete 
|1772|0x00000007e2600000, 0x00000007e2800000, 0x00000007e2800000|100%| E|CS|TAMS 0x00000007e2600000, 0x00000007e2600000| Complete 
|1773|0x00000007e2800000, 0x00000007e2a00000, 0x00000007e2a00000|100%| E|CS|TAMS 0x00000007e2800000, 0x00000007e2800000| Complete 
|1774|0x00000007e2a00000, 0x00000007e2c00000, 0x00000007e2c00000|100%| E|CS|TAMS 0x00000007e2a00000, 0x00000007e2a00000| Complete 
|1775|0x00000007e2c00000, 0x00000007e2e00000, 0x00000007e2e00000|100%| E|CS|TAMS 0x00000007e2c00000, 0x00000007e2c00000| Complete 
|1776|0x00000007e2e00000, 0x00000007e3000000, 0x00000007e3000000|100%| E|CS|TAMS 0x00000007e2e00000, 0x00000007e2e00000| Complete 
|1777|0x00000007e3000000, 0x00000007e3200000, 0x00000007e3200000|100%| E|CS|TAMS 0x00000007e3000000, 0x00000007e3000000| Complete 
|1778|0x00000007e3200000, 0x00000007e3400000, 0x00000007e3400000|100%| E|CS|TAMS 0x00000007e3200000, 0x00000007e3200000| Complete 
|1779|0x00000007e3400000, 0x00000007e3600000, 0x00000007e3600000|100%| E|CS|TAMS 0x00000007e3400000, 0x00000007e3400000| Complete 
|1780|0x00000007e3600000, 0x00000007e3800000, 0x00000007e3800000|100%| E|CS|TAMS 0x00000007e3600000, 0x00000007e3600000| Complete 
|1781|0x00000007e3800000, 0x00000007e3a00000, 0x00000007e3a00000|100%| E|CS|TAMS 0x00000007e3800000, 0x00000007e3800000| Complete 
|1782|0x00000007e3a00000, 0x00000007e3c00000, 0x00000007e3c00000|100%| E|CS|TAMS 0x00000007e3a00000, 0x00000007e3a00000| Complete 
|1783|0x00000007e3c00000, 0x00000007e3e00000, 0x00000007e3e00000|100%| E|CS|TAMS 0x00000007e3c00000, 0x00000007e3c00000| Complete 
|1784|0x00000007e3e00000, 0x00000007e4000000, 0x00000007e4000000|100%| E|CS|TAMS 0x00000007e3e00000, 0x00000007e3e00000| Complete 
|1785|0x00000007e4000000, 0x00000007e4200000, 0x00000007e4200000|100%| E|CS|TAMS 0x00000007e4000000, 0x00000007e4000000| Complete 
|1786|0x00000007e4200000, 0x00000007e4400000, 0x00000007e4400000|100%| E|CS|TAMS 0x00000007e4200000, 0x00000007e4200000| Complete 
|1787|0x00000007e4400000, 0x00000007e4600000, 0x00000007e4600000|100%| E|CS|TAMS 0x00000007e4400000, 0x00000007e4400000| Complete 
|1788|0x00000007e4600000, 0x00000007e4800000, 0x00000007e4800000|100%| E|CS|TAMS 0x00000007e4600000, 0x00000007e4600000| Complete 
|1789|0x00000007e4800000, 0x00000007e4a00000, 0x00000007e4a00000|100%| E|CS|TAMS 0x00000007e4800000, 0x00000007e4800000| Complete 
|1790|0x00000007e4a00000, 0x00000007e4c00000, 0x00000007e4c00000|100%| E|CS|TAMS 0x00000007e4a00000, 0x00000007e4a00000| Complete 
|1791|0x00000007e4c00000, 0x00000007e4e00000, 0x00000007e4e00000|100%| E|CS|TAMS 0x00000007e4c00000, 0x00000007e4c00000| Complete 
|1792|0x00000007e4e00000, 0x00000007e5000000, 0x00000007e5000000|100%| E|CS|TAMS 0x00000007e4e00000, 0x00000007e4e00000| Complete 
|1793|0x00000007e5000000, 0x00000007e5200000, 0x00000007e5200000|100%| E|CS|TAMS 0x00000007e5000000, 0x00000007e5000000| Complete 
|1794|0x00000007e5200000, 0x00000007e5400000, 0x00000007e5400000|100%| E|CS|TAMS 0x00000007e5200000, 0x00000007e5200000| Complete 
|1795|0x00000007e5400000, 0x00000007e5600000, 0x00000007e5600000|100%| E|CS|TAMS 0x00000007e5400000, 0x00000007e5400000| Complete 
|1796|0x00000007e5600000, 0x00000007e5800000, 0x00000007e5800000|100%| E|CS|TAMS 0x00000007e5600000, 0x00000007e5600000| Complete 
|1797|0x00000007e5800000, 0x00000007e5a00000, 0x00000007e5a00000|100%| E|CS|TAMS 0x00000007e5800000, 0x00000007e5800000| Complete 
|1798|0x00000007e5a00000, 0x00000007e5c00000, 0x00000007e5c00000|100%| E|CS|TAMS 0x00000007e5a00000, 0x00000007e5a00000| Complete 
|1799|0x00000007e5c00000, 0x00000007e5e00000, 0x00000007e5e00000|100%| E|CS|TAMS 0x00000007e5c00000, 0x00000007e5c00000| Complete 
|1800|0x00000007e5e00000, 0x00000007e6000000, 0x00000007e6000000|100%| E|CS|TAMS 0x00000007e5e00000, 0x00000007e5e00000| Complete 
|1801|0x00000007e6000000, 0x00000007e6200000, 0x00000007e6200000|100%| E|CS|TAMS 0x00000007e6000000, 0x00000007e6000000| Complete 
|1802|0x00000007e6200000, 0x00000007e6400000, 0x00000007e6400000|100%| E|CS|TAMS 0x00000007e6200000, 0x00000007e6200000| Complete 
|1803|0x00000007e6400000, 0x00000007e6600000, 0x00000007e6600000|100%| E|CS|TAMS 0x00000007e6400000, 0x00000007e6400000| Complete 
|1804|0x00000007e6600000, 0x00000007e6800000, 0x00000007e6800000|100%| E|CS|TAMS 0x00000007e6600000, 0x00000007e6600000| Complete 
|1805|0x00000007e6800000, 0x00000007e6a00000, 0x00000007e6a00000|100%| E|CS|TAMS 0x00000007e6800000, 0x00000007e6800000| Complete 
|1806|0x00000007e6a00000, 0x00000007e6c00000, 0x00000007e6c00000|100%| E|CS|TAMS 0x00000007e6a00000, 0x00000007e6a00000| Complete 
|1807|0x00000007e6c00000, 0x00000007e6e00000, 0x00000007e6e00000|100%| E|CS|TAMS 0x00000007e6c00000, 0x00000007e6c00000| Complete 
|1808|0x00000007e6e00000, 0x00000007e7000000, 0x00000007e7000000|100%| E|CS|TAMS 0x00000007e6e00000, 0x00000007e6e00000| Complete 
|1809|0x00000007e7000000, 0x00000007e7200000, 0x00000007e7200000|100%| E|CS|TAMS 0x00000007e7000000, 0x00000007e7000000| Complete 
|1810|0x00000007e7200000, 0x00000007e7400000, 0x00000007e7400000|100%| E|CS|TAMS 0x00000007e7200000, 0x00000007e7200000| Complete 
|1811|0x00000007e7400000, 0x00000007e7600000, 0x00000007e7600000|100%| E|CS|TAMS 0x00000007e7400000, 0x00000007e7400000| Complete 
|1812|0x00000007e7600000, 0x00000007e7800000, 0x00000007e7800000|100%| E|CS|TAMS 0x00000007e7600000, 0x00000007e7600000| Complete 
|1813|0x00000007e7800000, 0x00000007e7a00000, 0x00000007e7a00000|100%| E|CS|TAMS 0x00000007e7800000, 0x00000007e7800000| Complete 
|1814|0x00000007e7a00000, 0x00000007e7c00000, 0x00000007e7c00000|100%| E|CS|TAMS 0x00000007e7a00000, 0x00000007e7a00000| Complete 
|1815|0x00000007e7c00000, 0x00000007e7e00000, 0x00000007e7e00000|100%| E|CS|TAMS 0x00000007e7c00000, 0x00000007e7c00000| Complete 
|1816|0x00000007e7e00000, 0x00000007e8000000, 0x00000007e8000000|100%| E|CS|TAMS 0x00000007e7e00000, 0x00000007e7e00000| Complete 
|1817|0x00000007e8000000, 0x00000007e8200000, 0x00000007e8200000|100%| E|CS|TAMS 0x00000007e8000000, 0x00000007e8000000| Complete 
|1818|0x00000007e8200000, 0x00000007e8400000, 0x00000007e8400000|100%| E|CS|TAMS 0x00000007e8200000, 0x00000007e8200000| Complete 
|1819|0x00000007e8400000, 0x00000007e8600000, 0x00000007e8600000|100%| E|CS|TAMS 0x00000007e8400000, 0x00000007e8400000| Complete 
|1820|0x00000007e8600000, 0x00000007e8800000, 0x00000007e8800000|100%| E|CS|TAMS 0x00000007e8600000, 0x00000007e8600000| Complete 
|1821|0x00000007e8800000, 0x00000007e8a00000, 0x00000007e8a00000|100%| E|CS|TAMS 0x00000007e8800000, 0x00000007e8800000| Complete 
|1822|0x00000007e8a00000, 0x00000007e8c00000, 0x00000007e8c00000|100%| E|CS|TAMS 0x00000007e8a00000, 0x00000007e8a00000| Complete 
|1823|0x00000007e8c00000, 0x00000007e8e00000, 0x00000007e8e00000|100%| E|CS|TAMS 0x00000007e8c00000, 0x00000007e8c00000| Complete 
|1824|0x00000007e8e00000, 0x00000007e9000000, 0x00000007e9000000|100%| E|CS|TAMS 0x00000007e8e00000, 0x00000007e8e00000| Complete 
|1825|0x00000007e9000000, 0x00000007e9200000, 0x00000007e9200000|100%| E|CS|TAMS 0x00000007e9000000, 0x00000007e9000000| Complete 
|1826|0x00000007e9200000, 0x00000007e9400000, 0x00000007e9400000|100%| E|CS|TAMS 0x00000007e9200000, 0x00000007e9200000| Complete 
|1827|0x00000007e9400000, 0x00000007e9600000, 0x00000007e9600000|100%| E|CS|TAMS 0x00000007e9400000, 0x00000007e9400000| Complete 
|1828|0x00000007e9600000, 0x00000007e9800000, 0x00000007e9800000|100%| E|CS|TAMS 0x00000007e9600000, 0x00000007e9600000| Complete 
|1829|0x00000007e9800000, 0x00000007e9a00000, 0x00000007e9a00000|100%| E|CS|TAMS 0x00000007e9800000, 0x00000007e9800000| Complete 
|1830|0x00000007e9a00000, 0x00000007e9c00000, 0x00000007e9c00000|100%| E|CS|TAMS 0x00000007e9a00000, 0x00000007e9a00000| Complete 
|1831|0x00000007e9c00000, 0x00000007e9e00000, 0x00000007e9e00000|100%| E|CS|TAMS 0x00000007e9c00000, 0x00000007e9c00000| Complete 
|1832|0x00000007e9e00000, 0x00000007ea000000, 0x00000007ea000000|100%| E|CS|TAMS 0x00000007e9e00000, 0x00000007e9e00000| Complete 
|1833|0x00000007ea000000, 0x00000007ea200000, 0x00000007ea200000|100%| E|CS|TAMS 0x00000007ea000000, 0x00000007ea000000| Complete 
|1834|0x00000007ea200000, 0x00000007ea400000, 0x00000007ea400000|100%| E|CS|TAMS 0x00000007ea200000, 0x00000007ea200000| Complete 
|1835|0x00000007ea400000, 0x00000007ea600000, 0x00000007ea600000|100%| E|CS|TAMS 0x00000007ea400000, 0x00000007ea400000| Complete 
|1836|0x00000007ea600000, 0x00000007ea800000, 0x00000007ea800000|100%| E|CS|TAMS 0x00000007ea600000, 0x00000007ea600000| Complete 
|1837|0x00000007ea800000, 0x00000007eaa00000, 0x00000007eaa00000|100%| E|CS|TAMS 0x00000007ea800000, 0x00000007ea800000| Complete 
|1838|0x00000007eaa00000, 0x00000007eac00000, 0x00000007eac00000|100%| E|CS|TAMS 0x00000007eaa00000, 0x00000007eaa00000| Complete 
|1839|0x00000007eac00000, 0x00000007eae00000, 0x00000007eae00000|100%| E|CS|TAMS 0x00000007eac00000, 0x00000007eac00000| Complete 
|1840|0x00000007eae00000, 0x00000007eb000000, 0x00000007eb000000|100%| E|CS|TAMS 0x00000007eae00000, 0x00000007eae00000| Complete 
|1841|0x00000007eb000000, 0x00000007eb200000, 0x00000007eb200000|100%| E|CS|TAMS 0x00000007eb000000, 0x00000007eb000000| Complete 
|1842|0x00000007eb200000, 0x00000007eb400000, 0x00000007eb400000|100%| E|CS|TAMS 0x00000007eb200000, 0x00000007eb200000| Complete 
|1843|0x00000007eb400000, 0x00000007eb600000, 0x00000007eb600000|100%| E|CS|TAMS 0x00000007eb400000, 0x00000007eb400000| Complete 
|1844|0x00000007eb600000, 0x00000007eb800000, 0x00000007eb800000|100%| E|CS|TAMS 0x00000007eb600000, 0x00000007eb600000| Complete 
|1845|0x00000007eb800000, 0x00000007eba00000, 0x00000007eba00000|100%| E|CS|TAMS 0x00000007eb800000, 0x00000007eb800000| Complete 
|1846|0x00000007eba00000, 0x00000007ebc00000, 0x00000007ebc00000|100%| E|CS|TAMS 0x00000007eba00000, 0x00000007eba00000| Complete 
|1847|0x00000007ebc00000, 0x00000007ebe00000, 0x00000007ebe00000|100%| E|CS|TAMS 0x00000007ebc00000, 0x00000007ebc00000| Complete 
|1848|0x00000007ebe00000, 0x00000007ec000000, 0x00000007ec000000|100%| E|CS|TAMS 0x00000007ebe00000, 0x00000007ebe00000| Complete 
|1849|0x00000007ec000000, 0x00000007ec200000, 0x00000007ec200000|100%| E|CS|TAMS 0x00000007ec000000, 0x00000007ec000000| Complete 
|1850|0x00000007ec200000, 0x00000007ec400000, 0x00000007ec400000|100%| E|CS|TAMS 0x00000007ec200000, 0x00000007ec200000| Complete 
|1851|0x00000007ec400000, 0x00000007ec600000, 0x00000007ec600000|100%| E|CS|TAMS 0x00000007ec400000, 0x00000007ec400000| Complete 
|1852|0x00000007ec600000, 0x00000007ec800000, 0x00000007ec800000|100%| E|CS|TAMS 0x00000007ec600000, 0x00000007ec600000| Complete 
|1853|0x00000007ec800000, 0x00000007eca00000, 0x00000007eca00000|100%| E|CS|TAMS 0x00000007ec800000, 0x00000007ec800000| Complete 
|1854|0x00000007eca00000, 0x00000007ecc00000, 0x00000007ecc00000|100%| E|CS|TAMS 0x00000007eca00000, 0x00000007eca00000| Complete 
|1855|0x00000007ecc00000, 0x00000007ece00000, 0x00000007ece00000|100%| E|CS|TAMS 0x00000007ecc00000, 0x00000007ecc00000| Complete 
|1856|0x00000007ece00000, 0x00000007ed000000, 0x00000007ed000000|100%| E|CS|TAMS 0x00000007ece00000, 0x00000007ece00000| Complete 
|1857|0x00000007ed000000, 0x00000007ed200000, 0x00000007ed200000|100%| E|CS|TAMS 0x00000007ed000000, 0x00000007ed000000| Complete 
|1858|0x00000007ed200000, 0x00000007ed400000, 0x00000007ed400000|100%| E|CS|TAMS 0x00000007ed200000, 0x00000007ed200000| Complete 
|1859|0x00000007ed400000, 0x00000007ed600000, 0x00000007ed600000|100%| E|CS|TAMS 0x00000007ed400000, 0x00000007ed400000| Complete 
|1860|0x00000007ed600000, 0x00000007ed800000, 0x00000007ed800000|100%| E|CS|TAMS 0x00000007ed600000, 0x00000007ed600000| Complete 
|1861|0x00000007ed800000, 0x00000007eda00000, 0x00000007eda00000|100%| E|CS|TAMS 0x00000007ed800000, 0x00000007ed800000| Complete 
|1862|0x00000007eda00000, 0x00000007edc00000, 0x00000007edc00000|100%| E|CS|TAMS 0x00000007eda00000, 0x00000007eda00000| Complete 
|1863|0x00000007edc00000, 0x00000007ede00000, 0x00000007ede00000|100%| E|CS|TAMS 0x00000007edc00000, 0x00000007edc00000| Complete 
|1864|0x00000007ede00000, 0x00000007ee000000, 0x00000007ee000000|100%| E|CS|TAMS 0x00000007ede00000, 0x00000007ede00000| Complete 
|1865|0x00000007ee000000, 0x00000007ee200000, 0x00000007ee200000|100%| E|CS|TAMS 0x00000007ee000000, 0x00000007ee000000| Complete 
|1866|0x00000007ee200000, 0x00000007ee400000, 0x00000007ee400000|100%| E|CS|TAMS 0x00000007ee200000, 0x00000007ee200000| Complete 
|1867|0x00000007ee400000, 0x00000007ee600000, 0x00000007ee600000|100%| E|CS|TAMS 0x00000007ee400000, 0x00000007ee400000| Complete 
|1868|0x00000007ee600000, 0x00000007ee800000, 0x00000007ee800000|100%| E|CS|TAMS 0x00000007ee600000, 0x00000007ee600000| Complete 
|1869|0x00000007ee800000, 0x00000007eea00000, 0x00000007eea00000|100%| E|CS|TAMS 0x00000007ee800000, 0x00000007ee800000| Complete 
|1870|0x00000007eea00000, 0x00000007eec00000, 0x00000007eec00000|100%| E|CS|TAMS 0x00000007eea00000, 0x00000007eea00000| Complete 
|1871|0x00000007eec00000, 0x00000007eee00000, 0x00000007eee00000|100%| E|CS|TAMS 0x00000007eec00000, 0x00000007eec00000| Complete 
|1872|0x00000007eee00000, 0x00000007ef000000, 0x00000007ef000000|100%| E|CS|TAMS 0x00000007eee00000, 0x00000007eee00000| Complete 
|1873|0x00000007ef000000, 0x00000007ef200000, 0x00000007ef200000|100%| E|CS|TAMS 0x00000007ef000000, 0x00000007ef000000| Complete 
|1874|0x00000007ef200000, 0x00000007ef400000, 0x00000007ef400000|100%| E|CS|TAMS 0x00000007ef200000, 0x00000007ef200000| Complete 
|1875|0x00000007ef400000, 0x00000007ef600000, 0x00000007ef600000|100%| E|CS|TAMS 0x00000007ef400000, 0x00000007ef400000| Complete 
|1876|0x00000007ef600000, 0x00000007ef800000, 0x00000007ef800000|100%| E|CS|TAMS 0x00000007ef600000, 0x00000007ef600000| Complete 
|1877|0x00000007ef800000, 0x00000007efa00000, 0x00000007efa00000|100%| E|CS|TAMS 0x00000007ef800000, 0x00000007ef800000| Complete 
|1878|0x00000007efa00000, 0x00000007efc00000, 0x00000007efc00000|100%| E|CS|TAMS 0x00000007efa00000, 0x00000007efa00000| Complete 
|1879|0x00000007efc00000, 0x00000007efe00000, 0x00000007efe00000|100%| E|CS|TAMS 0x00000007efc00000, 0x00000007efc00000| Complete 
|1880|0x00000007efe00000, 0x00000007f0000000, 0x00000007f0000000|100%| E|CS|TAMS 0x00000007efe00000, 0x00000007efe00000| Complete 
|1881|0x00000007f0000000, 0x00000007f0200000, 0x00000007f0200000|100%| E|CS|TAMS 0x00000007f0000000, 0x00000007f0000000| Complete 
|1882|0x00000007f0200000, 0x00000007f0400000, 0x00000007f0400000|100%| E|CS|TAMS 0x00000007f0200000, 0x00000007f0200000| Complete 
|1883|0x00000007f0400000, 0x00000007f0600000, 0x00000007f0600000|100%| E|CS|TAMS 0x00000007f0400000, 0x00000007f0400000| Complete 
|1884|0x00000007f0600000, 0x00000007f0800000, 0x00000007f0800000|100%| E|CS|TAMS 0x00000007f0600000, 0x00000007f0600000| Complete 
|1885|0x00000007f0800000, 0x00000007f0a00000, 0x00000007f0a00000|100%| E|CS|TAMS 0x00000007f0800000, 0x00000007f0800000| Complete 
|1886|0x00000007f0a00000, 0x00000007f0c00000, 0x00000007f0c00000|100%| E|CS|TAMS 0x00000007f0a00000, 0x00000007f0a00000| Complete 
|1887|0x00000007f0c00000, 0x00000007f0e00000, 0x00000007f0e00000|100%| E|CS|TAMS 0x00000007f0c00000, 0x00000007f0c00000| Complete 
|1888|0x00000007f0e00000, 0x00000007f1000000, 0x00000007f1000000|100%| E|CS|TAMS 0x00000007f0e00000, 0x00000007f0e00000| Complete 
|1889|0x00000007f1000000, 0x00000007f1200000, 0x00000007f1200000|100%| E|CS|TAMS 0x00000007f1000000, 0x00000007f1000000| Complete 
|1890|0x00000007f1200000, 0x00000007f1400000, 0x00000007f1400000|100%| E|CS|TAMS 0x00000007f1200000, 0x00000007f1200000| Complete 
|1891|0x00000007f1400000, 0x00000007f1600000, 0x00000007f1600000|100%| E|CS|TAMS 0x00000007f1400000, 0x00000007f1400000| Complete 
|1892|0x00000007f1600000, 0x00000007f1800000, 0x00000007f1800000|100%| E|CS|TAMS 0x00000007f1600000, 0x00000007f1600000| Complete 
|1893|0x00000007f1800000, 0x00000007f1a00000, 0x00000007f1a00000|100%| E|CS|TAMS 0x00000007f1800000, 0x00000007f1800000| Complete 
|1894|0x00000007f1a00000, 0x00000007f1c00000, 0x00000007f1c00000|100%| E|CS|TAMS 0x00000007f1a00000, 0x00000007f1a00000| Complete 
|1895|0x00000007f1c00000, 0x00000007f1e00000, 0x00000007f1e00000|100%| E|CS|TAMS 0x00000007f1c00000, 0x00000007f1c00000| Complete 
|1896|0x00000007f1e00000, 0x00000007f2000000, 0x00000007f2000000|100%| E|CS|TAMS 0x00000007f1e00000, 0x00000007f1e00000| Complete 
|1897|0x00000007f2000000, 0x00000007f2200000, 0x00000007f2200000|100%| E|CS|TAMS 0x00000007f2000000, 0x00000007f2000000| Complete 
|1898|0x00000007f2200000, 0x00000007f2400000, 0x00000007f2400000|100%| E|CS|TAMS 0x00000007f2200000, 0x00000007f2200000| Complete 
|1899|0x00000007f2400000, 0x00000007f2600000, 0x00000007f2600000|100%| E|CS|TAMS 0x00000007f2400000, 0x00000007f2400000| Complete 
|1900|0x00000007f2600000, 0x00000007f2800000, 0x00000007f2800000|100%| E|CS|TAMS 0x00000007f2600000, 0x00000007f2600000| Complete 
|1901|0x00000007f2800000, 0x00000007f2a00000, 0x00000007f2a00000|100%| E|CS|TAMS 0x00000007f2800000, 0x00000007f2800000| Complete 
|1902|0x00000007f2a00000, 0x00000007f2c00000, 0x00000007f2c00000|100%| E|CS|TAMS 0x00000007f2a00000, 0x00000007f2a00000| Complete 
|1903|0x00000007f2c00000, 0x00000007f2e00000, 0x00000007f2e00000|100%| E|CS|TAMS 0x00000007f2c00000, 0x00000007f2c00000| Complete 
|1904|0x00000007f2e00000, 0x00000007f3000000, 0x00000007f3000000|100%| E|CS|TAMS 0x00000007f2e00000, 0x00000007f2e00000| Complete 
|1905|0x00000007f3000000, 0x00000007f3200000, 0x00000007f3200000|100%| E|CS|TAMS 0x00000007f3000000, 0x00000007f3000000| Complete 
|1906|0x00000007f3200000, 0x00000007f3400000, 0x00000007f3400000|100%| E|CS|TAMS 0x00000007f3200000, 0x00000007f3200000| Complete 
|1907|0x00000007f3400000, 0x00000007f3600000, 0x00000007f3600000|100%| E|CS|TAMS 0x00000007f3400000, 0x00000007f3400000| Complete 
|1908|0x00000007f3600000, 0x00000007f3800000, 0x00000007f3800000|100%| E|CS|TAMS 0x00000007f3600000, 0x00000007f3600000| Complete 
|1909|0x00000007f3800000, 0x00000007f3a00000, 0x00000007f3a00000|100%| E|CS|TAMS 0x00000007f3800000, 0x00000007f3800000| Complete 
|1910|0x00000007f3a00000, 0x00000007f3c00000, 0x00000007f3c00000|100%| E|CS|TAMS 0x00000007f3a00000, 0x00000007f3a00000| Complete 
|1911|0x00000007f3c00000, 0x00000007f3e00000, 0x00000007f3e00000|100%| E|CS|TAMS 0x00000007f3c00000, 0x00000007f3c00000| Complete 
|1912|0x00000007f3e00000, 0x00000007f4000000, 0x00000007f4000000|100%| E|CS|TAMS 0x00000007f3e00000, 0x00000007f3e00000| Complete 
|1913|0x00000007f4000000, 0x00000007f4200000, 0x00000007f4200000|100%| E|CS|TAMS 0x00000007f4000000, 0x00000007f4000000| Complete 
|1914|0x00000007f4200000, 0x00000007f4400000, 0x00000007f4400000|100%| E|CS|TAMS 0x00000007f4200000, 0x00000007f4200000| Complete 
|1915|0x00000007f4400000, 0x00000007f4600000, 0x00000007f4600000|100%| E|CS|TAMS 0x00000007f4400000, 0x00000007f4400000| Complete 
|1916|0x00000007f4600000, 0x00000007f4800000, 0x00000007f4800000|100%| E|CS|TAMS 0x00000007f4600000, 0x00000007f4600000| Complete 
|1917|0x00000007f4800000, 0x00000007f4a00000, 0x00000007f4a00000|100%| E|CS|TAMS 0x00000007f4800000, 0x00000007f4800000| Complete 
|1918|0x00000007f4a00000, 0x00000007f4c00000, 0x00000007f4c00000|100%| E|CS|TAMS 0x00000007f4a00000, 0x00000007f4a00000| Complete 
|1919|0x00000007f4c00000, 0x00000007f4e00000, 0x00000007f4e00000|100%| E|CS|TAMS 0x00000007f4c00000, 0x00000007f4c00000| Complete 
|1920|0x00000007f4e00000, 0x00000007f5000000, 0x00000007f5000000|100%| E|CS|TAMS 0x00000007f4e00000, 0x00000007f4e00000| Complete 
|1921|0x00000007f5000000, 0x00000007f5200000, 0x00000007f5200000|100%| E|CS|TAMS 0x00000007f5000000, 0x00000007f5000000| Complete 
|1922|0x00000007f5200000, 0x00000007f5400000, 0x00000007f5400000|100%| E|CS|TAMS 0x00000007f5200000, 0x00000007f5200000| Complete 
|1923|0x00000007f5400000, 0x00000007f5600000, 0x00000007f5600000|100%| E|CS|TAMS 0x00000007f5400000, 0x00000007f5400000| Complete 
|1924|0x00000007f5600000, 0x00000007f5800000, 0x00000007f5800000|100%| E|CS|TAMS 0x00000007f5600000, 0x00000007f5600000| Complete 
|1925|0x00000007f5800000, 0x00000007f5a00000, 0x00000007f5a00000|100%| E|CS|TAMS 0x00000007f5800000, 0x00000007f5800000| Complete 
|1926|0x00000007f5a00000, 0x00000007f5c00000, 0x00000007f5c00000|100%| E|CS|TAMS 0x00000007f5a00000, 0x00000007f5a00000| Complete 
|1927|0x00000007f5c00000, 0x00000007f5e00000, 0x00000007f5e00000|100%| E|CS|TAMS 0x00000007f5c00000, 0x00000007f5c00000| Complete 
|1928|0x00000007f5e00000, 0x00000007f6000000, 0x00000007f6000000|100%| E|CS|TAMS 0x00000007f5e00000, 0x00000007f5e00000| Complete 
|1929|0x00000007f6000000, 0x00000007f6200000, 0x00000007f6200000|100%| E|CS|TAMS 0x00000007f6000000, 0x00000007f6000000| Complete 
|1930|0x00000007f6200000, 0x00000007f6400000, 0x00000007f6400000|100%| E|CS|TAMS 0x00000007f6200000, 0x00000007f6200000| Complete 
|1931|0x00000007f6400000, 0x00000007f6600000, 0x00000007f6600000|100%| E|CS|TAMS 0x00000007f6400000, 0x00000007f6400000| Complete 
|1932|0x00000007f6600000, 0x00000007f6800000, 0x00000007f6800000|100%| E|CS|TAMS 0x00000007f6600000, 0x00000007f6600000| Complete 
|1933|0x00000007f6800000, 0x00000007f6a00000, 0x00000007f6a00000|100%| E|CS|TAMS 0x00000007f6800000, 0x00000007f6800000| Complete 
|1934|0x00000007f6a00000, 0x00000007f6c00000, 0x00000007f6c00000|100%| E|CS|TAMS 0x00000007f6a00000, 0x00000007f6a00000| Complete 
|1935|0x00000007f6c00000, 0x00000007f6e00000, 0x00000007f6e00000|100%| E|CS|TAMS 0x00000007f6c00000, 0x00000007f6c00000| Complete 
|1936|0x00000007f6e00000, 0x00000007f7000000, 0x00000007f7000000|100%| E|CS|TAMS 0x00000007f6e00000, 0x00000007f6e00000| Complete 
|1937|0x00000007f7000000, 0x00000007f7200000, 0x00000007f7200000|100%| E|CS|TAMS 0x00000007f7000000, 0x00000007f7000000| Complete 
|1938|0x00000007f7200000, 0x00000007f7400000, 0x00000007f7400000|100%| E|CS|TAMS 0x00000007f7200000, 0x00000007f7200000| Complete 
|1939|0x00000007f7400000, 0x00000007f7600000, 0x00000007f7600000|100%| E|CS|TAMS 0x00000007f7400000, 0x00000007f7400000| Complete 
|1940|0x00000007f7600000, 0x00000007f7800000, 0x00000007f7800000|100%| E|CS|TAMS 0x00000007f7600000, 0x00000007f7600000| Complete 
|1941|0x00000007f7800000, 0x00000007f7a00000, 0x00000007f7a00000|100%| E|CS|TAMS 0x00000007f7800000, 0x00000007f7800000| Complete 
|1942|0x00000007f7a00000, 0x00000007f7c00000, 0x00000007f7c00000|100%| E|CS|TAMS 0x00000007f7a00000, 0x00000007f7a00000| Complete 
|1943|0x00000007f7c00000, 0x00000007f7e00000, 0x00000007f7e00000|100%| E|CS|TAMS 0x00000007f7c00000, 0x00000007f7c00000| Complete 
|1944|0x00000007f7e00000, 0x00000007f8000000, 0x00000007f8000000|100%| E|CS|TAMS 0x00000007f7e00000, 0x00000007f7e00000| Complete 
|1945|0x00000007f8000000, 0x00000007f8200000, 0x00000007f8200000|100%| E|CS|TAMS 0x00000007f8000000, 0x00000007f8000000| Complete 
|1946|0x00000007f8200000, 0x00000007f8400000, 0x00000007f8400000|100%| E|CS|TAMS 0x00000007f8200000, 0x00000007f8200000| Complete 
|1947|0x00000007f8400000, 0x00000007f8600000, 0x00000007f8600000|100%| E|CS|TAMS 0x00000007f8400000, 0x00000007f8400000| Complete 
|1948|0x00000007f8600000, 0x00000007f8800000, 0x00000007f8800000|100%| E|CS|TAMS 0x00000007f8600000, 0x00000007f8600000| Complete 
|1949|0x00000007f8800000, 0x00000007f8a00000, 0x00000007f8a00000|100%| E|CS|TAMS 0x00000007f8800000, 0x00000007f8800000| Complete 
|1950|0x00000007f8a00000, 0x00000007f8c00000, 0x00000007f8c00000|100%| E|CS|TAMS 0x00000007f8a00000, 0x00000007f8a00000| Complete 
|1951|0x00000007f8c00000, 0x00000007f8e00000, 0x00000007f8e00000|100%| E|CS|TAMS 0x00000007f8c00000, 0x00000007f8c00000| Complete 
|1952|0x00000007f8e00000, 0x00000007f9000000, 0x00000007f9000000|100%| E|CS|TAMS 0x00000007f8e00000, 0x00000007f8e00000| Complete 
|1953|0x00000007f9000000, 0x00000007f9200000, 0x00000007f9200000|100%| E|CS|TAMS 0x00000007f9000000, 0x00000007f9000000| Complete 
|1954|0x00000007f9200000, 0x00000007f9400000, 0x00000007f9400000|100%| E|CS|TAMS 0x00000007f9200000, 0x00000007f9200000| Complete 
|1955|0x00000007f9400000, 0x00000007f9600000, 0x00000007f9600000|100%| E|CS|TAMS 0x00000007f9400000, 0x00000007f9400000| Complete 
|1956|0x00000007f9600000, 0x00000007f9800000, 0x00000007f9800000|100%| E|CS|TAMS 0x00000007f9600000, 0x00000007f9600000| Complete 
|1957|0x00000007f9800000, 0x00000007f9a00000, 0x00000007f9a00000|100%| E|CS|TAMS 0x00000007f9800000, 0x00000007f9800000| Complete 
|1958|0x00000007f9a00000, 0x00000007f9c00000, 0x00000007f9c00000|100%| E|CS|TAMS 0x00000007f9a00000, 0x00000007f9a00000| Complete 
|1959|0x00000007f9c00000, 0x00000007f9e00000, 0x00000007f9e00000|100%| E|CS|TAMS 0x00000007f9c00000, 0x00000007f9c00000| Complete 
|1960|0x00000007f9e00000, 0x00000007fa000000, 0x00000007fa000000|100%| E|CS|TAMS 0x00000007f9e00000, 0x00000007f9e00000| Complete 
|1961|0x00000007fa000000, 0x00000007fa200000, 0x00000007fa200000|100%| E|CS|TAMS 0x00000007fa000000, 0x00000007fa000000| Complete 
|1962|0x00000007fa200000, 0x00000007fa400000, 0x00000007fa400000|100%| E|CS|TAMS 0x00000007fa200000, 0x00000007fa200000| Complete 
|1963|0x00000007fa400000, 0x00000007fa600000, 0x00000007fa600000|100%| E|CS|TAMS 0x00000007fa400000, 0x00000007fa400000| Complete 
|1964|0x00000007fa600000, 0x00000007fa800000, 0x00000007fa800000|100%| E|CS|TAMS 0x00000007fa600000, 0x00000007fa600000| Complete 
|1965|0x00000007fa800000, 0x00000007faa00000, 0x00000007faa00000|100%| E|CS|TAMS 0x00000007fa800000, 0x00000007fa800000| Complete 
|1966|0x00000007faa00000, 0x00000007fac00000, 0x00000007fac00000|100%| E|CS|TAMS 0x00000007faa00000, 0x00000007faa00000| Complete 
|1967|0x00000007fac00000, 0x00000007fae00000, 0x00000007fae00000|100%| E|CS|TAMS 0x00000007fac00000, 0x00000007fac00000| Complete 
|1968|0x00000007fae00000, 0x00000007fb000000, 0x00000007fb000000|100%| E|CS|TAMS 0x00000007fae00000, 0x00000007fae00000| Complete 
|1969|0x00000007fb000000, 0x00000007fb200000, 0x00000007fb200000|100%| E|CS|TAMS 0x00000007fb000000, 0x00000007fb000000| Complete 
|1970|0x00000007fb200000, 0x00000007fb400000, 0x00000007fb400000|100%| E|CS|TAMS 0x00000007fb200000, 0x00000007fb200000| Complete 
|1971|0x00000007fb400000, 0x00000007fb600000, 0x00000007fb600000|100%| E|CS|TAMS 0x00000007fb400000, 0x00000007fb400000| Complete 
|1972|0x00000007fb600000, 0x00000007fb800000, 0x00000007fb800000|100%| E|CS|TAMS 0x00000007fb600000, 0x00000007fb600000| Complete 
|1973|0x00000007fb800000, 0x00000007fba00000, 0x00000007fba00000|100%| E|CS|TAMS 0x00000007fb800000, 0x00000007fb800000| Complete 
|1974|0x00000007fba00000, 0x00000007fbc00000, 0x00000007fbc00000|100%| E|CS|TAMS 0x00000007fba00000, 0x00000007fba00000| Complete 
|1975|0x00000007fbc00000, 0x00000007fbe00000, 0x00000007fbe00000|100%| E|CS|TAMS 0x00000007fbc00000, 0x00000007fbc00000| Complete 
|1976|0x00000007fbe00000, 0x00000007fc000000, 0x00000007fc000000|100%| E|CS|TAMS 0x00000007fbe00000, 0x00000007fbe00000| Complete 
|1977|0x00000007fc000000, 0x00000007fc200000, 0x00000007fc200000|100%| E|CS|TAMS 0x00000007fc000000, 0x00000007fc000000| Complete 
|1978|0x00000007fc200000, 0x00000007fc400000, 0x00000007fc400000|100%| E|CS|TAMS 0x00000007fc200000, 0x00000007fc200000| Complete 
|1979|0x00000007fc400000, 0x00000007fc600000, 0x00000007fc600000|100%| E|CS|TAMS 0x00000007fc400000, 0x00000007fc400000| Complete 
|1980|0x00000007fc600000, 0x00000007fc800000, 0x00000007fc800000|100%| E|CS|TAMS 0x00000007fc600000, 0x00000007fc600000| Complete 
|1981|0x00000007fc800000, 0x00000007fca00000, 0x00000007fca00000|100%| E|CS|TAMS 0x00000007fc800000, 0x00000007fc800000| Complete 
|1982|0x00000007fca00000, 0x00000007fcc00000, 0x00000007fcc00000|100%| E|CS|TAMS 0x00000007fca00000, 0x00000007fca00000| Complete 
|1983|0x00000007fcc00000, 0x00000007fce00000, 0x00000007fce00000|100%| E|CS|TAMS 0x00000007fcc00000, 0x00000007fcc00000| Complete 
|1984|0x00000007fce00000, 0x00000007fd000000, 0x00000007fd000000|100%| E|CS|TAMS 0x00000007fce00000, 0x00000007fce00000| Complete 
|1985|0x00000007fd000000, 0x00000007fd200000, 0x00000007fd200000|100%| E|CS|TAMS 0x00000007fd000000, 0x00000007fd000000| Complete 
|1986|0x00000007fd200000, 0x00000007fd400000, 0x00000007fd400000|100%| E|CS|TAMS 0x00000007fd200000, 0x00000007fd200000| Complete 
|1987|0x00000007fd400000, 0x00000007fd600000, 0x00000007fd600000|100%| E|CS|TAMS 0x00000007fd400000, 0x00000007fd400000| Complete 
|1988|0x00000007fd600000, 0x00000007fd800000, 0x00000007fd800000|100%| E|CS|TAMS 0x00000007fd600000, 0x00000007fd600000| Complete 
|1989|0x00000007fd800000, 0x00000007fda00000, 0x00000007fda00000|100%| E|CS|TAMS 0x00000007fd800000, 0x00000007fd800000| Complete 
|1990|0x00000007fda00000, 0x00000007fdc00000, 0x00000007fdc00000|100%| E|CS|TAMS 0x00000007fda00000, 0x00000007fda00000| Complete 
|1991|0x00000007fdc00000, 0x00000007fde00000, 0x00000007fde00000|100%| E|CS|TAMS 0x00000007fdc00000, 0x00000007fdc00000| Complete 
|1992|0x00000007fde00000, 0x00000007fe000000, 0x00000007fe000000|100%| E|CS|TAMS 0x00000007fde00000, 0x00000007fde00000| Complete 
|1993|0x00000007fe000000, 0x00000007fe200000, 0x00000007fe200000|100%| E|CS|TAMS 0x00000007fe000000, 0x00000007fe000000| Complete 
|1994|0x00000007fe200000, 0x00000007fe400000, 0x00000007fe400000|100%| E|CS|TAMS 0x00000007fe200000, 0x00000007fe200000| Complete 
|1995|0x00000007fe400000, 0x00000007fe600000, 0x00000007fe600000|100%| E|CS|TAMS 0x00000007fe400000, 0x00000007fe400000| Complete 
|1996|0x00000007fe600000, 0x00000007fe800000, 0x00000007fe800000|100%| E|CS|TAMS 0x00000007fe600000, 0x00000007fe600000| Complete 
|1997|0x00000007fe800000, 0x00000007fea00000, 0x00000007fea00000|100%| O|  |TAMS 0x00000007fea00000, 0x00000007fe800000| Untracked 
|1998|0x00000007fea00000, 0x00000007fec00000, 0x00000007fec00000|100%| O|  |TAMS 0x00000007fec00000, 0x00000007fea00000| Untracked 
|1999|0x00000007fec00000, 0x00000007fee00000, 0x00000007fee00000|100%| O|  |TAMS 0x00000007fee00000, 0x00000007fec00000| Untracked 
|2000|0x00000007fee00000, 0x00000007ff000000, 0x00000007ff000000|100%| O|  |TAMS 0x00000007ff000000, 0x00000007fee00000| Untracked 
|2001|0x00000007ff000000, 0x00000007ff200000, 0x00000007ff200000|100%| O|  |TAMS 0x00000007ff200000, 0x00000007ff000000| Untracked 
|2002|0x00000007ff200000, 0x00000007ff400000, 0x00000007ff400000|100%| O|  |TAMS 0x00000007ff400000, 0x00000007ff200000| Untracked 
|2003|0x00000007ff400000, 0x00000007ff600000, 0x00000007ff600000|100%| O|  |TAMS 0x00000007ff600000, 0x00000007ff400000| Untracked 
|2004|0x00000007ff600000, 0x00000007ff800000, 0x00000007ff800000|100%| O|  |TAMS 0x00000007ff800000, 0x00000007ff600000| Untracked 
|2005|0x00000007ff800000, 0x00000007ffa00000, 0x00000007ffa00000|100%| O|  |TAMS 0x00000007ffa00000, 0x00000007ff800000| Untracked 
|2006|0x00000007ffa00000, 0x00000007ffc00000, 0x00000007ffc00000|100%| O|  |TAMS 0x00000007ffc00000, 0x00000007ffa00000| Untracked 
|2007|0x00000007ffc00000, 0x00000007ffe00000, 0x00000007ffe00000|100%| O|  |TAMS 0x00000007ffe00000, 0x00000007ffc00000| Untracked 
|2008|0x00000007ffe00000, 0x0000000800000000, 0x0000000800000000|100%| O|  |TAMS 0x0000000800000000, 0x00000007ffe00000| Untracked 

Card table byte_map: [0x000001ce307a0000,0x000001ce30f80000] _byte_map_base: 0x000001ce2cf79000

Marking Bits (Prev, Next): (CMBitMap*) 0x000001ce18ceaf20, (CMBitMap*) 0x000001ce18ceaee0
 Prev Bits: [0x000001ce35630000, 0x000001ce394f8000)
 Next Bits: [0x000001ce31760000, 0x000001ce35628000)

Polling page: 0x000001ce16880000

Metaspace:

Usage:
  Non-class:     96.78 MB used.
      Class:     11.74 MB used.
       Both:    108.51 MB used.

Virtual space:
  Non-class space:      128.00 MB reserved,      97.50 MB ( 76%) committed,  2 nodes.
      Class space:        1.00 GB reserved,      12.50 MB (  1%) committed,  1 nodes.
             Both:        1.12 GB reserved,     110.00 MB ( 10%) committed. 

Chunk freelists:
   Non-Class:  14.19 MB
       Class:  3.32 MB
        Both:  17.51 MB

MaxMetaspaceSize: unlimited
CompressedClassSpaceSize: 1.00 GB
Initial GC threshold: 21.00 MB
Current GC threshold: 182.19 MB
CDS: on
MetaspaceReclaimPolicy: balanced
 - commit_granule_bytes: 65536.
 - commit_granule_words: 8192.
 - virtual_space_node_default_size: 8388608.
 - enlarge_chunks_in_place: 1.
 - new_chunks_are_fully_committed: 0.
 - uncommit_free_chunks: 1.
 - use_allocation_guard: 0.
 - handle_deallocations: 1.


Internal statistics:

num_allocs_failed_limit: 9.
num_arena_births: 3330.
num_arena_deaths: 362.
num_vsnodes_births: 3.
num_vsnodes_deaths: 0.
num_space_committed: 1760.
num_space_uncommitted: 0.
num_chunks_returned_to_freelist: 513.
num_chunks_taken_from_freelist: 8549.
num_chunk_merges: 171.
num_chunk_splits: 4984.
num_chunks_enlarged: 2634.
num_inconsistent_stats: 0.

CodeHeap 'non-profiled nmethods': size=119168Kb used=40201Kb max_used=40232Kb free=78966Kb
 bounds [0x000001ce280c0000, 0x000001ce2a820000, 0x000001ce2f520000]
CodeHeap 'profiled nmethods': size=119104Kb used=50363Kb max_used=50546Kb free=68740Kb
 bounds [0x000001ce20520000, 0x000001ce236b0000, 0x000001ce27970000]
CodeHeap 'non-nmethods': size=7488Kb used=1508Kb max_used=3343Kb free=5979Kb
 bounds [0x000001ce27970000, 0x000001ce27cc0000, 0x000001ce280c0000]
 total_blobs=24786 nmethods=23913 adapters=781
 compilation: enabled
              stopped_count=0, restarted_count=0
 full_count=0

Compilation events (20 events):
Event: 406.219 Thread 0x000001ce3c8ff710 nmethod 41435 0x000001ce2a450710 code [0x000001ce2a450880, 0x000001ce2a450ab8]
Event: 406.221 Thread 0x000001ce0c8ad8f0 nmethod 41437 0x000001ce2a27be90 code [0x000001ce2a27c0e0, 0x000001ce2a27d0d0]
Event: 406.239 Thread 0x000001ce3c901030 41438       3       com.diffblue.shaded.org.objectweb.asm.tree.analysis.Analyzer::merge (125 bytes)
Event: 406.240 Thread 0x000001ce3c901030 nmethod 41438 0x000001ce21436010 code [0x000001ce21436260, 0x000001ce21436ca8]
Event: 406.286 Thread 0x000001ce3c8ff710 41439   !   4       com.diffblue.shaded.org.objectweb.asm.tree.analysis.Analyzer::analyze (1339 bytes)
Event: 406.354 Thread 0x000001ce0c8ad8f0 41440   !   4       sun.security.util.ManifestEntryVerifier::setEntry (298 bytes)
Event: 406.355 Thread 0x000001ce3c901030 41441       3       java.util.Base64$Decoder::decode (35 bytes)
Event: 406.355 Thread 0x000001ce3c901030 nmethod 41441 0x000001ce22a1f890 code [0x000001ce22a1fa60, 0x000001ce22a1fd48]
Event: 406.366 Thread 0x000001ce3c901030 41443       3       java.util.Base64$Decoder::decodedOutLength (205 bytes)
Event: 406.367 Thread 0x000001ce3c901030 nmethod 41443 0x000001ce21435410 code [0x000001ce21435620, 0x000001ce21435d68]
Event: 406.391 Thread 0x000001ce3c901030 41446       3       io.grpc.netty.shaded.io.netty.util.internal.ReferenceCountUpdater::refCnt (12 bytes)
Event: 406.392 Thread 0x000001ce3c901030 nmethod 41446 0x000001ce22a95690 code [0x000001ce22a95860, 0x000001ce22a95cf8]
Event: 406.392 Thread 0x000001ce3c901030 41447       3       java.util.concurrent.atomic.AtomicIntegerFieldUpdater$AtomicIntegerFieldUpdaterImpl::get (17 bytes)
Event: 406.392 Thread 0x000001ce3c901030 nmethod 41447 0x000001ce233d3b90 code [0x000001ce233d3d40, 0x000001ce233d3f68]
Event: 406.417 Thread 0x000001ce3c901030 41448       3       com.fasterxml.jackson.databind.DeserializationContext::isEnabled (9 bytes)
Event: 406.417 Thread 0x000001ce3c901030 nmethod 41448 0x000001ce233ebb90 code [0x000001ce233ebd40, 0x000001ce233ebf78]
Event: 406.450 Thread 0x000001ce3c901030 41450       1       com.diffblue.fuzztest.b.j::h (5 bytes)
Event: 406.451 Thread 0x000001ce3c901030 nmethod 41450 0x000001ce2a450410 code [0x000001ce2a4505a0, 0x000001ce2a450678]
Event: 406.456 Thread 0x000001ce3c901030 41452       3       java.util.StringTokenizer::hasMoreTokens (29 bytes)
Event: 406.457 Thread 0x000001ce3c901030 nmethod 41452 0x000001ce22730a10 code [0x000001ce22730bc0, 0x000001ce22730d68]

GC Heap History (20 events):
Event: 397.452 GC heap before
{Heap before GC invocations=648 (full 0):
 garbage-first heap   total 2609152K, used 2226432K [0x0000000704e00000, 0x0000000800000000)
  region size 2048K, 764 young (1564672K), 3 survivors (6144K)
 Metaspace       used 110427K, committed 111936K, reserved 1179648K
  class space    used 11951K, committed 12736K, reserved 1048576K
}
Event: 397.455 GC heap after
{Heap after GC invocations=649 (full 0):
 garbage-first heap   total 2609152K, used 669157K [0x0000000704e00000, 0x0000000800000000)
  region size 2048K, 3 young (6144K), 3 survivors (6144K)
 Metaspace       used 110427K, committed 111936K, reserved 1179648K
  class space    used 11951K, committed 12736K, reserved 1048576K
}
Event: 398.900 GC heap before
{Heap before GC invocations=649 (full 0):
 garbage-first heap   total 2609152K, used 2227685K [0x0000000704e00000, 0x0000000800000000)
  region size 2048K, 764 young (1564672K), 3 survivors (6144K)
 Metaspace       used 110434K, committed 111936K, reserved 1179648K
  class space    used 11951K, committed 12736K, reserved 1048576K
}
Event: 398.911 GC heap after
{Heap after GC invocations=650 (full 0):
 garbage-first heap   total 2609152K, used 709017K [0x0000000704e00000, 0x0000000800000000)
  region size 2048K, 23 young (47104K), 23 survivors (47104K)
 Metaspace       used 110434K, committed 111936K, reserved 1179648K
  class space    used 11951K, committed 12736K, reserved 1048576K
}
Event: 401.702 GC heap before
{Heap before GC invocations=650 (full 0):
 garbage-first heap   total 2609152K, used 2226585K [0x0000000704e00000, 0x0000000800000000)
  region size 2048K, 764 young (1564672K), 23 survivors (47104K)
 Metaspace       used 110689K, committed 112256K, reserved 1179648K
  class space    used 11970K, committed 12800K, reserved 1048576K
}
Event: 401.706 GC heap after
{Heap after GC invocations=651 (full 0):
 garbage-first heap   total 2609152K, used 678315K [0x0000000704e00000, 0x0000000800000000)
  region size 2048K, 8 young (16384K), 8 survivors (16384K)
 Metaspace       used 110689K, committed 112256K, reserved 1179648K
  class space    used 11970K, committed 12800K, reserved 1048576K
}
Event: 402.535 GC heap before
{Heap before GC invocations=651 (full 0):
 garbage-first heap   total 2609152K, used 2226603K [0x0000000704e00000, 0x0000000800000000)
  region size 2048K, 764 young (1564672K), 8 survivors (16384K)
 Metaspace       used 110706K, committed 112256K, reserved 1179648K
  class space    used 11973K, committed 12800K, reserved 1048576K
}
Event: 402.539 GC heap after
{Heap after GC invocations=652 (full 0):
 garbage-first heap   total 2609152K, used 677908K [0x0000000704e00000, 0x0000000800000000)
  region size 2048K, 8 young (16384K), 8 survivors (16384K)
 Metaspace       used 110706K, committed 112256K, reserved 1179648K
  class space    used 11973K, committed 12800K, reserved 1048576K
}
Event: 402.932 GC heap before
{Heap before GC invocations=652 (full 0):
 garbage-first heap   total 2609152K, used 2226196K [0x0000000704e00000, 0x0000000800000000)
  region size 2048K, 764 young (1564672K), 8 survivors (16384K)
 Metaspace       used 110706K, committed 112256K, reserved 1179648K
  class space    used 11973K, committed 12800K, reserved 1048576K
}
Event: 402.936 GC heap after
{Heap after GC invocations=653 (full 0):
 garbage-first heap   total 2609152K, used 677452K [0x0000000704e00000, 0x0000000800000000)
  region size 2048K, 7 young (14336K), 7 survivors (14336K)
 Metaspace       used 110706K, committed 112256K, reserved 1179648K
  class space    used 11973K, committed 12800K, reserved 1048576K
}
Event: 403.214 GC heap before
{Heap before GC invocations=653 (full 0):
 garbage-first heap   total 2609152K, used 2227788K [0x0000000704e00000, 0x0000000800000000)
  region size 2048K, 764 young (1564672K), 7 survivors (14336K)
 Metaspace       used 110706K, committed 112256K, reserved 1179648K
  class space    used 11973K, committed 12800K, reserved 1048576K
}
Event: 403.218 GC heap after
{Heap after GC invocations=654 (full 0):
 garbage-first heap   total 2609152K, used 677633K [0x0000000704e00000, 0x0000000800000000)
  region size 2048K, 8 young (16384K), 8 survivors (16384K)
 Metaspace       used 110706K, committed 112256K, reserved 1179648K
  class space    used 11973K, committed 12800K, reserved 1048576K
}
Event: 403.487 GC heap before
{Heap before GC invocations=654 (full 0):
 garbage-first heap   total 2609152K, used 2225921K [0x0000000704e00000, 0x0000000800000000)
  region size 2048K, 764 young (1564672K), 8 survivors (16384K)
 Metaspace       used 110706K, committed 112256K, reserved 1179648K
  class space    used 11973K, committed 12800K, reserved 1048576K
}
Event: 403.490 GC heap after
{Heap after GC invocations=655 (full 0):
 garbage-first heap   total 2609152K, used 677810K [0x0000000704e00000, 0x0000000800000000)
  region size 2048K, 8 young (16384K), 8 survivors (16384K)
 Metaspace       used 110706K, committed 112256K, reserved 1179648K
  class space    used 11973K, committed 12800K, reserved 1048576K
}
Event: 403.760 GC heap before
{Heap before GC invocations=655 (full 0):
 garbage-first heap   total 2609152K, used 2226098K [0x0000000704e00000, 0x0000000800000000)
  region size 2048K, 764 young (1564672K), 8 survivors (16384K)
 Metaspace       used 110706K, committed 112256K, reserved 1179648K
  class space    used 11973K, committed 12800K, reserved 1048576K
}
Event: 403.764 GC heap after
{Heap after GC invocations=656 (full 0):
 garbage-first heap   total 2609152K, used 677630K [0x0000000704e00000, 0x0000000800000000)
  region size 2048K, 8 young (16384K), 8 survivors (16384K)
 Metaspace       used 110706K, committed 112256K, reserved 1179648K
  class space    used 11973K, committed 12800K, reserved 1048576K
}
Event: 404.032 GC heap before
{Heap before GC invocations=656 (full 0):
 garbage-first heap   total 2609152K, used 2225918K [0x0000000704e00000, 0x0000000800000000)
  region size 2048K, 764 young (1564672K), 8 survivors (16384K)
 Metaspace       used 110706K, committed 112256K, reserved 1179648K
  class space    used 11973K, committed 12800K, reserved 1048576K
}
Event: 404.036 GC heap after
{Heap after GC invocations=657 (full 0):
 garbage-first heap   total 2609152K, used 677630K [0x0000000704e00000, 0x0000000800000000)
  region size 2048K, 8 young (16384K), 8 survivors (16384K)
 Metaspace       used 110706K, committed 112256K, reserved 1179648K
  class space    used 11973K, committed 12800K, reserved 1048576K
}
Event: 405.032 GC heap before
{Heap before GC invocations=657 (full 0):
 garbage-first heap   total 2609152K, used 2225918K [0x0000000704e00000, 0x0000000800000000)
  region size 2048K, 764 young (1564672K), 8 survivors (16384K)
 Metaspace       used 110965K, committed 112512K, reserved 1179648K
  class space    used 11997K, committed 12800K, reserved 1048576K
}
Event: 405.036 GC heap after
{Heap after GC invocations=658 (full 0):
 garbage-first heap   total 2609152K, used 684669K [0x0000000704e00000, 0x0000000800000000)
  region size 2048K, 11 young (22528K), 11 survivors (22528K)
 Metaspace       used 110965K, committed 112512K, reserved 1179648K
  class space    used 11997K, committed 12800K, reserved 1048576K
}

Deoptimization events (20 events):
Event: 406.451 Thread 0x000001ce0a8a03a0 Uncommon trap: trap_request=0xffffff97 fr.pc=0x000001ce2821cfb8 relative=0x0000000000000038
Event: 406.451 Thread 0x000001ce0a8a03a0 Uncommon trap: reason=unhandled action=none pc=0x000001ce2821cfb8 method=com.diffblue.reactor.isolation.SchedulersImpl.getOnErrorHandler()Ljava/util/function/BiConsumer; @ 0 c2
Event: 406.451 Thread 0x000001ce0a8a03a0 DEOPT PACKING pc=0x000001ce2821cfb8 sp=0x000000b6dbfff1f0
Event: 406.451 Thread 0x000001ce0a8a03a0 DEOPT UNPACKING pc=0x000001ce279c23a3 sp=0x000000b6dbfff170 mode 2
Event: 406.456 Thread 0x000001ce06042880 Uncommon trap: trap_request=0xffffff45 fr.pc=0x000001ce2970fb10 relative=0x0000000000000c70
Event: 406.456 Thread 0x000001ce06042880 Uncommon trap: reason=unstable_if action=reinterpret pc=0x000001ce2970fb10 method=java.util.Properties$LineReader.readLine()I @ 520 c2
Event: 406.456 Thread 0x000001ce06042880 DEOPT PACKING pc=0x000001ce2970fb10 sp=0x000000b6daefc6c0
Event: 406.456 Thread 0x000001ce06042880 DEOPT UNPACKING pc=0x000001ce279c23a3 sp=0x000000b6daefc660 mode 2
Event: 406.456 Thread 0x000001ce06042880 Uncommon trap: trap_request=0xffffff45 fr.pc=0x000001ce2987032c relative=0x000000000000078c
Event: 406.456 Thread 0x000001ce06042880 Uncommon trap: reason=unstable_if action=reinterpret pc=0x000001ce2987032c method=java.util.StringTokenizer.skipDelimiters(I)I @ 64 c2
Event: 406.456 Thread 0x000001ce06042880 DEOPT PACKING pc=0x000001ce2987032c sp=0x000000b6daefc670
Event: 406.456 Thread 0x000001ce06042880 DEOPT UNPACKING pc=0x000001ce279c23a3 sp=0x000000b6daefc5b0 mode 2
Event: 406.457 Thread 0x000001ce06042880 Uncommon trap: trap_request=0xffffff45 fr.pc=0x000001ce28a53cc8 relative=0x0000000000000ac8
Event: 406.457 Thread 0x000001ce06042880 Uncommon trap: reason=unstable_if action=reinterpret pc=0x000001ce28a53cc8 method=java.lang.AbstractStringBuilder.append(Ljava/lang/AbstractStringBuilder;)Ljava/lang/AbstractStringBuilder; @ 32 c2
Event: 406.457 Thread 0x000001ce06042880 DEOPT PACKING pc=0x000001ce28a53cc8 sp=0x000000b6daefd5e0
Event: 406.457 Thread 0x000001ce06042880 DEOPT UNPACKING pc=0x000001ce279c23a3 sp=0x000000b6daefd558 mode 2
Event: 406.457 Thread 0x000001ce06042880 Uncommon trap: trap_request=0xffffff45 fr.pc=0x000001ce296ce698 relative=0x0000000000002098
Event: 406.457 Thread 0x000001ce06042880 Uncommon trap: reason=unstable_if action=reinterpret pc=0x000001ce296ce698 method=sun.net.www.protocol.file.FileURLConnection.connect()V @ 4 c2
Event: 406.457 Thread 0x000001ce06042880 DEOPT PACKING pc=0x000001ce296ce698 sp=0x000000b6daefd7a0
Event: 406.457 Thread 0x000001ce06042880 DEOPT UNPACKING pc=0x000001ce279c23a3 sp=0x000000b6daefd730 mode 2

Classes unloaded (20 events):
Event: 384.614 Thread 0x000001ce3c4ad420 Unloading class 0x000001ce3ea4a800 'jdk/internal/reflect/GeneratedMethodAccessor511'
Event: 384.614 Thread 0x000001ce3c4ad420 Unloading class 0x000001ce3eaa9000 'jdk/internal/reflect/GeneratedMethodAccessor497'
Event: 384.614 Thread 0x000001ce3c4ad420 Unloading class 0x000001ce3ea54c00 'jdk/internal/reflect/GeneratedMethodAccessor474'
Event: 384.614 Thread 0x000001ce3c4ad420 Unloading class 0x000001ce3eb00000 'jdk/internal/reflect/GeneratedConstructorAccessor126'
Event: 384.614 Thread 0x000001ce3c4ad420 Unloading class 0x000001ce3eacc400 'jdk/internal/reflect/GeneratedMethodAccessor310'
Event: 384.614 Thread 0x000001ce3c4ad420 Unloading class 0x000001ce3eacc000 'jdk/internal/reflect/GeneratedMethodAccessor309'
Event: 384.614 Thread 0x000001ce3c4ad420 Unloading class 0x000001ce3ea54400 'jdk/internal/reflect/GeneratedMethodAccessor184'
Event: 384.614 Thread 0x000001ce3c4ad420 Unloading class 0x000001ce3e9a4c00 'jdk/internal/reflect/GeneratedConstructorAccessor41'
Event: 384.614 Thread 0x000001ce3c4ad420 Unloading class 0x000001ce3e9a4800 'jdk/internal/reflect/GeneratedConstructorAccessor40'
Event: 384.614 Thread 0x000001ce3c4ad420 Unloading class 0x000001ce3e9a4400 'jdk/internal/reflect/GeneratedConstructorAccessor39'
Event: 384.614 Thread 0x000001ce3c4ad420 Unloading class 0x000001ce3e9a4000 'jdk/internal/reflect/GeneratedConstructorAccessor38'
Event: 384.614 Thread 0x000001ce3c4ad420 Unloading class 0x000001ce3e648000 'jdk/internal/reflect/GeneratedMethodAccessor19'
Event: 394.909 Thread 0x000001ce3c4ad420 Unloading class 0x000001ce3ec21000 'jdk/internal/reflect/GeneratedConstructorAccessor225'
Event: 394.909 Thread 0x000001ce3c4ad420 Unloading class 0x000001ce3ec20800 'jdk/internal/reflect/GeneratedConstructorAccessor223'
Event: 394.909 Thread 0x000001ce3c4ad420 Unloading class 0x000001ce3ec1f800 'jdk/internal/reflect/GeneratedConstructorAccessor219'
Event: 394.909 Thread 0x000001ce3c4ad420 Unloading class 0x000001ce3ec1ec00 'jdk/internal/reflect/GeneratedConstructorAccessor217'
Event: 394.909 Thread 0x000001ce3c4ad420 Unloading class 0x000001ce3ec1e400 'jdk/internal/reflect/GeneratedConstructorAccessor215'
Event: 394.909 Thread 0x000001ce3c4ad420 Unloading class 0x000001ce3ec1e000 'jdk/internal/reflect/GeneratedConstructorAccessor214'
Event: 394.909 Thread 0x000001ce3c4ad420 Unloading class 0x000001ce3ec1d800 'jdk/internal/reflect/GeneratedConstructorAccessor212'
Event: 394.909 Thread 0x000001ce3c4ad420 Unloading class 0x000001ce3ec1d400 'jdk/internal/reflect/GeneratedConstructorAccessor211'

Classes redefined (20 events):
Event: 322.555 Thread 0x000001ce3c4ad420 redefined class name=java.io.Serializable, count=2
Event: 328.368 Thread 0x000001ce3c4ad420 redefined class name=org.apache.pdfbox.pdmodel.encryption.SecurityHandler, count=2
Event: 374.646 Thread 0x000001ce3c4ad420 redefined class name=org.bouncycastle.cms.SignerInformation, count=1
Event: 374.812 Thread 0x000001ce3c4ad420 redefined class name=java.util.function.BiFunction, count=2
Event: 378.341 Thread 0x000001ce3c4ad420 redefined class name=org.bouncycastle.asn1.ASN1Primitive, count=3
Event: 378.341 Thread 0x000001ce3c4ad420 redefined class name=org.bouncycastle.asn1.ASN1ObjectIdentifier, count=4
Event: 378.480 Thread 0x000001ce3c4ad420 redefined class name=org.bouncycastle.asn1.ASN1Boolean, count=2
Event: 378.554 Thread 0x000001ce3c4ad420 redefined class name=org.bouncycastle.asn1.ASN1Enumerated, count=2
Event: 378.631 Thread 0x000001ce3c4ad420 redefined class name=org.bouncycastle.asn1.ASN1GeneralizedTime, count=2
Event: 378.725 Thread 0x000001ce3c4ad420 redefined class name=org.bouncycastle.asn1.ASN1Integer, count=4
Event: 378.820 Thread 0x000001ce3c4ad420 redefined class name=org.bouncycastle.asn1.cms.CMSObjectIdentifiers, count=1
Event: 378.820 Thread 0x000001ce3c4ad420 redefined class name=org.bouncycastle.asn1.cms.ContentInfo, count=1
Event: 378.918 Thread 0x000001ce3c4ad420 redefined class name=org.bouncycastle.tsp.TimeStampToken, count=1
Event: 379.064 Thread 0x000001ce3c4ad420 redefined class name=org.bouncycastle.util.Store, count=2
Event: 379.266 Thread 0x000001ce3c4ad420 redefined class name=java.lang.Cloneable, count=2
Event: 379.266 Thread 0x000001ce3c4ad420 redefined class name=org.bouncycastle.util.Selector, count=2
Event: 379.266 Thread 0x000001ce3c4ad420 redefined class name=org.bouncycastle.cms.SignerId, count=1
Event: 379.331 Thread 0x000001ce3c4ad420 redefined class name=org.bouncycastle.cms.jcajce.JcaSignerId, count=2
Event: 404.181 Thread 0x000001ce3c4ad420 redefined class name=org.bouncycastle.util.Iterable, count=2
Event: 404.181 Thread 0x000001ce3c4ad420 redefined class name=org.bouncycastle.util.CollectionStore, count=1

Internal exceptions (20 events):
Event: 406.190 Thread 0x000001ce06042880 Exception <a 'sun/nio/fs/WindowsException'{0x0000000768a39850}> (0x0000000768a39850) 
thrown [s\open\src\hotspot\share\prims\jni.cpp, line 516]
Event: 406.190 Thread 0x000001ce06042880 Exception <a 'sun/nio/fs/WindowsException'{0x0000000768a3a078}> (0x0000000768a3a078) 
thrown [s\open\src\hotspot\share\prims\jni.cpp, line 516]
Event: 406.191 Thread 0x000001ce06042880 Exception <a 'sun/nio/fs/WindowsException'{0x0000000768a3a848}> (0x0000000768a3a848) 
thrown [s\open\src\hotspot\share\prims\jni.cpp, line 516]
Event: 406.191 Thread 0x000001ce06042880 Exception <a 'sun/nio/fs/WindowsException'{0x0000000768a3aff0}> (0x0000000768a3aff0) 
thrown [s\open\src\hotspot\share\prims\jni.cpp, line 516]
Event: 406.191 Thread 0x000001ce06042880 Exception <a 'sun/nio/fs/WindowsException'{0x0000000768a3b768}> (0x0000000768a3b768) 
thrown [s\open\src\hotspot\share\prims\jni.cpp, line 516]
Event: 406.198 Thread 0x000001ce06042880 Exception <a 'java/lang/NoClassDefFoundError'{0x00000007689c1158}: com/diffblue/cover/annotations/InTestsUseClasses> (0x00000007689c1158) 
thrown [s\open\src\hotspot\share\oops\constantPool.cpp, line 837]
Event: 406.198 Thread 0x000001ce06042880 Exception <a 'java/lang/NoClassDefFoundError'{0x00000007689c17c0}: com/diffblue/cover/annotations/InTestsUseStrings> (0x00000007689c17c0) 
thrown [s\open\src\hotspot\share\oops\constantPool.cpp, line 837]
Event: 406.198 Thread 0x000001ce06042880 Exception <a 'java/lang/NoClassDefFoundError'{0x00000007689c1e28}: com/diffblue/cover/annotations/InTestsUseEnums> (0x00000007689c1e28) 
thrown [s\open\src\hotspot\share\oops\constantPool.cpp, line 837]
Event: 406.198 Thread 0x000001ce06042880 Exception <a 'java/lang/NoClassDefFoundError'{0x00000007689c24a0}: com/diffblue/cover/annotations/InTestsUseCharacters> (0x00000007689c24a0) 
thrown [s\open\src\hotspot\share\oops\constantPool.cpp, line 837]
Event: 406.198 Thread 0x000001ce06042880 Exception <a 'java/lang/NoClassDefFoundError'{0x00000007689c2b08}: com/diffblue/cover/annotations/InTestsUseBytes> (0x00000007689c2b08) 
thrown [s\open\src\hotspot\share\oops\constantPool.cpp, line 837]
Event: 406.198 Thread 0x000001ce06042880 Exception <a 'java/lang/NoClassDefFoundError'{0x00000007689c3170}: com/diffblue/cover/annotations/InTestsUseShorts> (0x00000007689c3170) 
thrown [s\open\src\hotspot\share\oops\constantPool.cpp, line 837]
Event: 406.198 Thread 0x000001ce06042880 Exception <a 'java/lang/NoClassDefFoundError'{0x00000007689c37e8}: com/diffblue/cover/annotations/InTestsUseIntegers> (0x00000007689c37e8) 
thrown [s\open\src\hotspot\share\oops\constantPool.cpp, line 837]
Event: 406.198 Thread 0x000001ce06042880 Exception <a 'java/lang/NoClassDefFoundError'{0x00000007689c3e50}: com/diffblue/cover/annotations/InTestsUseLongs> (0x00000007689c3e50) 
thrown [s\open\src\hotspot\share\oops\constantPool.cpp, line 837]
Event: 406.198 Thread 0x000001ce06042880 Exception <a 'java/lang/NoClassDefFoundError'{0x00000007689c44b8}: com/diffblue/cover/annotations/InTestsUseFloats> (0x00000007689c44b8) 
thrown [s\open\src\hotspot\share\oops\constantPool.cpp, line 837]
Event: 406.198 Thread 0x000001ce06042880 Exception <a 'java/lang/NoClassDefFoundError'{0x00000007689c4b20}: com/diffblue/cover/annotations/InTestsUseDoubles> (0x00000007689c4b20) 
thrown [s\open\src\hotspot\share\oops\constantPool.cpp, line 837]
Event: 406.198 Thread 0x000001ce06042880 Exception <a 'java/lang/NoClassDefFoundError'{0x00000007689c5198}: com/diffblue/cover/annotations/InterestingTestFactory> (0x00000007689c5198) 
thrown [s\open\src\hotspot\share\oops\constantPool.cpp, line 837]
Event: 406.451 Thread 0x000001ce0a8a03a0 Exception <a 'java/lang/NoClassDefFoundError'{0x0000000766408e68}: reactor/core/scheduler/Schedulers> (0x0000000766408e68) 
thrown [s\open\src\hotspot\share\oops\constantPool.cpp, line 837]
Event: 406.451 Thread 0x000001ce0a8a03a0 Exception <a 'java/lang/NoClassDefFoundError'{0x0000000766409b50}: reactor/core/scheduler/Schedulers> (0x0000000766409b50) 
thrown [s\open\src\hotspot\share\oops\constantPool.cpp, line 837]
Event: 406.451 Thread 0x000001ce0a8a03a0 Exception <a 'java/lang/NoClassDefFoundError'{0x000000076640a898}: reactor/core/scheduler/Schedulers> (0x000000076640a898) 
thrown [s\open\src\hotspot\share\oops\constantPool.cpp, line 837]
Event: 406.451 Thread 0x000001ce0a8a03a0 Exception <a 'java/lang/NoClassDefFoundError'{0x000000076640c030}: reactor/core/scheduler/Schedulers> (0x000000076640c030) 
thrown [s\open\src\hotspot\share\oops\constantPool.cpp, line 837]

VM Operations (20 events):
Event: 403.214 Executing VM operation: G1CollectForAllocation
Event: 403.218 Executing VM operation: G1CollectForAllocation done
Event: 403.487 Executing VM operation: G1CollectForAllocation
Event: 403.490 Executing VM operation: G1CollectForAllocation done
Event: 403.760 Executing VM operation: G1CollectForAllocation
Event: 403.764 Executing VM operation: G1CollectForAllocation done
Event: 404.032 Executing VM operation: G1CollectForAllocation
Event: 404.036 Executing VM operation: G1CollectForAllocation done
Event: 404.142 Executing VM operation: HandshakeAllThreads
Event: 404.142 Executing VM operation: HandshakeAllThreads done
Event: 404.155 Executing VM operation: RedefineClasses
Event: 404.210 Executing VM operation: RedefineClasses done
Event: 405.031 Executing VM operation: G1CollectForAllocation
Event: 405.036 Executing VM operation: G1CollectForAllocation done
Event: 406.353 Executing VM operation: HandshakeAllThreads
Event: 406.353 Executing VM operation: HandshakeAllThreads done
Event: 406.353 Executing VM operation: Cleanup
Event: 406.353 Executing VM operation: Cleanup done
Event: 406.364 Executing VM operation: HandshakeAllThreads
Event: 406.364 Executing VM operation: HandshakeAllThreads done

Events (20 events):
Event: 406.453 loading class java/net/UrlDeserializedState
Event: 406.453 loading class java/net/UrlDeserializedState done
Event: 406.455 loading class java/net/URLConnection$1
Event: 406.455 loading class java/net/FileNameMap
Event: 406.455 loading class java/net/FileNameMap done
Event: 406.455 loading class java/net/URLConnection$1 done
Event: 406.455 loading class sun/net/www/MimeTable
Event: 406.455 loading class sun/net/www/MimeTable done
Event: 406.455 loading class sun/net/www/MimeTable$1
Event: 406.455 loading class sun/net/www/MimeTable$1 done
Event: 406.455 loading class sun/net/www/MimeTable$DefaultInstanceHolder
Event: 406.455 loading class sun/net/www/MimeTable$DefaultInstanceHolder done
Event: 406.455 loading class sun/net/www/MimeTable$DefaultInstanceHolder$1
Event: 406.455 loading class sun/net/www/MimeTable$DefaultInstanceHolder$1 done
Event: 406.456 loading class sun/net/www/MimeEntry
Event: 406.456 loading class sun/net/www/MimeEntry done
Event: 406.457 loading class java/net/URLConnection$2
Event: 406.457 loading class java/net/URLConnection$2 done
Event: 406.457 loading class java/net/ContentHandlerFactory
Event: 406.457 loading class java/net/ContentHandlerFactory done


Dynamic libraries:
0x00007ff6bc270000 - 0x00007ff6bc280000 	C:\Program Files\Java\jdk-17\bin\java.exe
0x00007ffb8dd70000 - 0x00007ffb8df87000 	C:\Windows\SYSTEM32\ntdll.dll
0x00007ffb8bb50000 - 0x00007ffb8bc14000 	C:\Windows\System32\KERNEL32.DLL
0x00007ffb8b460000 - 0x00007ffb8b817000 	C:\Windows\System32\KERNELBASE.dll
0x00007ffb8a470000 - 0x00007ffb8a5bc000 	C:\Windows\system32\hmpalert.dll
0x00007ffb8b310000 - 0x00007ffb8b421000 	C:\Windows\System32\ucrtbase.dll
0x00007ffb35e80000 - 0x00007ffb35e99000 	C:\Program Files\Java\jdk-17\bin\jli.dll
0x00007ffb8cd90000 - 0x00007ffb8ce42000 	C:\Windows\System32\ADVAPI32.dll
0x00007ffb8bfa0000 - 0x00007ffb8c047000 	C:\Windows\System32\msvcrt.dll
0x00007ffb8cc90000 - 0x00007ffb8cd38000 	C:\Windows\System32\sechost.dll
0x00007ffb8ba70000 - 0x00007ffb8ba98000 	C:\Windows\System32\bcrypt.dll
0x00007ffb8bd00000 - 0x00007ffb8be14000 	C:\Windows\System32\RPCRT4.dll
0x00007ffb8c100000 - 0x00007ffb8c2af000 	C:\Windows\System32\USER32.dll
0x00007ffb25a40000 - 0x00007ffb25a5b000 	C:\Program Files\Java\jdk-17\bin\VCRUNTIME140.dll
0x00007ffb8b430000 - 0x00007ffb8b456000 	C:\Windows\System32\win32u.dll
0x00007ffb8cd40000 - 0x00007ffb8cd69000 	C:\Windows\System32\GDI32.dll
0x00007ffb8b080000 - 0x00007ffb8b198000 	C:\Windows\System32\gdi32full.dll
0x00007ffb8b9d0000 - 0x00007ffb8ba6a000 	C:\Windows\System32\msvcp_win.dll
0x00007ffb8a5c0000 - 0x00007ffb8a853000 	C:\Windows\WinSxS\amd64_microsoft.windows.common-controls_6595b64144ccf1df_6.0.22621.3672_none_2713b9d173822955\COMCTL32.dll
0x00007ffb84b20000 - 0x00007ffb84b2a000 	C:\Windows\SYSTEM32\VERSION.dll
0x00007ffb8dc70000 - 0x00007ffb8dca1000 	C:\Windows\System32\IMM32.DLL
0x00007ffb4dca0000 - 0x00007ffb4dcac000 	C:\Program Files\Java\jdk-17\bin\vcruntime140_1.dll
0x00007ffab07a0000 - 0x00007ffab082e000 	C:\Program Files\Java\jdk-17\bin\msvcp140.dll
0x00007ffa828f0000 - 0x00007ffa834d0000 	C:\Program Files\Java\jdk-17\bin\server\jvm.dll
0x00007ffb8db40000 - 0x00007ffb8db48000 	C:\Windows\System32\PSAPI.DLL
0x00007ffb74ba0000 - 0x00007ffb74ba9000 	C:\Windows\SYSTEM32\WSOCK32.dll
0x00007ffb8dcb0000 - 0x00007ffb8dd21000 	C:\Windows\System32\WS2_32.dll
0x00007ffb84510000 - 0x00007ffb84544000 	C:\Windows\SYSTEM32\WINMM.dll
0x00007ffb896e0000 - 0x00007ffb896f8000 	C:\Windows\SYSTEM32\kernel.appcore.dll
0x00007ffb4dae0000 - 0x00007ffb4daea000 	C:\Program Files\Java\jdk-17\bin\jimage.dll
0x00007ffb8a8c0000 - 0x00007ffb8aaf2000 	C:\Windows\SYSTEM32\DBGHELP.DLL
0x00007ffb8d5a0000 - 0x00007ffb8d92e000 	C:\Windows\System32\combase.dll
0x00007ffb8bc20000 - 0x00007ffb8bcf7000 	C:\Windows\System32\OLEAUT32.dll
0x00007ffb8a880000 - 0x00007ffb8a8b2000 	C:\Windows\SYSTEM32\dbgcore.DLL
0x00007ffb8b820000 - 0x00007ffb8b89b000 	C:\Windows\System32\bcryptPrimitives.dll
0x00007ffb4d8c0000 - 0x00007ffb4d8ce000 	C:\Program Files\Java\jdk-17\bin\instrument.dll
0x00007ffb22820000 - 0x00007ffb22845000 	C:\Program Files\Java\jdk-17\bin\java.dll
0x00007ffaab330000 - 0x00007ffaab407000 	C:\Program Files\Java\jdk-17\bin\jsvml.dll
0x00007ffb8c2b0000 - 0x00007ffb8cb19000 	C:\Windows\System32\SHELL32.dll
0x00007ffb882b0000 - 0x00007ffb88baf000 	C:\Windows\SYSTEM32\windows.storage.dll
0x00007ffb88140000 - 0x00007ffb8827f000 	C:\Windows\SYSTEM32\wintypes.dll
0x00007ffb8be40000 - 0x00007ffb8bf39000 	C:\Windows\System32\SHCORE.dll
0x00007ffb8dae0000 - 0x00007ffb8db3e000 	C:\Windows\System32\shlwapi.dll
0x00007ffb8afb0000 - 0x00007ffb8afd7000 	C:\Windows\SYSTEM32\profapi.dll
0x00007ffb24c00000 - 0x00007ffb24c18000 	C:\Program Files\Java\jdk-17\bin\zip.dll
0x00007ffaf0f90000 - 0x00007ffaf0fa9000 	C:\Program Files\Java\jdk-17\bin\net.dll
0x00007ffb85f30000 - 0x00007ffb86066000 	C:\Windows\SYSTEM32\WINHTTP.dll
0x00007ffb89b00000 - 0x00007ffb89b69000 	C:\Windows\system32\mswsock.dll
0x00007ffaef490000 - 0x00007ffaef4a6000 	C:\Program Files\Java\jdk-17\bin\nio.dll
0x00007ffb4d510000 - 0x00007ffb4d520000 	C:\Program Files\Java\jdk-17\bin\verify.dll
0x00007ffb4a6d0000 - 0x00007ffb4a6da000 	C:\Program Files\Java\jdk-17\bin\management.dll
0x00007ffb48020000 - 0x00007ffb4802b000 	C:\Program Files\Java\jdk-17\bin\management_ext.dll
0x00007ffb89190000 - 0x00007ffb891bd000 	C:\Windows\SYSTEM32\IPHLPAPI.DLL
0x00007ffb8cc80000 - 0x00007ffb8cc89000 	C:\Windows\System32\NSI.dll
0x00007ffb85660000 - 0x00007ffb85679000 	C:\Windows\SYSTEM32\dhcpcsvc6.DLL
0x00007ffb85290000 - 0x00007ffb852af000 	C:\Windows\SYSTEM32\dhcpcsvc.DLL
0x00007ffb891c0000 - 0x00007ffb892c2000 	C:\Windows\SYSTEM32\DNSAPI.dll
0x00007ffb47750000 - 0x00007ffb4775e000 	C:\Program Files\Java\jdk-17\bin\sunmscapi.dll
0x00007ffb8b1a0000 - 0x00007ffb8b306000 	C:\Windows\System32\CRYPT32.dll
0x00007ffb8a400000 - 0x00007ffb8a42d000 	C:\Windows\SYSTEM32\ncrypt.dll
0x00007ffb8a3c0000 - 0x00007ffb8a3f7000 	C:\Windows\SYSTEM32\NTASN1.dll
0x00007ffb759c0000 - 0x00007ffb759c8000 	C:\Windows\system32\wshunix.dll
0x00007ffb8ad20000 - 0x00007ffb8ad3b000 	C:\Windows\SYSTEM32\CRYPTSP.dll
0x00007ffb89ea0000 - 0x00007ffb89ed5000 	C:\Windows\system32\rsaenh.dll
0x00007ffb89b70000 - 0x00007ffb89b98000 	C:\Windows\SYSTEM32\USERENV.dll
0x00007ffb8a190000 - 0x00007ffb8a19c000 	C:\Windows\SYSTEM32\CRYPTBASE.dll
0x00007ffaf1c60000 - 0x00007ffaf1f28000 	C:\Users\jbarrington-wells\AppData\Local\Temp\io_grpc_netty_shaded_netty_tcnative_windows_x86_649451789444163320553.dll
0x00007ffb67cf0000 - 0x00007ffb67d07000 	C:\Windows\system32\napinsp.dll
0x00007ffb67600000 - 0x00007ffb6761b000 	C:\Windows\system32\pnrpnsp.dll
0x00007ffb64000000 - 0x00007ffb64011000 	C:\Windows\System32\winrnr.dll
0x00007ffb85270000 - 0x00007ffb85285000 	C:\Windows\system32\wshbth.dll
0x00007ffb63730000 - 0x00007ffb63757000 	C:\Windows\system32\nlansp_c.dll
0x00007ffb85260000 - 0x00007ffb8526a000 	C:\Windows\System32\rasadhlp.dll
0x00007ffb84740000 - 0x00007ffb847c3000 	C:\Windows\System32\fwpuclnt.dll
0x00007ffb8ac80000 - 0x00007ffb8acb4000 	C:\Windows\SYSTEM32\ntmarta.dll
0x00007ffb6f2b0000 - 0x00007ffb6f2b9000 	C:\Program Files\Java\jdk-17\bin\attach.dll
0x00007ffa9ea20000 - 0x00007ffa9ebb1000 	C:\Program Files\Java\jdk-17\bin\awt.dll
0x00007ffb84850000 - 0x00007ffb848e7000 	C:\Windows\SYSTEM32\apphelp.dll

dbghelp: loaded successfully - version: 4.0.5 - missing functions: none
symbol engine: initialized successfully - sym options: 0x614 - pdb path: .;C:\Program Files\Java\jdk-17\bin;C:\Windows\SYSTEM32;C:\Windows\WinSxS\amd64_microsoft.windows.common-controls_6595b64144ccf1df_6.0.22621.3672_none_2713b9d173822955;C:\Program Files\Java\jdk-17\bin\server;C:\Users\jbarrington-wells\AppData\Local\Temp

VM Arguments:
jvm_args: -XX:+IgnoreUnrecognizedVMOptions -Djdk.attach.allowAttachSelf=true -Djdk.jar.maxSignatureFileSize=100000000 -ea -javaagent:C:\Users\jbarrington-wells\Downloads\diffblue-cover-cli-2024.11.01\launcher-shared-jar.jar -Dlogback.configurationFile=C:\Users\JBARRI~1\AppData\Local\Temp\diffblue\config\logback-remote-service.xml -Dcom.diffblue.springIsolationJar=C:\Users\jbarrington-wells\Downloads\diffblue-cover-cli-2024.11.01\cover-isolation-layer.jar -Dcover.jar.path=C:\Users\jbarrington-wells\Downloads\diffblue-cover-cli-2024.11.01\cover-service-analyzer.jar -Dcom.diffblue.assertionSuggestionJar=C:\Users\jbarrington-wells\Downloads\diffblue-cover-cli-2024.11.01\cover-service-analyzer.jar -Dcover.main.class=com.diffblue.cover.service.analyzer.Main 
java_command: C:\Users\jbarrington-wells\Downloads\diffblue-cover-cli-2024.11.01\launcher-shared-jar.jar --service-lifespan 120 --monitoring-service-port 51864 --index-service-port 51864 --debug-log
java_class_path (initial): C:\Users\jbarrington-wells\Downloads\diffblue-cover-cli-2024.11.01\launcher-shared-jar.jar
Launcher Type: SUN_STANDARD

[Global flags]
     intx CICompilerCount                          = 12                                        {product} {ergonomic}
     uint ConcGCThreads                            = 4                                         {product} {ergonomic}
     uint G1ConcRefinementThreads                  = 15                                        {product} {ergonomic}
   size_t G1HeapRegionSize                         = 2097152                                   {product} {ergonomic}
    uintx GCDrainStackTargetSize                   = 64                                        {product} {ergonomic}
     bool IgnoreUnrecognizedVMOptions              = true                                      {product} {command line}
   size_t InitialHeapSize                          = 264241152                                 {product} {ergonomic}
   size_t MarkStackSize                            = 4194304                                   {product} {ergonomic}
   size_t MaxHeapSize                              = 4213178368                                {product} {ergonomic}
   size_t MaxNewSize                               = 2527068160                                {product} {ergonomic}
   size_t MinHeapDeltaBytes                        = 2097152                                   {product} {ergonomic}
   size_t MinHeapSize                              = 8388608                                   {product} {ergonomic}
    uintx NonNMethodCodeHeapSize                   = 7602480                                {pd product} {ergonomic}
    uintx NonProfiledCodeHeapSize                  = 122027880                              {pd product} {ergonomic}
    uintx ProfiledCodeHeapSize                     = 122027880                              {pd product} {ergonomic}
    uintx ReservedCodeCacheSize                    = 251658240                              {pd product} {ergonomic}
     bool SegmentedCodeCache                       = true                                      {product} {ergonomic}
   size_t SoftMaxHeapSize                          = 4213178368                             {manageable} {ergonomic}
     bool UseCompressedClassPointers               = true                           {product lp64_product} {ergonomic}
     bool UseCompressedOops                        = true                           {product lp64_product} {ergonomic}
     bool UseG1GC                                  = true                                      {product} {ergonomic}
     bool UseLargePagesIndividualAllocation        = false                                  {pd product} {ergonomic}

Logging:
Log output configuration:
 #0: stdout all=warning uptime,level,tags
 #1: stderr all=off uptime,level,tags

Environment Variables:
PATH=C:\Program Files\Common Files\Oracle\Java\javapath;C:\Windows\system32;C:\Windows;C:\Windows\System32\Wbem;C:\Windows\System32\WindowsPowerShell\v1.0\;C:\Windows\System32\OpenSSH\;C:\Program Files\WireGuard\;C:\Program Files\Git\cmd;C:\Users\jbarrington-wells\AppData\Local\Microsoft\WindowsApps;C:\Users\jbarrington-wells\Downloads\apache-maven-3.9.9-bin\apache-maven-3.9.9\bin;
USERNAME=jbarrington-wells
OS=Windows_NT
PROCESSOR_IDENTIFIER=Intel64 Family 6 Model 154 Stepping 3, GenuineIntel



---------------  S Y S T E M  ---------------

OS:
 Windows 11 , 64 bit Build 22621 (10.0.22621.3958)
OS uptime: 2 days 4:20 hours
Hyper-V role detected

CPU: total 20 (initial active 20) (10 cores per cpu, 2 threads per core) family 6 model 154 stepping 3 microcode 0x434, cx8, cmov, fxsr, ht, mmx, 3dnowpref, sse, sse2, sse3, ssse3, sse4.1, sse4.2, popcnt, lzcnt, tsc, tscinvbit, avx, avx2, aes, erms, clmul, bmi1, bmi2, adx, sha, fma, vzeroupper, clflush, clflushopt, clwb, hv

Memory: 4k page, system-wide physical 16068M (475M free)
TotalPageFile size 37924M (AvailPageFile size 8621M)
current process WorkingSet (physical memory assigned to process): 3032M, peak: 3136M
current process commit charge ("private bytes"): 3134M, peak: 3142M

vm_info: Java HotSpot(TM) 64-Bit Server VM (17.0.12+8-LTS-286) for windows-amd64 JRE (17.0.12+8-LTS-286), built on Jun  5 2024 06:46:59 by "mach5one" with MS VC++ 17.6 (VS2022)

END.
