#
# A fatal error has been detected by the Java Runtime Environment:
#
#  EXCEPTION_ACCESS_VIOLATION (0xc0000005) at pc=0x00007ffa82f56683, pid=34180, tid=30044
#
# JRE version: Java(TM) SE Runtime Environment (17.0.12+8) (build 17.0.12+8-LTS-286)
# Java VM: Java HotSpot(TM) 64-Bit Server VM (17.0.12+8-LTS-286, mixed mode, sharing, tiered, compressed oops, compressed class ptrs, g1 gc, windows-amd64)
# Problematic frame:
# V  [jvm.dll+0x666683]
#
# No core dump will be written. Minidumps are not enabled by default on client versions of Windows
#
# If you would like to submit a bug report, please visit:
#   https://bugreport.java.com/bugreport/crash.jsp
#

---------------  S U M M A R Y ------------

Command Line: -XX:+IgnoreUnrecognizedVMOptions -Djdk.attach.allowAttachSelf=true -Djdk.jar.maxSignatureFileSize=100000000 -ea -javaagent:C:\Users\jbarrington-wells\Downloads\diffblue-cover-cli-2024.11.01\launcher-shared-jar.jar -Dlogback.configurationFile=C:\Users\JBARRI~1\AppData\Local\Temp\diffblue\config\logback-remote-service.xml -Dcom.diffblue.springIsolationJar=C:\Users\jbarrington-wells\Downloads\diffblue-cover-cli-2024.11.01\cover-isolation-layer.jar -Dcover.jar.path=C:\Users\jbarrington-wells\Downloads\diffblue-cover-cli-2024.11.01\cover-service-analyzer.jar -Dcom.diffblue.assertionSuggestionJar=C:\Users\jbarrington-wells\Downloads\diffblue-cover-cli-2024.11.01\cover-service-analyzer.jar -Dcover.main.class=com.diffblue.cover.service.analyzer.Main C:\Users\jbarrington-wells\Downloads\diffblue-cover-cli-2024.11.01\launcher-shared-jar.jar --service-lifespan 120 --monitoring-service-port 51987 --index-service-port 51987 --debug-log

Host: 12th Gen Intel(R) Core(TM) i7-12700H, 20 cores, 15G,  Windows 11 , 64 bit Build 22621 (10.0.22621.3958)
Time: Fri Nov 22 07:52:25 2024 GMT Standard Time elapsed time: 184.193872 seconds (0d 0h 3m 4s)

---------------  T H R E A D  ---------------

Current thread (0x000001ac0c39c900):  JavaThread "TimedExecutor-8118" daemon [_thread_in_vm, id=30044, stack(0x000000aaf5600000,0x000000aaf5700000)]

Stack: [0x000000aaf5600000,0x000000aaf5700000],  sp=0x000000aaf56fc048,  free space=1008k
Native frames: (J=compiled Java code, j=interpreted, Vv=VM code, C=native code)
V  [jvm.dll+0x666683]

Java frames: (J=compiled Java code, j=interpreted, Vv=VM code)
J 19706  java.security.AccessController.getStackAccessControlContext()Ljava/security/AccessControlContext; java.base@17.0.12 (0 bytes) @ 0x000001abb3163ce6 [0x000001abb3163ca0+0x0000000000000046]
J 19704 c1 java.security.AccessController.getContext()Ljava/security/AccessControlContext; java.base@17.0.12 (108 bytes) @ 0x000001abac50ceb4 [0x000001abac50cc20+0x0000000000000294]
j  java.lang.Thread.<init>(Ljava/lang/ThreadGroup;Ljava/lang/Runnable;Ljava/lang/String;JLjava/security/AccessControlContext;Z)V+191 java.base@17.0.12
j  java.lang.Thread.<init>(Ljava/lang/ThreadGroup;Ljava/lang/Runnable;Ljava/lang/String;JZ)V+9 java.base@17.0.12
j  jdk.internal.misc.InnocuousThread.<init>(Ljava/lang/ThreadGroup;Ljava/lang/Runnable;Ljava/lang/String;Ljava/lang/ClassLoader;)V+6 java.base@17.0.12
j  jdk.internal.misc.InnocuousThread.createThread(Ljava/lang/String;Ljava/lang/Runnable;Ljava/lang/ClassLoader;I)Ljava/lang/Thread;+10 java.base@17.0.12
j  jdk.internal.misc.InnocuousThread$1.run()Ljava/lang/Thread;+15 java.base@17.0.12
j  jdk.internal.misc.InnocuousThread$1.run()Ljava/lang/Object;+1 java.base@17.0.12
J 20192 c1 java.security.AccessController.doPrivileged(Ljava/security/PrivilegedAction;)Ljava/lang/Object; java.base@17.0.12 (100 bytes) @ 0x000001abaad673a4 [0x000001abaad65ca0+0x0000000000001704]
j  jdk.internal.misc.InnocuousThread.newThread(Ljava/lang/String;Ljava/lang/Runnable;I)Ljava/lang/Thread;+26 java.base@17.0.12
j  jdk.internal.ref.CleanerImpl$InnocuousThreadFactory.newThread(Ljava/lang/Runnable;)Ljava/lang/Thread;+27 java.base@17.0.12
j  jdk.internal.ref.CleanerImpl.start(Ljava/lang/ref/Cleaner;Ljava/util/concurrent/ThreadFactory;)V+37 java.base@17.0.12
j  java.lang.ref.Cleaner.create()Ljava/lang/ref/Cleaner;+14 java.base@17.0.12
j  org.apache.pdfbox.cos.COSName.<clinit>()V+17
v  ~StubRoutines::call_stub
j  org.apache.pdfbox.pdmodel.interactive.digitalsignature.PDSignature.<clinit>()V+4
v  ~StubRoutines::call_stub
J 1834  jdk.internal.reflect.NativeConstructorAccessorImpl.newInstance0(Ljava/lang/reflect/Constructor;[Ljava/lang/Object;)Ljava/lang/Object; java.base@17.0.12 (0 bytes) @ 0x000001abb296c48e [0x000001abb296c420+0x000000000000006e]
J 15889 c1 jdk.internal.reflect.NativeConstructorAccessorImpl.newInstance([Ljava/lang/Object;)Ljava/lang/Object; java.base@17.0.12 (122 bytes) @ 0x000001abac265bb4 [0x000001abac265260+0x0000000000000954]
J 19763 c2 java.lang.reflect.Constructor.newInstanceWithCaller([Ljava/lang/Object;ZLjava/lang/Class;)Ljava/lang/Object; java.base@17.0.12 (75 bytes) @ 0x000001abb2e53a30 [0x000001abb2e53680+0x00000000000003b0]
J 30904 c2 com.diffblue.tir.b.h.a(Ljava/lang/reflect/Executable;Ljava/lang/Object;[Ljava/lang/Object;Ljava/lang/ClassLoader;)Ljava/lang/Object; (118 bytes) @ 0x000001abb3fcd1a4 [0x000001abb3fcc6a0+0x0000000000000b04]
J 24013 c2 com.diffblue.tir.b.a.e.a(Lcom/diffblue/tir/h/c/a/e;Ljava/lang/Object;Ljava/util/List;Z)Ljava/lang/Object; (127 bytes) @ 0x000001abb381c91c [0x000001abb381c0e0+0x000000000000083c]
J 25673 c2 com.diffblue.tir.b.f.b(Lcom/diffblue/tir/g/d;)Ljava/lang/Object; (6 bytes) @ 0x000001abb34fb190 [0x000001abb34fae60+0x0000000000000330]
J 20087 c2 com.diffblue.tir.g.d.a(Lcom/diffblue/tir/y;)Ljava/lang/Object; (8 bytes) @ 0x000001abb3051944 [0x000001abb3051900+0x0000000000000044]
J 28175 c2 com.diffblue.tir.b.g.a(Lcom/diffblue/tir/b/e;Lcom/diffblue/tir/ab;ILcom/diffblue/tir/b/g$b;Z)Lcom/diffblue/tir/b/d; (443 bytes) @ 0x000001abb3c28330 [0x000001abb3c264c0+0x0000000000001e70]
J 30154 c2 com.diffblue.cover.sandbox.execution.WorkerThread.run()V (34 bytes) @ 0x000001abb3ed3104 [0x000001abb3ed1840+0x00000000000018c4]
v  ~StubRoutines::call_stub

siginfo: EXCEPTION_ACCESS_VIOLATION (0xc0000005), reading address 0x0000000000000010


Registers:
RAX=0x0000000000000010, RBX=0x0000000000000000, RCX=0x0000000000000000, RDX=0x0000000000000010
RSP=0x000000aaf56fc048, RBP=0x000000aaf56fc150, RSI=0x000001abaad65910, RDI=0x0000000000000000
R8 =0x0000000000000000, R9 =0x0000000000000040, R10=0x00007ffb25a40000, R11=0x00007ffb25a41b8d
R12=0x0000000000000001, R13=0x000001ac0c39c900, R14=0x0000000000000000, R15=0x000001ac169dee80
RIP=0x00007ffa82f56683, EFLAGS=0x0000000000010246


Register to memory mapping:

RIP=0x00007ffa82f56683 jvm.dll
RAX=0x0000000000000010 is an unknown value
RBX=0x0 is NULL
RCX=0x0 is NULL
RDX=0x0000000000000010 is an unknown value
RSP=0x000000aaf56fc048 is pointing into the stack for thread: 0x000001ac0c39c900
RBP=0x000000aaf56fc150 is pointing into the stack for thread: 0x000001ac0c39c900
RSI=0x000001abaad65910 is at entry_point+-912 in (nmethod*)0x000001abaad65910
Compiled method (c1)  184202 20192       3       java.security.AccessController::doPrivileged (100 bytes)
 total in heap  [0x000001abaad65910,0x000001abaad68158] = 10312
 relocation     [0x000001abaad65a68,0x000001abaad65c98] = 560
 main code      [0x000001abaad65ca0,0x000001abaad67a00] = 7520
 stub code      [0x000001abaad67a00,0x000001abaad67b18] = 280
 oops           [0x000001abaad67b18,0x000001abaad67b40] = 40
 metadata       [0x000001abaad67b40,0x000001abaad67b90] = 80
 scopes data    [0x000001abaad67b90,0x000001abaad67db8] = 552
 scopes pcs     [0x000001abaad67db8,0x000001abaad680c8] = 784
 dependencies   [0x000001abaad680c8,0x000001abaad680e8] = 32
 nul chk table  [0x000001abaad680e8,0x000001abaad68158] = 112
RDI=0x0 is NULL
R8 =0x0 is NULL
R9 =0x0000000000000040 is an unknown value
R10=0x00007ffb25a40000 VCRUNTIME140.dll
R11=0x00007ffb25a41b8d VCRUNTIME140.dll
R12=0x0000000000000001 is an unknown value
R13=0x000001ac0c39c900 is a thread
R14=0x0 is NULL
R15=0x000001ac169dee80 points into unknown readable memory: 0x0000000c00000000 | 00 00 00 00 0c 00 00 00


Top of Stack: (sp=0x000000aaf56fc048)
0x000000aaf56fc048:   00007ffa82d0df15 000001ac0d172e30
0x000000aaf56fc058:   000000aaf56fc150 0000000000000001
0x000000aaf56fc068:   000001ac0c39c900 000000074e10d401
0x000000aaf56fc078:   0000000000000000 000001ac169dee80
0x000000aaf56fc088:   000001ac0c39c900 000001ac11e98d80
0x000000aaf56fc098:   00007ffa82d080bf 000001ac0c39c900
0x000000aaf56fc0a8:   0000000000000000 000001ac169dee80
0x000000aaf56fc0b8:   000000aaf56fd4c0 000001ac169dee70
0x000000aaf56fc0c8:   00000000000003d8 000001ac169dee80
0x000000aaf56fc0d8:   000001ac169df258 000001abaad65ca0
0x000000aaf56fc0e8:   000001abaad67db8 000001abaad680c8
0x000000aaf56fc0f8:   00007ffa8321f420 0000000000000000
0x000000aaf56fc108:   00007ffa830c2b00 0000000000000000
0x000000aaf56fc118:   000000aa00000000 0000000000000000
0x000000aaf56fc128:   000000aaf56fd8c8 000001abaad673a4
0x000000aaf56fc138:   000001abaad65910 000001ab00000000 

Instructions: (pc=0x00007ffa82f56683)
0x00007ffa82f56583:   83 ec 30 48 8b 1a 48 85 db 74 58 48 8b 0d 73 92
0x00007ffa82f56593:   4d 00 48 8b d3 48 8b 01 ff 90 f8 01 00 00 84 c0
0x00007ffa82f565a3:   74 13 48 8b 03 48 85 c0 75 39 8b 05 5d cc 4b 00
0x00007ffa82f565b3:   83 f8 02 75 2e 4c 8d 0d 11 37 2e 00 48 89 5c 24
0x00007ffa82f565c3:   20 4c 8d 05 1d 37 2e 00 ba 81 00 00 00 48 8d 0d
0x00007ffa82f565d3:   41 37 2e 00 e8 84 e9 bd ff 48 83 c4 30 5b e9 7a
0x00007ffa82f565e3:   35 01 00 48 83 c4 30 5b c3 cc cc cc cc 48 83 ec
0x00007ffa82f565f3:   38 8b 02 85 c0 74 7a 8b 0d b8 ac 43 00 48 89 5c
0x00007ffa82f56603:   24 30 8b d8 48 d3 e3 48 03 1d 9f ac 43 00 74 5c
0x00007ffa82f56613:   48 8b 0d ee 91 4d 00 48 8b d3 48 8b 01 ff 90 f8
0x00007ffa82f56623:   01 00 00 84 c0 74 13 48 8b 03 48 85 c0 75 3d 8b
0x00007ffa82f56633:   05 d8 cb 4b 00 83 f8 02 75 32 4c 8d 0d 8c 36 2e
0x00007ffa82f56643:   00 48 89 5c 24 20 4c 8d 05 98 36 2e 00 ba 81 00
0x00007ffa82f56653:   00 00 48 8d 0d bc 36 2e 00 e8 ff e8 bd ff 48 8b
0x00007ffa82f56663:   5c 24 30 48 83 c4 38 e9 f1 34 01 00 48 8b 5c 24
0x00007ffa82f56673:   30 48 83 c4 38 c3 cc cc cc cc cc cc cc 48 63 c2
0x00007ffa82f56683:   48 8b 04 08 c3 cc cc cc cc cc cc cc cc 48 63 c2
0x00007ffa82f56693:   4c 89 04 08 c3 cc cc cc cc cc cc cc cc 48 63 c2
0x00007ffa82f566a3:   0f b6 04 08 c3 cc cc cc cc cc cc cc cc 48 63 c2
0x00007ffa82f566b3:   0f b7 04 08 c3 cc cc cc cc cc cc cc cc 48 63 c2
0x00007ffa82f566c3:   8b 04 08 c3 cc cc cc cc cc cc cc cc cc 48 89 5c
0x00007ffa82f566d3:   24 08 57 48 83 ec 20 48 8b d9 0f b6 fa 48 8b 0d
0x00007ffa82f566e3:   21 91 4d 00 48 8b d3 48 8b 01 ff 90 f8 01 00 00
0x00007ffa82f566f3:   84 c0 75 0b 48 8b 5c 24 30 48 83 c4 20 5f c3 40
0x00007ffa82f56703:   84 ff 75 1f 48 8b 03 48 85 c0 75 17 8b 05 fb ca
0x00007ffa82f56713:   4b 00 83 f8 02 0f 95 c0 48 8b 5c 24 30 48 83 c4
0x00007ffa82f56723:   20 5f c3 48 8b 5c 24 30 b0 01 48 83 c4 20 5f c3
0x00007ffa82f56733:   cc cc cc cc cc cc cc cc cc cc cc cc cc 48 89 5c
0x00007ffa82f56743:   24 08 57 48 83 ec 20 0f b6 fa 48 8b d9 48 85 c9
0x00007ffa82f56753:   74 27 48 8b 0d ac 90 4d 00 48 8b d3 48 8b 01 ff
0x00007ffa82f56763:   90 f8 01 00 00 84 c0 75 0b 48 8b 5c 24 30 48 83
0x00007ffa82f56773:   c4 20 5f c3 40 84 ff 74 0d b0 01 48 8b 5c 24 30 


Stack slot to memory mapping:
stack at sp + 0 slots: 0x00007ffa82d0df15 jvm.dll
stack at sp + 1 slots: 0x000001ac0d172e30 points into unknown readable memory: 0x0000000000000013 | 13 00 00 00 00 00 00 00
stack at sp + 2 slots: 0x000000aaf56fc150 is pointing into the stack for thread: 0x000001ac0c39c900
stack at sp + 3 slots: 0x0000000000000001 is an unknown value
stack at sp + 4 slots: 0x000001ac0c39c900 is a thread
stack at sp + 5 slots: 0x000000074e10d401 points into unknown readable memory: 18 c2 e9 00 00 00 00
stack at sp + 6 slots: 0x0 is NULL
stack at sp + 7 slots: 0x000001ac169dee80 points into unknown readable memory: 0x0000000c00000000 | 00 00 00 00 0c 00 00 00


Compiled method (n/a)  184229 19706     n 0       java.security.AccessController::getStackAccessControlContext (native)
 total in heap  [0x000001abb3163b10,0x000001abb3163f60] = 1104
 relocation     [0x000001abb3163c68,0x000001abb3163ca0] = 56
 main code      [0x000001abb3163ca0,0x000001abb3163f60] = 704

[Constant Pool (empty)]

[MachCode]
[Entry Point]
  # {method} {0x000001ac1a3a77a0} 'getStackAccessControlContext' '()Ljava/security/AccessControlContext;' in 'java/security/AccessController'
  #           [sp+0x70]  (sp of caller)
  0x000001abb3163ca0: 448b 5208 | 49bb 0000 | 00c7 ab01 | 0000 4d03 | d349 3bc2 | 0f84 0600 

  0x000001abb3163cb8: ;   {runtime_call ic_miss_stub}
  0x000001abb3163cb8: 0000 e9c1 | 8d00 ff90 
[Verified Entry Point]
  0x000001abb3163cc0: 8984 2400 | 90ff ff55 | 488b ec48 

  0x000001abb3163ccc: ;   {oop(a 'java/lang/Class'{0x000000070616f688} = 'java/security/AccessController')}
  0x000001abb3163ccc: 83ec 6049 | be88 f616 | 0607 0000 | 004c 8974 | 2450 4c8d | 7424 5049 | 8bd6 c5f8 

  0x000001abb3163ce8: ;   {internal_word}
  0x000001abb3163ce8: 7749 bae6 | 3c16 b3ab | 0100 004d | 8997 9802 | 0000 4989 | a790 0200 

  0x000001abb3163d00: ;   {external_word}
  0x000001abb3163d00: 0049 bac8 | 903f 83fa | 7f00 0041 | 803a 000f | 8448 0000 

  0x000001abb3163d14: ;   {metadata({method} {0x000001ac1a3a77a0} 'getStackAccessControlContext' '()Ljava/security/AccessControlContext;' in 'java/security/AccessController')}
  0x000001abb3163d14: 0052 48ba | 9877 3a1a | ac01 0000 | 498b cf48 | 83ec 2040 | f6c4 0f0f | 841a 0000 | 0048 83ec 
  0x000001abb3163d34: ;   {runtime_call}
  0x000001abb3163d34: 0849 bab0 | 01fd 82fa | 7f00 0041 | ffd2 4883 | c408 e90d 

  0x000001abb3163d48: ;   {runtime_call}
  0x000001abb3163d48: 0000 0049 | bab0 01fd | 82fa 7f00 | 0041 ffd2 | 4883 c420 | 5a49 8d8f | b002 0000 | 41c7 8740 
  0x000001abb3163d68: 0300 0004 

  0x000001abb3163d6c: ;   {runtime_call}
  0x000001abb3163d6c: 0000 0049 | ba14 1082 | 22fb 7f00 | 0041 ffd2 | c5f8 7741 | c787 4003 | 0000 0500 | 0000 f083 
  0x000001abb3163d8c: 4424 c000 | 493b af48 | 0300 000f | 8711 0000 | 0041 81bf | 3003 0000 | 0000 0000 | 0f84 2c00 
  0x000001abb3163dac: 0000 c5f8 | 7748 8945 | f849 8bcf | 4c8b e448 | 83ec 2048 

  0x000001abb3163dc0: ;   {runtime_call}
  0x000001abb3163dc0: 83e4 f049 | baa0 b007 | 83fa 7f00 | 0041 ffd2 | 498b e44d | 33e4 488b | 45f8 41c7 | 8740 0300 
  0x000001abb3163de0: 0008 0000 | 0041 81bf | b003 0000 | 0200 0000 | 0f84 3601 

  0x000001abb3163df4: ;   {external_word}
  0x000001abb3163df4: 0000 49ba | c890 3f83 | fa7f 0000 | 4180 3a00 | 0f84 4e00 | 0000 4889 

  0x000001abb3163e0c: ;   {metadata({method} {0x000001ac1a3a77a0} 'getStackAccessControlContext' '()Ljava/security/AccessControlContext;' in 'java/security/AccessController')}
  0x000001abb3163e0c: 45f8 48ba | 9877 3a1a | ac01 0000 | 498b cf48 | 83ec 2040 | f6c4 0f0f | 841a 0000 | 0048 83ec 
  0x000001abb3163e2c: ;   {runtime_call}
  0x000001abb3163e2c: 0849 bab0 | 01fd 82fa | 7f00 0041 | ffd2 4883 | c408 e90d 

  0x000001abb3163e40: ;   {runtime_call}
  0x000001abb3163e40: 0000 0049 | bab0 01fd | 82fa 7f00 | 0041 ffd2 | 4883 c420 | 488b 45f8 | 49c7 8790 | 0200 0000 
  0x000001abb3163e60: 0000 0049 | c787 9802 | 0000 0000 | 0000 c5f8 | 7748 85c0 | 0f84 8c00 | 0000 a801 | 0f84 8100 
  0x000001abb3163e80: 0000 488b | 40ff 4180 | 7f38 000f | 846d 0000 | 0048 83f8 | 000f 8463 | 0000 0049 | 8b4f 2048 
  0x000001abb3163ea0: 83f9 000f | 8414 0000 | 0048 83e9 | 0849 894f | 2049 034f | 3048 8901 | e941 0000 | 0050 498b 
  0x000001abb3163ec0: d748 8bc8 | 4883 ec20 | 40f6 c40f | 0f84 1a00 | 0000 4883 

  0x000001abb3163ed4: ;   {runtime_call}
  0x000001abb3163ed4: ec08 49ba | e0fb bb82 | fa7f 0000 | 41ff d248 | 83c4 08e9 | 0d00 0000 

  0x000001abb3163eec: ;   {runtime_call}
  0x000001abb3163eec: 49ba e0fb | bb82 fa7f | 0000 41ff | d248 83c4 | 2058 e903 | 0000 0048 | 8b00 498b | 8fd8 0000 
  0x000001abb3163f0c: 00c7 8100 | 0100 0000 | 0000 00c9 | 4981 7f08 | 0000 0000 | 0f85 0100 

  0x000001abb3163f24: ;   {runtime_call StubRoutines (1)}
  0x000001abb3163f24: 0000 c3e9 | d4cf fbfe | c5f8 7748 | 8945 f84c | 8be4 4883 | ec20 4883 

  0x000001abb3163f3c: ;   {runtime_call}
  0x000001abb3163f3c: e4f0 49ba | c032 fd82 | fa7f 0000 | 41ff d249 | 8be4 4d33 | e448 8b45 | f8e9 9cfe | ffff f4f4 
  0x000001abb3163f5c: f4f4 f4f4 
[/MachCode]


Compiled method (c1)  184237 19704       2       java.security.AccessController::getContext (108 bytes)
 total in heap  [0x000001abac50ca10,0x000001abac50d378] = 2408
 relocation     [0x000001abac50cb68,0x000001abac50cc20] = 184
 main code      [0x000001abac50cc20,0x000001abac50d060] = 1088
 stub code      [0x000001abac50d060,0x000001abac50d118] = 184
 oops           [0x000001abac50d118,0x000001abac50d138] = 32
 metadata       [0x000001abac50d138,0x000001abac50d180] = 72
 scopes data    [0x000001abac50d180,0x000001abac50d228] = 168
 scopes pcs     [0x000001abac50d228,0x000001abac50d348] = 288
 dependencies   [0x000001abac50d348,0x000001abac50d360] = 24
 nul chk table  [0x000001abac50d360,0x000001abac50d378] = 24

[Constant Pool (empty)]

[MachCode]
[Verified Entry Point]
  # {method} {0x000001ac1a3a7570} 'getContext' '()Ljava/security/AccessControlContext;' in 'java/security/AccessController'
  #           [sp+0x90]  (sp of caller)
  0x000001abac50cc20: 8984 2400 | 90ff ff55 | 4881 ec80 | 0000 0049 | b800 a13a | 1aac 0100 | 0041 8b50 | 0883 c202 
  0x000001abac50cc40: 4189 5008 | 81e2 fe0f | 0000 83fa | 000f 845f 

  0x000001abac50cc50: ;   {oop(a 'java/lang/Class'{0x000000070616f688} = 'java/security/AccessController')}
  0x000001abac50cc50: 0300 0049 | b888 f616 | 0607 0000 

  0x000001abac50cc5c: ;   {oop(a 'java/lang/Class'{0x0000000706b09bb0} = 'org/mockito/internal/creation/bytebuddy/inject/MockMethodDispatcher')}
  0x000001abac50cc5c: 0048 bab0 | 9bb0 0607 

  0x000001abac50cc64: ;   {optimized virtual_call}
  0x000001abac50cc64: 0000 00e8 

  0x000001abac50cc68: ; ImmutableOopMap {}
                      ;*invokevirtual isAssignableFrom {reexecute=0 rethrow=0 return_oop=0}
                      ; - org.mockito.internal.creation.bytebuddy.inject.MockMethodDispatcher::getStatic@3 (line 43)
                      ; - java.security.AccessController::getContext@5 (line 1003)
  0x000001abac50cc68: 54b2 3f06 | 83f8 000f | 855a 0000 

  0x000001abac50cc74: ;   {oop("0rQmMg7l"{0x000000070a97f770})}
  0x000001abac50cc74: 0049 b870 | f797 0a07 

  0x000001abac50cc7c: ;   {oop(a 'java/util/concurrent/ConcurrentHashMap'{0x0000000706b34220})}
  0x000001abac50cc7c: 0000 0048 | ba20 42b3 | 0607 0000 | 0066 0f1f 

  0x000001abac50cc8c: ;   {optimized virtual_call}
  0x000001abac50cc8c: 4400 00e8 

  0x000001abac50cc90: ; ImmutableOopMap {}
                      ;*invokeinterface get {reexecute=0 rethrow=0 return_oop=0}
                      ; - org.mockito.internal.creation.bytebuddy.inject.MockMethodDispatcher::getStatic@21 (line 47)
                      ; - java.security.AccessController::getContext@5 (line 1003)
  0x000001abac50cc90: cc6a f406 | 4883 f800 | 0f84 2900 

  0x000001abac50cc9c: ;   {metadata('org/mockito/internal/creation/bytebuddy/inject/MockMethodDispatcher')}
  0x000001abac50cc9c: 0000 48bf | 50d4 37c8 | ab01 0000 | 8b70 0849 | ba00 0000 | c7ab 0100 | 0049 03f2 | 483b 7e38 
  0x000001abac50ccbc: 0f85 1103 | 0000 e900 | 0000 004c | 8bc0 e90a 

  0x000001abac50cccc: ;   {oop(NULL)}
  0x000001abac50cccc: 0000 0049 | b800 0000 | 0000 0000 | 0049 83f8 | 000f 842a | 0000 0049 

  0x000001abac50cce4: ;   {oop(a 'java/lang/Class'{0x000000070616f688} = 'java/security/AccessController')}
  0x000001abac50cce4: 3b00 48ba | 88f6 1606 | 0700 0000 | 498b f04c | 8bc2 488b | d648 8974 

  0x000001abac50ccfc: ;   {optimized virtual_call}
  0x000001abac50ccfc: 2458 90e8 

  0x000001abac50cd00: ; ImmutableOopMap {[88]=Oop }
                      ;*invokevirtual isMockedStatic {reexecute=0 rethrow=0 return_oop=0}
                      ; - java.security.AccessController::getContext@16 (line 1003)
  0x000001abac50cd00: 3c77 cb06 | 83f8 000f | 850f 0000 

  0x000001abac50cd0c: ;   {oop(NULL)}
  0x000001abac50cd0c: 0048 be00 | 0000 0000 | 0000 00e9 | 7301 0000 | bb00 0000 

  0x000001abac50cd20: ;   {metadata('java/lang/Class'[])}
  0x000001abac50cd20: 0048 ba78 | 1c00 c7ab | 0100 0048 | 63db 488b | fb48 81fb | ffff ff00 | 0f87 a302 | 0000 48be 
  0x000001abac50cd40: 1700 0000 | 0000 0000 | 488d 349e | 4883 e6f8 | 498b 8708 | 0100 0048 | 8d34 3049 | 3bb7 1801 
  0x000001abac50cd60: 0000 0f87 | 7902 0000 | 4989 b708 | 0100 0048 | 2bf0 48c7 | 0001 0000 | 0048 8bca | 49ba 0000 
  0x000001abac50cd80: 00c7 ab01 | 0000 492b | ca89 4808 | 8958 0c48 | 83ee 100f | 841a 0000 | 0048 85f6 | 0f84 1100 
  0x000001abac50cda0: 0000 4833 | db48 c1ee | 0348 895c | f008 48ff 

  0x000001abac50cdb0: ;   {oop(a 'java/lang/Class'{0x000000070616f688} = 'java/security/AccessController')}
  0x000001abac50cdb0: ce75 f648 | be88 f616 | 0607 0000 

  0x000001abac50cdbc: ;   {oop("getContext"{0x000000070871a2a0})}
  0x000001abac50cdbc: 0049 b8a0 | a271 0807 | 0000 004c | 8bc8 488b | d648 8974 | 2460 0f1f 

  0x000001abac50cdd4: ;   {optimized virtual_call}
  0x000001abac50cdd4: 4400 00e8 

  0x000001abac50cdd8: ; ImmutableOopMap {[88]=Oop [96]=Oop }
                      ;*invokevirtual getMethod {reexecute=0 rethrow=0 return_oop=0}
                      ; - java.security.AccessController::getContext@38 (line 1003)
  0x000001abac50cdd8: a4ff c505 | 4c8b c8bb | 0000 0000 

  0x000001abac50cde4: ;   {metadata('java/lang/Object'[])}
  0x000001abac50cde4: 48ba 2815 | 00c7 ab01 | 0000 4863 | db48 8bfb | 4881 fbff | ffff 000f | 87ea 0100 | 0048 be17 
  0x000001abac50ce04: 0000 0000 | 0000 0048 | 8d34 9e48 | 83e6 f849 | 8b87 0801 | 0000 488d | 3430 493b | b718 0100 
  0x000001abac50ce24: 000f 87c0 | 0100 0049 | 89b7 0801 | 0000 482b | f048 c700 | 0100 0000 | 488b ca49 | ba00 0000 
  0x000001abac50ce44: c7ab 0100 | 0049 2bca | 8948 0889 | 580c 4883 | ee10 0f84 | 1a00 0000 | 4885 f60f | 8411 0000 
  0x000001abac50ce64: 0048 33db | 48c1 ee03 | 4889 5cf0 | 0848 ffce | 75f6 4c8b | 4424 6048 | 8bf8 488b | 5424 580f 
  0x000001abac50ce84: ;   {optimized virtual_call}
  0x000001abac50ce84: 1f40 00e8 

  0x000001abac50ce88: ; ImmutableOopMap {}
                      ;*invokevirtual handleStatic {reexecute=0 rethrow=0 return_oop=0}
                      ; - java.security.AccessController::getContext@45 (line 1003)
  0x000001abac50ce88: f4fe c505 | 488b f048 | 83fe 000f | 840f 0000 

  0x000001abac50ce98: ;   {oop(NULL)}
  0x000001abac50ce98: 0048 bf00 | 0000 0000 | 0000 00e9 | 9c00 0000 | 4889 7424 

  0x000001abac50ceac: ;   {static_call}
  0x000001abac50ceac: 6866 90e8 

  0x000001abac50ceb0: ; ImmutableOopMap {[104]=Oop }
                      ;*invokestatic getStackAccessControlContext {reexecute=0 rethrow=0 return_oop=0}
                      ; - java.security.AccessController::getContext@61 (line 1003)
  0x000001abac50ceb0: 0c6e c506 | 4883 f800 | 0f85 6d00 

  0x000001abac50cebc: ;   {metadata('java/security/AccessControlContext')}
  0x000001abac50cebc: 0000 48ba | 103e 07c7 | ab01 0000 | 498b 8708 | 0100 0048 | 8d78 2849 | 3bbf 1801 | 0000 0f87 
  0x000001abac50cedc: 1501 0000 | 4989 bf08 | 0100 0048 | c700 0100 | 0000 488b | ca49 ba00 | 0000 c7ab | 0100 0049 
  0x000001abac50cefc: 2bca 8948 | 0848 33c9 | 8948 0c48 | 33c9 4889 | 4810 4889 | 4818 4889 | 4820 c640 | 0c01 c640 
  0x000001abac50cf1c: 0d01 488b | f848 8b74 | 2468 e919 | 0000 0048 | 3b00 488b | d066 0f1f 

  0x000001abac50cf34: ;   {optimized virtual_call}
  0x000001abac50cf34: 4400 00e8 

  0x000001abac50cf38: ; ImmutableOopMap {[104]=Oop }
                      ;*invokevirtual optimize {reexecute=0 rethrow=0 return_oop=0}
                      ; - java.security.AccessController::getContext@82 (line 1009)
  0x000001abac50cf38: 04dd 8906 | 488b f848 | 8b74 2468 | 4883 fe00 | 0f84 4b00 | 0000 488b | d60f 1f40 | 0048 b8ff 
  0x000001abac50cf58: ffff ffff 

  0x000001abac50cf5c: ;   {virtual_call}
  0x000001abac50cf5c: ffff ffe8 

  0x000001abac50cf60: ; ImmutableOopMap {}
                      ;*invokeinterface call {reexecute=0 rethrow=0 return_oop=0}
                      ; - java.security.AccessController::getContext@94 (line 1009)
  0x000001abac50cf60: 1c01 c605 | 4883 f800 | 0f84 2800 

  0x000001abac50cf6c: ;   {metadata('java/security/AccessControlContext')}
  0x000001abac50cf6c: 0000 48bb | 103e 07c7 | ab01 0000 | 8b70 0849 | ba00 0000 | c7ab 0100 | 0049 03f2 | 483b de0f 
  0x000001abac50cf8c: 8576 0000 | 00e9 0000 | 0000 488b | f848 8bc7 | 4881 c480 | 0000 005d 

  0x000001abac50cfa4: ;   {poll_return}
  0x000001abac50cfa4: 493b a748 | 0300 000f | 875f 0000 

  0x000001abac50cfb0: ;   {metadata({method} {0x000001ac1a3a7570} 'getContext' '()Ljava/security/AccessControlContext;' in 'java/security/AccessController')}
  0x000001abac50cfb0: 00c3 49ba | 6875 3a1a | ac01 0000 | 4c89 5424 | 0848 c704 | 24ff ffff 

  0x000001abac50cfc8: ;   {runtime_call counter_overflow Runtime1 stub}
  0x000001abac50cfc8: ffe8 b2d8 

  0x000001abac50cfcc: ; ImmutableOopMap {}
                      ;*synchronization entry
                      ; - java.security.AccessController::getContext@-1 (line 1003)
  0x000001abac50cfcc: d005 e980 | fcff ff48 

  0x000001abac50cfd4: ;   {runtime_call throw_class_cast_exception Runtime1 stub}
  0x000001abac50cfd4: 8904 24e8 

  0x000001abac50cfd8: ; ImmutableOopMap {}
                      ;*checkcast {reexecute=0 rethrow=0 return_oop=0}
                      ; - org.mockito.internal.creation.bytebuddy.inject.MockMethodDispatcher::getStatic@26 (line 47)
                      ; - java.security.AccessController::getContext@5 (line 1003)
  0x000001abac50cfd8: c4ab d005 

  0x000001abac50cfdc: ;   {runtime_call throw_null_pointer_exception Runtime1 stub}
  0x000001abac50cfdc: e8bf 7bd0 

  0x000001abac50cfe0: ; ImmutableOopMap {r8=Oop }
                      ;*invokevirtual isMockedStatic {reexecute=0 rethrow=0 return_oop=0}
                      ; - java.security.AccessController::getContext@16 (line 1003)
                      ;   {runtime_call new_object_array Runtime1 stub}
  0x000001abac50cfe0: 05e8 9a90 

  0x000001abac50cfe4: ; ImmutableOopMap {[88]=Oop }
                      ;*anewarray {reexecute=0 rethrow=0 return_oop=0}
                      ; - java.security.AccessController::getContext@35 (line 1003)
  0x000001abac50cfe4: d005 e9c8 

  0x000001abac50cfe8: ;   {runtime_call new_object_array Runtime1 stub}
  0x000001abac50cfe8: fdff ffe8 

  0x000001abac50cfec: ; ImmutableOopMap {[88]=Oop [96]=Oop r9=Oop }
                      ;*anewarray {reexecute=0 rethrow=0 return_oop=0}
                      ; - java.security.AccessController::getContext@42 (line 1003)
  0x000001abac50cfec: 9090 d005 | e981 feff | ff48 8bd2 

  0x000001abac50cff8: ;   {runtime_call fast_new_instance Runtime1 stub}
  0x000001abac50cff8: e883 84d0 

  0x000001abac50cffc: ; ImmutableOopMap {[104]=Oop }
                      ;*new {reexecute=0 rethrow=0 return_oop=0}
                      ; - java.security.AccessController::getContext@69 (line 1007)
  0x000001abac50cffc: 05e9 14ff 

  0x000001abac50d000: ;   {runtime_call throw_null_pointer_exception Runtime1 stub}
  0x000001abac50d000: ffff e899 

  0x000001abac50d004: ; ImmutableOopMap {[104]=Oop rax=Oop }
                      ;*invokevirtual optimize {reexecute=0 rethrow=0 return_oop=0}
                      ; - java.security.AccessController::getContext@82 (line 1009)
  0x000001abac50d004: 7bd0 0548 

  0x000001abac50d008: ;   {runtime_call throw_class_cast_exception Runtime1 stub}
  0x000001abac50d008: 8904 24e8 

  0x000001abac50d00c: ; ImmutableOopMap {}
                      ;*checkcast {reexecute=0 rethrow=0 return_oop=0}
                      ; - java.security.AccessController::getContext@99 (line 1009)
  0x000001abac50d00c: 90ab d005 

  0x000001abac50d010: ;   {internal_word}
  0x000001abac50d010: 49ba a4cf | 50ac ab01 | 0000 4d89 | 9760 0300 

  0x000001abac50d020: ;   {runtime_call SafepointBlob}
  0x000001abac50d020: 00e9 da63 | c605 9090 | 498b 87d8 | 0300 0049 | c787 d803 | 0000 0000 | 0000 49c7 | 87e0 0300 
  0x000001abac50d040: 0000 0000 | 0048 81c4 | 8000 0000 

  0x000001abac50d04c: ;   {runtime_call unwind_exception Runtime1 stub}
  0x000001abac50d04c: 5de9 ae9b | c705 f4f4 | f4f4 f4f4 | f4f4 f4f4 | f4f4 f4f4 
[Stub Code]
  0x000001abac50d060: ;   {no_reloc}
  0x000001abac50d060: 0f1f 4400 

  0x000001abac50d064: ;   {static_stub}
  0x000001abac50d064: 0048 bb00 | 0000 0000 

  0x000001abac50d06c: ;   {runtime_call}
  0x000001abac50d06c: 0000 00e9 | fbff ffff 

  0x000001abac50d074: ;   {static_stub}
  0x000001abac50d074: 9048 bb00 | 0000 0000 

  0x000001abac50d07c: ;   {runtime_call}
  0x000001abac50d07c: 0000 00e9 | fbff ffff 

  0x000001abac50d084: ;   {static_stub}
  0x000001abac50d084: 9048 bb00 | 0000 0000 

  0x000001abac50d08c: ;   {runtime_call}
  0x000001abac50d08c: 0000 00e9 | fbff ffff 

  0x000001abac50d094: ;   {static_stub}
  0x000001abac50d094: 9048 bb00 | 0000 0000 

  0x000001abac50d09c: ;   {runtime_call}
  0x000001abac50d09c: 0000 00e9 | fbff ffff 

  0x000001abac50d0a4: ;   {static_stub}
  0x000001abac50d0a4: 9048 bb00 | 0000 0000 

  0x000001abac50d0ac: ;   {runtime_call}
  0x000001abac50d0ac: 0000 00e9 | fbff ffff 

  0x000001abac50d0b4: ;   {static_stub}
  0x000001abac50d0b4: 9048 bb98 | 773a 1aac 

  0x000001abac50d0bc: ;   {runtime_call I2C/C2I adapters}
  0x000001abac50d0bc: 0100 00e9 | 91ee c505 

  0x000001abac50d0c4: ;   {static_stub}
  0x000001abac50d0c4: 9048 bb00 | 0000 0000 

  0x000001abac50d0cc: ;   {runtime_call}
  0x000001abac50d0cc: 0000 00e9 | fbff ffff 

  0x000001abac50d0d4: ;   {static_stub}
  0x000001abac50d0d4: 9048 bb00 | 0000 0000 

  0x000001abac50d0dc: ;   {runtime_call}
  0x000001abac50d0dc: 0000 00e9 | fbff ffff 
[Exception Handler]
  0x000001abac50d0e4: ;   {runtime_call handle_exception_from_callee Runtime1 stub}
  0x000001abac50d0e4: e897 a4d0 

  0x000001abac50d0e8: ;   {external_word}
  0x000001abac50d0e8: 0548 b990 | f01b 83fa | 7f00 0048 

  0x000001abac50d0f4: ;   {runtime_call}
  0x000001abac50d0f4: 83e4 f049 | ba20 ffe9 | 82fa 7f00 | 0041 ffd2 

  0x000001abac50d104: ;   {section_word}
  0x000001abac50d104: f449 ba05 | d150 acab | 0100 0041 

  0x000001abac50d110: ;   {runtime_call DeoptimizationBlob}
  0x000001abac50d110: 52e9 8a55 | c605 f4f4 
[/MachCode]


Compiled method (c1)  184252 20192       3       java.security.AccessController::doPrivileged (100 bytes)
 total in heap  [0x000001abaad65910,0x000001abaad68158] = 10312
 relocation     [0x000001abaad65a68,0x000001abaad65c98] = 560
 main code      [0x000001abaad65ca0,0x000001abaad67a00] = 7520
 stub code      [0x000001abaad67a00,0x000001abaad67b18] = 280
 oops           [0x000001abaad67b18,0x000001abaad67b40] = 40
 metadata       [0x000001abaad67b40,0x000001abaad67b90] = 80
 scopes data    [0x000001abaad67b90,0x000001abaad67db8] = 552
 scopes pcs     [0x000001abaad67db8,0x000001abaad680c8] = 784
 dependencies   [0x000001abaad680c8,0x000001abaad680e8] = 32
 nul chk table  [0x000001abaad680e8,0x000001abaad68158] = 112

[Constant Pool (empty)]

[MachCode]
[Verified Entry Point]
  # {method} {0x000001ac1a3a7160} 'doPrivileged' '(Ljava/security/PrivilegedAction;)Ljava/lang/Object;' in 'java/security/AccessController'
  # parm0:    rdx:rdx   = 'java/security/PrivilegedAction'
  #           [sp+0x110]  (sp of caller)
  0x000001abaad65ca0: 8984 2400 | 90ff ff55 | 4881 ec00 | 0100 0048 | 8994 24b8 

  0x000001abaad65cb4: ;   {metadata(method data for {method} {0x000001ac1a3a7160} 'doPrivileged' '(Ljava/security/PrivilegedAction;)Ljava/lang/Object;' in 'java/security/AccessController')}
  0x000001abaad65cb4: 0000 0049 | b8a0 073b | 1aac 0100 | 0041 8bb0 | cc00 0000 | 83c6 0241 | 89b0 cc00 | 0000 81e6 
  0x000001abaad65cd4: fe07 0000 | 83fe 000f | 8497 1900 

  0x000001abaad65ce0: ;   {metadata(method data for {method} {0x000001ac1a3a7160} 'doPrivileged' '(Ljava/security/PrivilegedAction;)Ljava/lang/Object;' in 'java/security/AccessController')}
  0x000001abaad65ce0: 0049 b8a0 | 073b 1aac | 0100 0049 | 8380 1001 

  0x000001abaad65cf0: ;   {metadata(method data for {method} {0x000001ac0a51ea38} 'getStatic' '(Ljava/lang/String;Ljava/lang/Class;)Lorg/mockito/internal/creation/bytebuddy/inject/MockMethodDispatcher;' in 'org/mockito/internal/creation/bytebuddy/inject/MockMethodDispatcher')}
  0x000001abaad65cf0: 0000 0149 | b8b8 eb3b | 0bac 0100 | 0041 8bb0 | cc00 0000 | 83c6 0241 | 89b0 cc00 | 0000 81e6 
  0x000001abaad65d10: feff 1f00 | 83fe 000f | 847c 1900 

  0x000001abaad65d1c: ;   {oop(a 'java/lang/Class'{0x0000000706b09bb0} = 'org/mockito/internal/creation/bytebuddy/inject/MockMethodDispatcher')}
  0x000001abaad65d1c: 0048 beb0 | 9bb0 0607 | 0000 004c 

  0x000001abaad65d28: ;   {metadata(method data for {method} {0x000001ac0a51ea38} 'getStatic' '(Ljava/lang/String;Ljava/lang/Class;)Lorg/mockito/internal/creation/bytebuddy/inject/MockMethodDispatcher;' in 'org/mockito/internal/creation/bytebuddy/inject/MockMethodDispatcher')}
  0x000001abaad65d28: 8bc6 48bf | b8eb 3b0b | ac01 0000 | 4883 8710 | 0100 0001 

  0x000001abaad65d3c: ;   {oop(a 'java/lang/Class'{0x000000070616f688} = 'java/security/AccessController')}
  0x000001abaad65d3c: 49b8 88f6 | 1606 0700 | 0000 488b | d666 0f1f 

  0x000001abaad65d4c: ;   {optimized virtual_call}
  0x000001abaad65d4c: 4400 00e8 

  0x000001abaad65d50: ; ImmutableOopMap {[184]=Oop }
                      ;*invokevirtual isAssignableFrom {reexecute=0 rethrow=0 return_oop=0}
                      ; - org.mockito.internal.creation.bytebuddy.inject.MockMethodDispatcher::getStatic@3 (line 43)
                      ; - java.security.AccessController::doPrivileged@5 (line 318)
  0x000001abaad65d50: 6c21 ba07 

  0x000001abaad65d54: ;   {metadata(method data for {method} {0x000001ac0a51ea38} 'getStatic' '(Ljava/lang/String;Ljava/lang/Class;)Lorg/mockito/internal/creation/bytebuddy/inject/MockMethodDispatcher;' in 'org/mockito/internal/creation/bytebuddy/inject/MockMethodDispatcher')}
  0x000001abaad65d54: 83f8 0049 | b8b8 eb3b | 0bac 0100 | 0048 ba48 | 0100 0000 | 0000 000f | 850a 0000 | 0048 ba58 
  0x000001abaad65d74: 0100 0000 | 0000 0049 | 8b34 1048 | 8d76 0149 | 8934 100f | 85be 0100 

  0x000001abaad65d8c: ;   {metadata(method data for {method} {0x000001ac0a51ea38} 'getStatic' '(Ljava/lang/String;Ljava/lang/Class;)Lorg/mockito/internal/creation/bytebuddy/inject/MockMethodDispatcher;' in 'org/mockito/internal/creation/bytebuddy/inject/MockMethodDispatcher')}
  0x000001abaad65d8c: 0049 b8b8 | eb3b 0bac | 0100 0041 | ff80 6801 

  0x000001abaad65d9c: ;   {oop(a 'java/util/concurrent/ConcurrentHashMap'{0x0000000706b34220})}
  0x000001abaad65d9c: 0000 48ba | 2042 b306 | 0700 0000 

  0x000001abaad65da8: ;   {metadata(method data for {method} {0x000001ac0a51ea38} 'getStatic' '(Ljava/lang/String;Ljava/lang/Class;)Lorg/mockito/internal/creation/bytebuddy/inject/MockMethodDispatcher;' in 'org/mockito/internal/creation/bytebuddy/inject/MockMethodDispatcher')}
  0x000001abaad65da8: 4c8b c248 | beb8 eb3b | 0bac 0100 | 0045 8b40 | 0849 ba00 | 0000 c7ab | 0100 004d | 03c2 4c3b 
  0x000001abaad65dc8: 8698 0100 | 0075 0d48 | 8386 a001 | 0000 01e9 | 6600 0000 | 4c3b 86a8 | 0100 0075 | 0d48 8386 
  0x000001abaad65de8: b001 0000 | 01e9 5000 | 0000 4881 | be98 0100 | 0000 0000 | 0075 174c | 8986 9801 | 0000 48c7 
  0x000001abaad65e08: 86a0 0100 | 0001 0000 | 00e9 2c00 | 0000 4881 | bea8 0100 | 0000 0000 | 0075 174c | 8986 a801 
  0x000001abaad65e28: 0000 48c7 | 86b0 0100 | 0001 0000 | 00e9 0800 | 0000 4883 | 8688 0100 

  0x000001abaad65e40: ;   {oop("0rQmMg7l"{0x000000070a97f770})}
  0x000001abaad65e40: 0001 49b8 | 70f7 970a | 0700 0000 

  0x000001abaad65e4c: ;   {optimized virtual_call}
  0x000001abaad65e4c: 6666 90e8 

  0x000001abaad65e50: ; ImmutableOopMap {[184]=Oop }
                      ;*invokeinterface get {reexecute=0 rethrow=0 return_oop=0}
                      ; - org.mockito.internal.creation.bytebuddy.inject.MockMethodDispatcher::getStatic@21 (line 47)
                      ; - java.security.AccessController::doPrivileged@5 (line 318)
  0x000001abaad65e50: 0cd9 6e08 | 4883 f800 

  0x000001abaad65e58: ;   {metadata(method data for {method} {0x000001ac0a51ea38} 'getStatic' '(Ljava/lang/String;Ljava/lang/Class;)Lorg/mockito/internal/creation/bytebuddy/inject/MockMethodDispatcher;' in 'org/mockito/internal/creation/bytebuddy/inject/MockMethodDispatcher')}
  0x000001abaad65e58: 7516 48be | b8eb 3b0b | ac01 0000 | 808e b901 | 0000 01e9 | d300 0000 

  0x000001abaad65e70: ;   {metadata('org/mockito/internal/creation/bytebuddy/inject/MockMethodDispatcher')}
  0x000001abaad65e70: 48bf 50d4 | 37c8 ab01 | 0000 8b70 | 0849 ba00 | 0000 c7ab | 0100 0049 | 03f2 483b | 7e38 0f85 
  0x000001abaad65e90: 9300 0000 

  0x000001abaad65e94: ;   {metadata(method data for {method} {0x000001ac0a51ea38} 'getStatic' '(Ljava/lang/String;Ljava/lang/Class;)Lorg/mockito/internal/creation/bytebuddy/inject/MockMethodDispatcher;' in 'org/mockito/internal/creation/bytebuddy/inject/MockMethodDispatcher')}
  0x000001abaad65e94: 48be b8eb | 3b0b ac01 | 0000 8b78 | 0849 ba00 | 0000 c7ab | 0100 0049 | 03fa 483b | bed0 0100 
  0x000001abaad65eb4: 0075 0d48 | 8386 d801 | 0000 01e9 | 7f00 0000 | 483b bee0 | 0100 0075 | 0d48 8386 | e801 0000 
  0x000001abaad65ed4: 01e9 6900 | 0000 4881 | bed0 0100 | 0000 0000 | 0075 1748 | 89be d001 | 0000 48c7 | 86d8 0100 
  0x000001abaad65ef4: 0001 0000 | 00e9 4500 | 0000 4881 | bee0 0100 | 0000 0000 | 0075 1748 | 89be e001 | 0000 48c7 
  0x000001abaad65f14: 86e8 0100 | 0001 0000 | 00e9 2100 | 0000 e91c 

  0x000001abaad65f24: ;   {metadata(method data for {method} {0x000001ac0a51ea38} 'getStatic' '(Ljava/lang/String;Ljava/lang/Class;)Lorg/mockito/internal/creation/bytebuddy/inject/MockMethodDispatcher;' in 'org/mockito/internal/creation/bytebuddy/inject/MockMethodDispatcher')}
  0x000001abaad65f24: 0000 0048 | beb8 eb3b | 0bac 0100 | 0048 83ae | c001 0000 | 01e9 7c17 | 0000 e900 | 0000 004c 
  0x000001abaad65f44: 8bc0 e90a 

  0x000001abaad65f48: ;   {oop(NULL)}
  0x000001abaad65f48: 0000 0049 | b800 0000 | 0000 0000 | 0049 83f8 

  0x000001abaad65f58: ;   {metadata(method data for {method} {0x000001ac1a3a7160} 'doPrivileged' '(Ljava/security/PrivilegedAction;)Ljava/lang/Object;' in 'java/security/AccessController')}
  0x000001abaad65f58: 0048 baa0 | 073b 1aac | 0100 0048 | be20 0100 | 0000 0000 | 000f 840a | 0000 0048 | be30 0100 
  0x000001abaad65f78: 0000 0000 | 0048 8b3c | 3248 8d7f | 0148 893c | 320f 8476 | 0000 0049 | 3b00 498b 

  0x000001abaad65f94: ;   {metadata(method data for {method} {0x000001ac1a3a7160} 'doPrivileged' '(Ljava/security/PrivilegedAction;)Ljava/lang/Object;' in 'java/security/AccessController')}
  0x000001abaad65f94: d048 bea0 | 073b 1aac | 0100 0048 | 8386 5801 

  0x000001abaad65fa4: ;   {oop(a 'java/lang/Class'{0x000000070616f688} = 'java/security/AccessController')}
  0x000001abaad65fa4: 0000 0148 | ba88 f616 | 0607 0000 | 0049 8bf0 | 4c8b c248 | 8bd6 4889 | b424 c000 | 0000 0f1f 
  0x000001abaad65fc4: ;   {optimized virtual_call}
  0x000001abaad65fc4: 4400 00e8 

  0x000001abaad65fc8: ; ImmutableOopMap {[184]=Oop [192]=Oop }
                      ;*invokevirtual isMockedStatic {reexecute=0 rethrow=0 return_oop=0}
                      ; - java.security.AccessController::doPrivileged@16 (line 318)
  0x000001abaad65fc8: 74e4 4508 

  0x000001abaad65fcc: ;   {metadata(method data for {method} {0x000001ac1a3a7160} 'doPrivileged' '(Ljava/security/PrivilegedAction;)Ljava/lang/Object;' in 'java/security/AccessController')}
  0x000001abaad65fcc: 83f8 0048 | bba0 073b | 1aac 0100 | 0048 ba78 | 0100 0000 | 0000 000f | 850a 0000 | 0048 ba88 
  0x000001abaad65fec: 0100 0000 | 0000 0048 | 8b34 1348 | 8d76 0148 | 8934 130f | 851f 0000 

  0x000001abaad66004: ;   {metadata(method data for {method} {0x000001ac1a3a7160} 'doPrivileged' '(Ljava/security/PrivilegedAction;)Ljava/lang/Object;' in 'java/security/AccessController')}
  0x000001abaad66004: 0048 bba0 | 073b 1aac | 0100 00ff | 8398 0100 

  0x000001abaad66014: ;   {oop(NULL)}
  0x000001abaad66014: 0048 be00 | 0000 0000 | 0000 00e9 | 6b04 0000 | bb01 0000 

  0x000001abaad66028: ;   {metadata('java/lang/Class'[])}
  0x000001abaad66028: 0048 ba78 | 1c00 c7ab | 0100 0048 | 63db 488b | fb48 81fb | ffff ff00 | 0f87 8216 | 0000 48be 
  0x000001abaad66048: 1700 0000 | 0000 0000 | 488d 349e | 4883 e6f8 | 498b 8708 | 0100 0048 | 8d34 3049 | 3bb7 1801 
  0x000001abaad66068: 0000 0f87 | 5816 0000 | 4989 b708 | 0100 0048 | 2bf0 48c7 | 0001 0000 | 0048 8bca | 49ba 0000 
  0x000001abaad66088: 00c7 ab01 | 0000 492b | ca89 4808 | 8958 0c48 | 83ee 100f | 841a 0000 | 0048 85f6 | 0f84 1100 
  0x000001abaad660a8: 0000 4833 | db48 c1ee | 0348 895c | f008 48ff 

  0x000001abaad660b8: ;   {oop(a 'java/lang/Class'{0x0000000706f00cf0} = 'java/security/PrivilegedAction')}
  0x000001abaad660b8: ce75 f649 | b9f0 0cf0 | 0607 0000 | 0049 83f9 

  0x000001abaad660c8: ;   {metadata(method data for {method} {0x000001ac1a3a7160} 'doPrivileged' '(Ljava/security/PrivilegedAction;)Ljava/lang/Object;' in 'java/security/AccessController')}
  0x000001abaad660c8: 0075 1648 | bea0 073b | 1aac 0100 | 0080 8ea9 | 0100 0001 | e901 0100 | 008b 5008 | 49ba 0000 
  0x000001abaad660e8: 00c7 ab01 | 0000 4903 | d241 8b71 | 0849 ba00 | 0000 c7ab | 0100 0049 | 03f2 488b | 92e0 0000 
  0x000001abaad66108: 0048 3bf2 | 0f84 2800 | 0000 8b7a | 1448 3b14 | 3e0f 841b | 0000 0083 | ff20 0f85 | a300 0000 
  0x000001abaad66128: ;   {runtime_call slow_subtype_check Runtime1 stub}
  0x000001abaad66128: 5652 e851 | 204b 075e | 5a83 fa00 | 0f84 9100 

  0x000001abaad66138: ;   {metadata(method data for {method} {0x000001ac1a3a7160} 'doPrivileged' '(Ljava/security/PrivilegedAction;)Ljava/lang/Object;' in 'java/security/AccessController')}
  0x000001abaad66138: 0000 48be | a007 3b1a | ac01 0000 | 418b 5108 | 49ba 0000 | 00c7 ab01 | 0000 4903 | d248 3b96 
  0x000001abaad66158: c001 0000 | 750d 4883 | 86c8 0100 | 0001 e977 | 0000 0048 | 3b96 d001 | 0000 750d | 4883 86d8 
  0x000001abaad66178: 0100 0001 | e961 0000 | 0048 81be | c001 0000 | 0000 0000 | 7517 4889 | 96c0 0100 | 0048 c786 
  0x000001abaad66198: c801 0000 | 0100 0000 | e93d 0000 | 0048 81be | d001 0000 | 0000 0000 | 7517 4889 | 96d0 0100 
  0x000001abaad661b8: 0048 c786 | d801 0000 | 0100 0000 | e919 0000 

  0x000001abaad661c8: ;   {metadata(method data for {method} {0x000001ac1a3a7160} 'doPrivileged' '(Ljava/security/PrivilegedAction;)Ljava/lang/Object;' in 'java/security/AccessController')}
  0x000001abaad661c8: 00eb 1748 | bea0 073b | 1aac 0100 | 0048 83ae | b001 0000 | 01e9 f514 | 0000 488d | 5010 410f 
  0x000001abaad661e8: be77 3883 | fe00 0f85 | ec14 0000 | 4d8b d149 | c1ea 0344 | 8912 488b | f249 33f1 | 48c1 ee15 
  0x000001abaad66208: 4883 fe00 | 0f85 ec14 

  0x000001abaad66210: ;   {oop(a 'java/lang/Class'{0x000000070616f688} = 'java/security/AccessController')}
  0x000001abaad66210: 0000 48be | 88f6 1606 | 0700 0000 

  0x000001abaad6621c: ;   {metadata(method data for {method} {0x000001ac1a3a7160} 'doPrivileged' '(Ljava/security/PrivilegedAction;)Ljava/lang/Object;' in 'java/security/AccessController')}
  0x000001abaad6621c: 4c8b ce48 | baa0 073b | 1aac 0100 | 0048 8382 | e801 0000 

  0x000001abaad66230: ;   {oop("doPrivileged"{0x000000070ecab980})}
  0x000001abaad66230: 0149 b880 | b9ca 0e07 | 0000 004c | 8bc8 488b | d648 89b4 | 24c8 0000 | 0066 0f1f 

  0x000001abaad6624c: ;   {optimized virtual_call}
  0x000001abaad6624c: 4400 00e8 

  0x000001abaad66250: ; ImmutableOopMap {[200]=Oop [184]=Oop [192]=Oop }
                      ;*invokevirtual getMethod {reexecute=0 rethrow=0 return_oop=0}
                      ; - java.security.AccessController::doPrivileged@43 (line 318)
  0x000001abaad66250: 2c6b 4007 | 4c8b c8bb | 0100 0000 

  0x000001abaad6625c: ;   {metadata('java/lang/Object'[])}
  0x000001abaad6625c: 48ba 2815 | 00c7 ab01 | 0000 4863 | db48 8bfb | 4881 fbff | ffff 000f | 879d 1400 | 0048 be17 
  0x000001abaad6627c: 0000 0000 | 0000 0048 | 8d34 9e48 | 83e6 f849 | 8b87 0801 | 0000 488d | 3430 493b | b718 0100 
  0x000001abaad6629c: 000f 8773 | 1400 0049 | 89b7 0801 | 0000 482b | f048 c700 | 0100 0000 | 488b ca49 | ba00 0000 
  0x000001abaad662bc: c7ab 0100 | 0049 2bca | 8948 0889 | 580c 4883 | ee10 0f84 | 1a00 0000 | 4885 f60f | 8411 0000 
  0x000001abaad662dc: 0048 33db | 48c1 ee03 | 4889 5cf0 | 0848 ffce | 75f6 488b | 9424 b800 | 0000 4883 | fa00 7516 
  0x000001abaad662fc: ;   {metadata(method data for {method} {0x000001ac1a3a7160} 'doPrivileged' '(Ljava/security/PrivilegedAction;)Ljava/lang/Object;' in 'java/security/AccessController')}
  0x000001abaad662fc: 48bf a007 | 3b1a ac01 | 0000 808f | 1902 0000 | 01e9 0501 | 0000 448b | 4008 49ba | 0000 00c7 
  0x000001abaad6631c: ab01 0000 | 4d03 c28b | 7a08 49ba | 0000 00c7 | ab01 0000 | 4903 fa4d | 8b80 e000 | 0000 493b 
  0x000001abaad6633c: f80f 842c | 0000 0041 | 8b70 144c | 3b04 370f | 841e 0000 | 0083 fe20 | 0f85 a600 | 0000 5741 
  0x000001abaad6635c: ;   {runtime_call slow_subtype_check Runtime1 stub}
  0x000001abaad6635c: 50e8 1e1e | 4b07 5f41 | 5841 83f8 | 000f 8491 

  0x000001abaad6636c: ;   {metadata(method data for {method} {0x000001ac1a3a7160} 'doPrivileged' '(Ljava/security/PrivilegedAction;)Ljava/lang/Object;' in 'java/security/AccessController')}
  0x000001abaad6636c: 0000 0048 | bfa0 073b | 1aac 0100 | 0044 8b42 | 0849 ba00 | 0000 c7ab | 0100 004d | 03c2 4c3b 
  0x000001abaad6638c: 8730 0200 | 0075 0d48 | 8387 3802 | 0000 01e9 | 7700 0000 | 4c3b 8740 | 0200 0075 | 0d48 8387 
  0x000001abaad663ac: 4802 0000 | 01e9 6100 | 0000 4881 | bf30 0200 | 0000 0000 | 0075 174c | 8987 3002 | 0000 48c7 
  0x000001abaad663cc: 8738 0200 | 0001 0000 | 00e9 3d00 | 0000 4881 | bf40 0200 | 0000 0000 | 0075 174c | 8987 4002 
  0x000001abaad663ec: 0000 48c7 | 8748 0200 | 0001 0000 | 00e9 1900 | 0000 eb17 

  0x000001abaad66400: ;   {metadata(method data for {method} {0x000001ac1a3a7160} 'doPrivileged' '(Ljava/security/PrivilegedAction;)Ljava/lang/Object;' in 'java/security/AccessController')}
  0x000001abaad66400: 48bf a007 | 3b1a ac01 | 0000 4883 | af20 0200 | 0001 e90e | 1300 004c | 8d40 1041 | 0fbe 7f38 
  0x000001abaad66420: 83ff 000f | 8505 1300 | 004c 8bd2 | 49c1 ea03 | 4589 1049 | 8bf8 4833 | fa48 c1ef | 1548 83ff 
  0x000001abaad66440: 000f 8506 | 1300 004c | 8b84 24c0 

  0x000001abaad6644c: ;   {metadata(method data for {method} {0x000001ac1a3a7160} 'doPrivileged' '(Ljava/security/PrivilegedAction;)Ljava/lang/Object;' in 'java/security/AccessController')}
  0x000001abaad6644c: 0000 0048 | bfa0 073b | 1aac 0100 | 0048 8387 | 7002 0000 | 014c 8b84 | 24c8 0000 | 0048 8bf8 
  0x000001abaad6646c: 488b 9424 | c000 0000 

  0x000001abaad66474: ;   {optimized virtual_call}
  0x000001abaad66474: 6666 90e8 

  0x000001abaad66478: ; ImmutableOopMap {[184]=Oop }
                      ;*invokevirtual handleStatic {reexecute=0 rethrow=0 return_oop=0}
                      ; - java.security.AccessController::doPrivileged@54 (line 318)
  0x000001abaad66478: 0469 4007 

  0x000001abaad6647c: ;   {metadata(method data for {method} {0x000001ac1a3a7160} 'doPrivileged' '(Ljava/security/PrivilegedAction;)Ljava/lang/Object;' in 'java/security/AccessController')}
  0x000001abaad6647c: 48be a007 | 3b1a ac01 | 0000 ff86 | 9002 0000 | 488b f048 

  0x000001abaad66490: ;   {metadata(method data for {method} {0x000001ac1a3a7160} 'doPrivileged' '(Ljava/security/PrivilegedAction;)Ljava/lang/Object;' in 'java/security/AccessController')}
  0x000001abaad66490: 83fe 0048 | bfa0 073b | 1aac 0100 | 0048 bba8 | 0200 0000 | 0000 000f | 840a 0000 | 0048 bbb8 
  0x000001abaad664b0: 0200 0000 | 0000 0048 | 8b04 1f48 | 8d40 0148 | 8904 1f0f | 841f 0000 

  0x000001abaad664c8: ;   {metadata(method data for {method} {0x000001ac1a3a7160} 'doPrivileged' '(Ljava/security/PrivilegedAction;)Ljava/lang/Object;' in 'java/security/AccessController')}
  0x000001abaad664c8: 0048 bfa0 | 073b 1aac | 0100 00ff | 87c8 0200 

  0x000001abaad664d8: ;   {oop(NULL)}
  0x000001abaad664d8: 0048 bf00 | 0000 0000 | 0000 00e9 | 7710 0000 | 4889 b424 | d000 0000 

  0x000001abaad664f0: ;   {metadata(method data for {method} {0x000001ac1a3a7160} 'doPrivileged' '(Ljava/security/PrivilegedAction;)Ljava/lang/Object;' in 'java/security/AccessController')}
  0x000001abaad664f0: 48bf a007 | 3b1a ac01 | 0000 4883 | 87e0 0200 | 0001 0f1f 

  0x000001abaad66504: ;   {static_call}
  0x000001abaad66504: 4400 00e8 

  0x000001abaad66508: ; ImmutableOopMap {[184]=Oop [208]=Oop }
                      ;*invokestatic getCallerClass {reexecute=0 rethrow=0 return_oop=0}
                      ; - java.security.AccessController::doPrivileged@74 (line 318)
  0x000001abaad66508: 3469 b907 | 4889 8424 | d800 0000 

  0x000001abaad66514: ;   {metadata(method data for {method} {0x000001ac1a3a7160} 'doPrivileged' '(Ljava/security/PrivilegedAction;)Ljava/lang/Object;' in 'java/security/AccessController')}
  0x000001abaad66514: 49b8 a007 | 3b1a ac01 | 0000 4983 | 80f0 0200 

  0x000001abaad66524: ;   {metadata(method data for {method} {0x000001ac1a3a6d90} 'executePrivileged' '(Ljava/security/PrivilegedAction;Ljava/security/AccessControlContext;Ljava/lang/Class;)Ljava/lang/Object;' in 'java/security/AccessController')}
  0x000001abaad66524: 0001 49b8 | e074 3b1a | ac01 0000 | 418b 90cc | 0000 0083 | c202 4189 | 90cc 0000 | 0081 e2fe 
  0x000001abaad66544: ff1f 0083 | fa00 0f84 | 1512 0000 

  0x000001abaad66550: ;   {metadata(method data for {method} {0x000001ac1a3a6d90} 'executePrivileged' '(Ljava/security/PrivilegedAction;Ljava/security/AccessControlContext;Ljava/lang/Class;)Ljava/lang/Object;' in 'java/security/AccessController')}
  0x000001abaad66550: 49b8 e074 | 3b1a ac01 | 0000 4983 | 8010 0100 

  0x000001abaad66560: ;   {metadata(method data for {method} {0x000001ac0a51ea38} 'getStatic' '(Ljava/lang/String;Ljava/lang/Class;)Lorg/mockito/internal/creation/bytebuddy/inject/MockMethodDispatcher;' in 'org/mockito/internal/creation/bytebuddy/inject/MockMethodDispatcher')}
  0x000001abaad66560: 0001 49b8 | b8eb 3b0b | ac01 0000 | 418b 90cc | 0000 0083 | c202 4189 | 90cc 0000 | 0081 e2fe 
  0x000001abaad66580: ff1f 0083 | fa00 0f84 | fa11 0000 

  0x000001abaad6658c: ;   {oop(a 'java/lang/Class'{0x0000000706b09bb0} = 'org/mockito/internal/creation/bytebuddy/inject/MockMethodDispatcher')}
  0x000001abaad6658c: 48ba b09b | b006 0700 | 0000 4c8b 

  0x000001abaad66598: ;   {metadata(method data for {method} {0x000001ac0a51ea38} 'getStatic' '(Ljava/lang/String;Ljava/lang/Class;)Lorg/mockito/internal/creation/bytebuddy/inject/MockMethodDispatcher;' in 'org/mockito/internal/creation/bytebuddy/inject/MockMethodDispatcher')}
  0x000001abaad66598: c248 beb8 | eb3b 0bac | 0100 0048 | 8386 1001 

  0x000001abaad665a8: ;   {oop(a 'java/lang/Class'{0x000000070616f688} = 'java/security/AccessController')}
  0x000001abaad665a8: 0000 0149 | b888 f616 | 0607 0000 

  0x000001abaad665b4: ;   {optimized virtual_call}
  0x000001abaad665b4: 0066 90e8 

  0x000001abaad665b8: ; ImmutableOopMap {[184]=Oop [208]=Oop [216]=Oop }
                      ;*invokevirtual isAssignableFrom {reexecute=0 rethrow=0 return_oop=0}
                      ; - org.mockito.internal.creation.bytebuddy.inject.MockMethodDispatcher::getStatic@3 (line 43)
                      ; - java.security.AccessController::executePrivileged@5 (line 771)
                      ; - java.security.AccessController::doPrivileged@77 (line 318)
  0x000001abaad665b8: 0419 ba07 

  0x000001abaad665bc: ;   {metadata(method data for {method} {0x000001ac0a51ea38} 'getStatic' '(Ljava/lang/String;Ljava/lang/Class;)Lorg/mockito/internal/creation/bytebuddy/inject/MockMethodDispatcher;' in 'org/mockito/internal/creation/bytebuddy/inject/MockMethodDispatcher')}
  0x000001abaad665bc: 83f8 0049 | b8b8 eb3b | 0bac 0100 | 0048 ba48 | 0100 0000 | 0000 000f | 850a 0000 | 0048 ba58 
  0x000001abaad665dc: 0100 0000 | 0000 0049 | 8b34 1048 | 8d76 0149 | 8934 100f | 85be 0100 

  0x000001abaad665f4: ;   {metadata(method data for {method} {0x000001ac0a51ea38} 'getStatic' '(Ljava/lang/String;Ljava/lang/Class;)Lorg/mockito/internal/creation/bytebuddy/inject/MockMethodDispatcher;' in 'org/mockito/internal/creation/bytebuddy/inject/MockMethodDispatcher')}
  0x000001abaad665f4: 0049 b8b8 | eb3b 0bac | 0100 0041 | ff80 6801 

  0x000001abaad66604: ;   {oop(a 'java/util/concurrent/ConcurrentHashMap'{0x0000000706b34220})}
  0x000001abaad66604: 0000 48ba | 2042 b306 | 0700 0000 

  0x000001abaad66610: ;   {metadata(method data for {method} {0x000001ac0a51ea38} 'getStatic' '(Ljava/lang/String;Ljava/lang/Class;)Lorg/mockito/internal/creation/bytebuddy/inject/MockMethodDispatcher;' in 'org/mockito/internal/creation/bytebuddy/inject/MockMethodDispatcher')}
  0x000001abaad66610: 4c8b c248 | beb8 eb3b | 0bac 0100 | 0045 8b40 | 0849 ba00 | 0000 c7ab | 0100 004d | 03c2 4c3b 
  0x000001abaad66630: 8698 0100 | 0075 0d48 | 8386 a001 | 0000 01e9 | 6600 0000 | 4c3b 86a8 | 0100 0075 | 0d48 8386 
  0x000001abaad66650: b001 0000 | 01e9 5000 | 0000 4881 | be98 0100 | 0000 0000 | 0075 174c | 8986 9801 | 0000 48c7 
  0x000001abaad66670: 86a0 0100 | 0001 0000 | 00e9 2c00 | 0000 4881 | bea8 0100 | 0000 0000 | 0075 174c | 8986 a801 
  0x000001abaad66690: 0000 48c7 | 86b0 0100 | 0001 0000 | 00e9 0800 | 0000 4883 | 8688 0100 

  0x000001abaad666a8: ;   {oop("0rQmMg7l"{0x000000070a97f770})}
  0x000001abaad666a8: 0001 49b8 | 70f7 970a | 0700 0000 

  0x000001abaad666b4: ;   {optimized virtual_call}
  0x000001abaad666b4: 6666 90e8 

  0x000001abaad666b8: ; ImmutableOopMap {[184]=Oop [208]=Oop [216]=Oop }
                      ;*invokeinterface get {reexecute=0 rethrow=0 return_oop=0}
                      ; - org.mockito.internal.creation.bytebuddy.inject.MockMethodDispatcher::getStatic@21 (line 47)
                      ; - java.security.AccessController::executePrivileged@5 (line 771)
                      ; - java.security.AccessController::doPrivileged@77 (line 318)
  0x000001abaad666b8: a4d0 6e08 | 4883 f800 

  0x000001abaad666c0: ;   {metadata(method data for {method} {0x000001ac0a51ea38} 'getStatic' '(Ljava/lang/String;Ljava/lang/Class;)Lorg/mockito/internal/creation/bytebuddy/inject/MockMethodDispatcher;' in 'org/mockito/internal/creation/bytebuddy/inject/MockMethodDispatcher')}
  0x000001abaad666c0: 7516 48be | b8eb 3b0b | ac01 0000 | 808e b901 | 0000 01e9 | d300 0000 

  0x000001abaad666d8: ;   {metadata('org/mockito/internal/creation/bytebuddy/inject/MockMethodDispatcher')}
  0x000001abaad666d8: 48bf 50d4 | 37c8 ab01 | 0000 8b70 | 0849 ba00 | 0000 c7ab | 0100 0049 | 03f2 483b | 7e38 0f85 
  0x000001abaad666f8: 9300 0000 

  0x000001abaad666fc: ;   {metadata(method data for {method} {0x000001ac0a51ea38} 'getStatic' '(Ljava/lang/String;Ljava/lang/Class;)Lorg/mockito/internal/creation/bytebuddy/inject/MockMethodDispatcher;' in 'org/mockito/internal/creation/bytebuddy/inject/MockMethodDispatcher')}
  0x000001abaad666fc: 48be b8eb | 3b0b ac01 | 0000 8b78 | 0849 ba00 | 0000 c7ab | 0100 0049 | 03fa 483b | bed0 0100 
  0x000001abaad6671c: 0075 0d48 | 8386 d801 | 0000 01e9 | 7f00 0000 | 483b bee0 | 0100 0075 | 0d48 8386 | e801 0000 
  0x000001abaad6673c: 01e9 6900 | 0000 4881 | bed0 0100 | 0000 0000 | 0075 1748 | 89be d001 | 0000 48c7 | 86d8 0100 
  0x000001abaad6675c: 0001 0000 | 00e9 4500 | 0000 4881 | bee0 0100 | 0000 0000 | 0075 1748 | 89be e001 | 0000 48c7 
  0x000001abaad6677c: 86e8 0100 | 0001 0000 | 00e9 2100 | 0000 e91c 

  0x000001abaad6678c: ;   {metadata(method data for {method} {0x000001ac0a51ea38} 'getStatic' '(Ljava/lang/String;Ljava/lang/Class;)Lorg/mockito/internal/creation/bytebuddy/inject/MockMethodDispatcher;' in 'org/mockito/internal/creation/bytebuddy/inject/MockMethodDispatcher')}
  0x000001abaad6678c: 0000 0048 | beb8 eb3b | 0bac 0100 | 0048 83ae | c001 0000 | 01e9 0110 | 0000 e900 | 0000 004c 
  0x000001abaad667ac: 8bc0 e90a 

  0x000001abaad667b0: ;   {oop(NULL)}
  0x000001abaad667b0: 0000 0049 | b800 0000 | 0000 0000 | 0049 83f8 

  0x000001abaad667c0: ;   {metadata(method data for {method} {0x000001ac1a3a6d90} 'executePrivileged' '(Ljava/security/PrivilegedAction;Ljava/security/AccessControlContext;Ljava/lang/Class;)Ljava/lang/Object;' in 'java/security/AccessController')}
  0x000001abaad667c0: 0048 bae0 | 743b 1aac | 0100 0048 | be20 0100 | 0000 0000 | 000f 840a | 0000 0048 | be30 0100 
  0x000001abaad667e0: 0000 0000 | 0048 8b3c | 3248 8d7f | 0148 893c | 320f 8486 | 0000 0049 | 3b00 498b 

  0x000001abaad667fc: ;   {metadata(method data for {method} {0x000001ac1a3a6d90} 'executePrivileged' '(Ljava/security/PrivilegedAction;Ljava/security/AccessControlContext;Ljava/lang/Class;)Ljava/lang/Object;' in 'java/security/AccessController')}
  0x000001abaad667fc: d048 bee0 | 743b 1aac 

  0x000001abaad66804: ;   {metadata('org/mockito/internal/creation/bytebuddy/MockMethodAdvice')}
  0x000001abaad66804: 0100 0049 | baf8 994d | c8ab 0100 | 004c 8996 | 5001 0000 | 4883 8658 | 0100 0001 

  0x000001abaad66820: ;   {oop(a 'java/lang/Class'{0x000000070616f688} = 'java/security/AccessController')}
  0x000001abaad66820: 48ba 88f6 | 1606 0700 | 0000 498b | f04c 8bc2 | 488b d648 | 89b4 24e0 | 0000 000f 

  0x000001abaad6683c: ;   {optimized virtual_call}
  0x000001abaad6683c: 1f40 00e8 

  0x000001abaad66840: ; ImmutableOopMap {[184]=Oop [208]=Oop [216]=Oop [224]=Oop }
                      ;*invokevirtual isMockedStatic {reexecute=0 rethrow=0 return_oop=0}
                      ; - java.security.AccessController::executePrivileged@16 (line 771)
                      ; - java.security.AccessController::doPrivileged@77 (line 318)
  0x000001abaad66840: fcdb 4508 

  0x000001abaad66844: ;   {metadata(method data for {method} {0x000001ac1a3a6d90} 'executePrivileged' '(Ljava/security/PrivilegedAction;Ljava/security/AccessControlContext;Ljava/lang/Class;)Ljava/lang/Object;' in 'java/security/AccessController')}
  0x000001abaad66844: 83f8 0048 | bbe0 743b | 1aac 0100 | 0048 ba78 | 0100 0000 | 0000 000f | 850a 0000 | 0048 ba88 
  0x000001abaad66864: 0100 0000 | 0000 0048 | 8b34 1348 | 8d76 0148 | 8934 130f | 851f 0000 

  0x000001abaad6687c: ;   {metadata(method data for {method} {0x000001ac1a3a6d90} 'executePrivileged' '(Ljava/security/PrivilegedAction;Ljava/security/AccessControlContext;Ljava/lang/Class;)Ljava/lang/Object;' in 'java/security/AccessController')}
  0x000001abaad6687c: 0048 bbe0 | 743b 1aac | 0100 00ff | 8398 0100 

  0x000001abaad6688c: ;   {oop(NULL)}
  0x000001abaad6688c: 0048 be00 | 0000 0000 | 0000 00e9 | d309 0000 | bb03 0000 

  0x000001abaad668a0: ;   {metadata('java/lang/Class'[])}
  0x000001abaad668a0: 0048 ba78 | 1c00 c7ab | 0100 0048 | 63db 488b | fb48 81fb | ffff ff00 | 0f87 f70e | 0000 48be 
  0x000001abaad668c0: 1700 0000 | 0000 0000 | 488d 349e | 4883 e6f8 | 498b 8708 | 0100 0048 | 8d34 3049 | 3bb7 1801 
  0x000001abaad668e0: 0000 0f87 | cd0e 0000 | 4989 b708 | 0100 0048 | 2bf0 48c7 | 0001 0000 | 0048 8bca | 49ba 0000 
  0x000001abaad66900: 00c7 ab01 | 0000 492b | ca89 4808 | 8958 0c48 | 83ee 100f | 841a 0000 | 0048 85f6 | 0f84 1100 
  0x000001abaad66920: 0000 4833 | db48 c1ee | 0348 895c | f008 48ff 

  0x000001abaad66930: ;   {oop(a 'java/lang/Class'{0x0000000706f00cf0} = 'java/security/PrivilegedAction')}
  0x000001abaad66930: ce75 f649 | b9f0 0cf0 | 0607 0000 | 0049 83f9 

  0x000001abaad66940: ;   {metadata(method data for {method} {0x000001ac1a3a6d90} 'executePrivileged' '(Ljava/security/PrivilegedAction;Ljava/security/AccessControlContext;Ljava/lang/Class;)Ljava/lang/Object;' in 'java/security/AccessController')}
  0x000001abaad66940: 0075 1648 | bee0 743b | 1aac 0100 | 0080 8ea9 | 0100 0001 | e901 0100 | 008b 5008 | 49ba 0000 
  0x000001abaad66960: 00c7 ab01 | 0000 4903 | d241 8b71 | 0849 ba00 | 0000 c7ab | 0100 0049 | 03f2 488b | 92e0 0000 
  0x000001abaad66980: 0048 3bf2 | 0f84 2800 | 0000 8b7a | 1448 3b14 | 3e0f 841b | 0000 0083 | ff20 0f85 | a300 0000 
  0x000001abaad669a0: ;   {runtime_call slow_subtype_check Runtime1 stub}
  0x000001abaad669a0: 5652 e8d9 | 174b 075e | 5a83 fa00 | 0f84 9100 

  0x000001abaad669b0: ;   {metadata(method data for {method} {0x000001ac1a3a6d90} 'executePrivileged' '(Ljava/security/PrivilegedAction;Ljava/security/AccessControlContext;Ljava/lang/Class;)Ljava/lang/Object;' in 'java/security/AccessController')}
  0x000001abaad669b0: 0000 48be | e074 3b1a | ac01 0000 | 418b 5108 | 49ba 0000 | 00c7 ab01 | 0000 4903 | d248 3b96 
  0x000001abaad669d0: c001 0000 | 750d 4883 | 86c8 0100 | 0001 e977 | 0000 0048 | 3b96 d001 | 0000 750d | 4883 86d8 
  0x000001abaad669f0: 0100 0001 | e961 0000 | 0048 81be | c001 0000 | 0000 0000 | 7517 4889 | 96c0 0100 | 0048 c786 
  0x000001abaad66a10: c801 0000 | 0100 0000 | e93d 0000 | 0048 81be | d001 0000 | 0000 0000 | 7517 4889 | 96d0 0100 
  0x000001abaad66a30: 0048 c786 | d801 0000 | 0100 0000 | e919 0000 

  0x000001abaad66a40: ;   {metadata(method data for {method} {0x000001ac1a3a6d90} 'executePrivileged' '(Ljava/security/PrivilegedAction;Ljava/security/AccessControlContext;Ljava/lang/Class;)Ljava/lang/Object;' in 'java/security/AccessController')}
  0x000001abaad66a40: 00eb 1748 | bee0 743b | 1aac 0100 | 0048 83ae | b001 0000 | 01e9 6a0d | 0000 488d | 5010 410f 
  0x000001abaad66a60: be77 3883 | fe00 0f85 | 610d 0000 | 4d8b d149 | c1ea 0344 | 8912 488b | f249 33f1 | 48c1 ee15 
  0x000001abaad66a80: 4883 fe00 | 0f85 610d 

  0x000001abaad66a88: ;   {oop(a 'java/lang/Class'{0x0000000706f25a78} = 'java/security/AccessControlContext')}
  0x000001abaad66a88: 0000 49b9 | 785a f206 | 0700 0000 | 4983 f900 

  0x000001abaad66a98: ;   {metadata(method data for {method} {0x000001ac1a3a6d90} 'executePrivileged' '(Ljava/security/PrivilegedAction;Ljava/security/AccessControlContext;Ljava/lang/Class;)Ljava/lang/Object;' in 'java/security/AccessController')}
  0x000001abaad66a98: 7516 48be | e074 3b1a | ac01 0000 | 808e e101 | 0000 01e9 | 0101 0000 

  0x000001abaad66ab0: ; implicit exception: dispatches to 0x000001abaad67803
  0x000001abaad66ab0: 8b50 0849 | ba00 0000 | c7ab 0100 | 0049 03d2 | 418b 7108 | 49ba 0000 | 00c7 ab01 | 0000 4903 
  0x000001abaad66ad0: f248 8b92 | e000 0000 | 483b f20f | 8428 0000 | 008b 7a14 | 483b 143e | 0f84 1b00 | 0000 83ff 
  0x000001abaad66af0: 200f 85a3 | 0000 0056 

  0x000001abaad66af8: ;   {runtime_call slow_subtype_check Runtime1 stub}
  0x000001abaad66af8: 52e8 8216 | 4b07 5e5a | 83fa 000f | 8491 0000 

  0x000001abaad66b08: ;   {metadata(method data for {method} {0x000001ac1a3a6d90} 'executePrivileged' '(Ljava/security/PrivilegedAction;Ljava/security/AccessControlContext;Ljava/lang/Class;)Ljava/lang/Object;' in 'java/security/AccessController')}
  0x000001abaad66b08: 0048 bee0 | 743b 1aac | 0100 0041 | 8b51 0849 | ba00 0000 | c7ab 0100 | 0049 03d2 | 483b 96f8 
  0x000001abaad66b28: 0100 0075 | 0d48 8386 | 0002 0000 | 01e9 7700 | 0000 483b | 9608 0200 | 0075 0d48 | 8386 1002 
  0x000001abaad66b48: 0000 01e9 | 6100 0000 | 4881 bef8 | 0100 0000 | 0000 0075 | 1748 8996 | f801 0000 | 48c7 8600 
  0x000001abaad66b68: 0200 0001 | 0000 00e9 | 3d00 0000 | 4881 be08 | 0200 0000 | 0000 0075 | 1748 8996 | 0802 0000 
  0x000001abaad66b88: 48c7 8610 | 0200 0001 | 0000 00e9 | 1900 0000 

  0x000001abaad66b98: ;   {metadata(method data for {method} {0x000001ac1a3a6d90} 'executePrivileged' '(Ljava/security/PrivilegedAction;Ljava/security/AccessControlContext;Ljava/lang/Class;)Ljava/lang/Object;' in 'java/security/AccessController')}
  0x000001abaad66b98: eb17 48be | e074 3b1a | ac01 0000 | 4883 aee8 | 0100 0001 | e957 0c00 | 0048 8d50 | 1441 0fbe 
  0x000001abaad66bb8: 7738 83fe | 000f 854e | 0c00 004d | 8bd1 49c1 | ea03 4489 | 1248 8bf2 | 4933 f148 | c1ee 1548 
  0x000001abaad66bd8: 83fe 000f | 854e 0c00 

  0x000001abaad66be0: ;   {oop(a 'java/lang/Class'{0x000000070616c238} = 'java/lang/Class')}
  0x000001abaad66be0: 0049 b938 | c216 0607 | 0000 0049 | 83f9 0075 

  0x000001abaad66bf0: ;   {metadata(method data for {method} {0x000001ac1a3a6d90} 'executePrivileged' '(Ljava/security/PrivilegedAction;Ljava/security/AccessControlContext;Ljava/lang/Class;)Ljava/lang/Object;' in 'java/security/AccessController')}
  0x000001abaad66bf0: 1648 bee0 | 743b 1aac | 0100 0080 | 8e19 0200 | 0001 e901 | 0100 008b | 5008 49ba | 0000 00c7 
  0x000001abaad66c10: ab01 0000 | 4903 d241 | 8b71 0849 | ba00 0000 | c7ab 0100 | 0049 03f2 | 488b 92e0 | 0000 0048 
  0x000001abaad66c30: 3bf2 0f84 | 2800 0000 | 8b7a 1448 | 3b14 3e0f | 841b 0000 | 0083 ff20 | 0f85 a300 | 0000 5652 
  0x000001abaad66c50: ;   {runtime_call slow_subtype_check Runtime1 stub}
  0x000001abaad66c50: e82b 154b | 075e 5a83 | fa00 0f84 | 9100 0000 

  0x000001abaad66c60: ;   {metadata(method data for {method} {0x000001ac1a3a6d90} 'executePrivileged' '(Ljava/security/PrivilegedAction;Ljava/security/AccessControlContext;Ljava/lang/Class;)Ljava/lang/Object;' in 'java/security/AccessController')}
  0x000001abaad66c60: 48be e074 | 3b1a ac01 | 0000 418b | 5108 49ba | 0000 00c7 | ab01 0000 | 4903 d248 | 3b96 3002 
  0x000001abaad66c80: 0000 750d | 4883 8638 | 0200 0001 | e977 0000 | 0048 3b96 | 4002 0000 | 750d 4883 | 8648 0200 
  0x000001abaad66ca0: 0001 e961 | 0000 0048 | 81be 3002 | 0000 0000 | 0000 7517 | 4889 9630 | 0200 0048 | c786 3802 
  0x000001abaad66cc0: 0000 0100 | 0000 e93d | 0000 0048 | 81be 4002 | 0000 0000 | 0000 7517 | 4889 9640 | 0200 0048 
  0x000001abaad66ce0: c786 4802 | 0000 0100 | 0000 e919 | 0000 00eb 

  0x000001abaad66cf0: ;   {metadata(method data for {method} {0x000001ac1a3a6d90} 'executePrivileged' '(Ljava/security/PrivilegedAction;Ljava/security/AccessControlContext;Ljava/lang/Class;)Ljava/lang/Object;' in 'java/security/AccessController')}
  0x000001abaad66cf0: 1748 bee0 | 743b 1aac | 0100 0048 | 83ae 2002 | 0000 01e9 | 440b 0000 | 488d 5018 | 410f be77 
  0x000001abaad66d10: 3883 fe00 | 0f85 3b0b | 0000 4d8b | d149 c1ea | 0344 8912 | 488b f249 | 33f1 48c1 | ee15 4883 
  0x000001abaad66d30: fe00 0f85 | 3b0b 0000 

  0x000001abaad66d38: ;   {oop(a 'java/lang/Class'{0x000000070616f688} = 'java/security/AccessController')}
  0x000001abaad66d38: 48be 88f6 | 1606 0700 | 0000 4c8b 

  0x000001abaad66d44: ;   {metadata(method data for {method} {0x000001ac1a3a6d90} 'executePrivileged' '(Ljava/security/PrivilegedAction;Ljava/security/AccessControlContext;Ljava/lang/Class;)Ljava/lang/Object;' in 'java/security/AccessController')}
  0x000001abaad66d44: ce48 bae0 | 743b 1aac | 0100 0048 | 8382 5802 

  0x000001abaad66d54: ;   {oop("executePrivileged"{0x000000070ecace20})}
  0x000001abaad66d54: 0000 0149 | b820 ceca | 0e07 0000 | 004c 8bc8 | 488b d648 | 89b4 24e8 

  0x000001abaad66d6c: ;   {optimized virtual_call}
  0x000001abaad66d6c: 0000 00e8 

  0x000001abaad66d70: ; ImmutableOopMap {[208]=Oop [224]=Oop [216]=Oop [184]=Oop [232]=Oop }
                      ;*invokevirtual getDeclaredMethod {reexecute=0 rethrow=0 return_oop=0}
                      ; - java.security.AccessController::executePrivileged@53 (line 771)
                      ; - java.security.AccessController::doPrivileged@77 (line 318)
  0x000001abaad66d70: 0c60 4007 | 4c8b c8bb | 0300 0000 

  0x000001abaad66d7c: ;   {metadata('java/lang/Object'[])}
  0x000001abaad66d7c: 48ba 2815 | 00c7 ab01 | 0000 4863 | db48 8bfb | 4881 fbff | ffff 000f | 87f2 0a00 | 0048 be17 
  0x000001abaad66d9c: 0000 0000 | 0000 0048 | 8d34 9e48 | 83e6 f849 | 8b87 0801 | 0000 488d | 3430 493b | b718 0100 
  0x000001abaad66dbc: 000f 87c8 | 0a00 0049 | 89b7 0801 | 0000 482b | f048 c700 | 0100 0000 | 488b ca49 | ba00 0000 
  0x000001abaad66ddc: c7ab 0100 | 0049 2bca | 8948 0889 | 580c 4883 | ee10 0f84 | 1a00 0000 | 4885 f60f | 8411 0000 
  0x000001abaad66dfc: 0048 33db | 48c1 ee03 | 4889 5cf0 | 0848 ffce | 75f6 488b | 9424 b800 | 0000 4883 | fa00 7516 
  0x000001abaad66e1c: ;   {metadata(method data for {method} {0x000001ac1a3a6d90} 'executePrivileged' '(Ljava/security/PrivilegedAction;Ljava/security/AccessControlContext;Ljava/lang/Class;)Ljava/lang/Object;' in 'java/security/AccessController')}
  0x000001abaad66e1c: 48bf e074 | 3b1a ac01 | 0000 808f | 8902 0000 | 01e9 0501 | 0000 448b | 4008 49ba | 0000 00c7 
  0x000001abaad66e3c: ab01 0000 | 4d03 c28b | 7a08 49ba | 0000 00c7 | ab01 0000 | 4903 fa4d | 8b80 e000 | 0000 493b 
  0x000001abaad66e5c: f80f 842c | 0000 0041 | 8b70 144c | 3b04 370f | 841e 0000 | 0083 fe20 | 0f85 a600 | 0000 5741 
  0x000001abaad66e7c: ;   {runtime_call slow_subtype_check Runtime1 stub}
  0x000001abaad66e7c: 50e8 fe12 | 4b07 5f41 | 5841 83f8 | 000f 8491 

  0x000001abaad66e8c: ;   {metadata(method data for {method} {0x000001ac1a3a6d90} 'executePrivileged' '(Ljava/security/PrivilegedAction;Ljava/security/AccessControlContext;Ljava/lang/Class;)Ljava/lang/Object;' in 'java/security/AccessController')}
  0x000001abaad66e8c: 0000 0048 | bfe0 743b | 1aac 0100 | 0044 8b42 | 0849 ba00 | 0000 c7ab | 0100 004d | 03c2 4c3b 
  0x000001abaad66eac: 87a0 0200 | 0075 0d48 | 8387 a802 | 0000 01e9 | 7700 0000 | 4c3b 87b0 | 0200 0075 | 0d48 8387 
  0x000001abaad66ecc: b802 0000 | 01e9 6100 | 0000 4881 | bfa0 0200 | 0000 0000 | 0075 174c | 8987 a002 | 0000 48c7 
  0x000001abaad66eec: 87a8 0200 | 0001 0000 | 00e9 3d00 | 0000 4881 | bfb0 0200 | 0000 0000 | 0075 174c | 8987 b002 
  0x000001abaad66f0c: 0000 48c7 | 87b8 0200 | 0001 0000 | 00e9 1900 | 0000 eb17 

  0x000001abaad66f20: ;   {metadata(method data for {method} {0x000001ac1a3a6d90} 'executePrivileged' '(Ljava/security/PrivilegedAction;Ljava/security/AccessControlContext;Ljava/lang/Class;)Ljava/lang/Object;' in 'java/security/AccessController')}
  0x000001abaad66f20: 48bf e074 | 3b1a ac01 | 0000 4883 | af90 0200 | 0001 e963 | 0900 004c | 8d40 1041 | 0fbe 7f38 
  0x000001abaad66f40: 83ff 000f | 855a 0900 | 004c 8bd2 | 49c1 ea03 | 4589 1049 | 8bf8 4833 | fa48 c1ef | 1548 83ff 
  0x000001abaad66f60: 000f 855b 

  0x000001abaad66f64: ;   {oop(NULL)}
  0x000001abaad66f64: 0900 0049 | b800 0000 | 0000 0000 | 0049 83f8 

  0x000001abaad66f74: ;   {metadata(method data for {method} {0x000001ac1a3a6d90} 'executePrivileged' '(Ljava/security/PrivilegedAction;Ljava/security/AccessControlContext;Ljava/lang/Class;)Ljava/lang/Object;' in 'java/security/AccessController')}
  0x000001abaad66f74: 0075 1648 | bee0 743b | 1aac 0100 | 0080 8ec1 | 0200 0001 | e901 0100 | 008b 7808 | 49ba 0000 
  0x000001abaad66f94: 00c7 ab01 | 0000 4903 | fa41 8b70 | 0849 ba00 | 0000 c7ab | 0100 0049 | 03f2 488b | bfe0 0000 
  0x000001abaad66fb4: 0048 3bf7 | 0f84 2800 | 0000 8b5f | 1448 3b3c | 1e0f 841b | 0000 0083 | fb20 0f85 | a300 0000 
  0x000001abaad66fd4: ;   {runtime_call slow_subtype_check Runtime1 stub}
  0x000001abaad66fd4: 5657 e8a5 | 114b 075e | 5f83 ff00 | 0f84 9100 

  0x000001abaad66fe4: ;   {metadata(method data for {method} {0x000001ac1a3a6d90} 'executePrivileged' '(Ljava/security/PrivilegedAction;Ljava/security/AccessControlContext;Ljava/lang/Class;)Ljava/lang/Object;' in 'java/security/AccessController')}
  0x000001abaad66fe4: 0000 48be | e074 3b1a | ac01 0000 | 418b 7808 | 49ba 0000 | 00c7 ab01 | 0000 4903 | fa48 3bbe 
  0x000001abaad67004: d802 0000 | 750d 4883 | 86e0 0200 | 0001 e977 | 0000 0048 | 3bbe e802 | 0000 750d | 4883 86f0 
  0x000001abaad67024: 0200 0001 | e961 0000 | 0048 81be | d802 0000 | 0000 0000 | 7517 4889 | bed8 0200 | 0048 c786 
  0x000001abaad67044: e002 0000 | 0100 0000 | e93d 0000 | 0048 81be | e802 0000 | 0000 0000 | 7517 4889 | bee8 0200 
  0x000001abaad67064: 0048 c786 | f002 0000 | 0100 0000 | e919 0000 

  0x000001abaad67074: ;   {metadata(method data for {method} {0x000001ac1a3a6d90} 'executePrivileged' '(Ljava/security/PrivilegedAction;Ljava/security/AccessControlContext;Ljava/lang/Class;)Ljava/lang/Object;' in 'java/security/AccessController')}
  0x000001abaad67074: 00eb 1748 | bee0 743b | 1aac 0100 | 0048 83ae | c802 0000 | 01e9 5108 | 0000 488d | 7814 410f 
  0x000001abaad67094: be77 3883 | fe00 0f85 | 4808 0000 | 4d8b d049 | c1ea 0344 | 8917 488b | f749 33f0 | 48c1 ee15 
  0x000001abaad670b4: 4883 fe00 | 0f85 4808 | 0000 488b | b424 d800 | 0000 4883 | fe00 7516 

  0x000001abaad670cc: ;   {metadata(method data for {method} {0x000001ac1a3a6d90} 'executePrivileged' '(Ljava/security/PrivilegedAction;Ljava/security/AccessControlContext;Ljava/lang/Class;)Ljava/lang/Object;' in 'java/security/AccessController')}
  0x000001abaad670cc: 48bf e074 | 3b1a ac01 | 0000 808f | f902 0000 | 01e9 0501 | 0000 448b | 4008 49ba | 0000 00c7 
  0x000001abaad670ec: ab01 0000 | 4d03 c28b | 7e08 49ba | 0000 00c7 | ab01 0000 | 4903 fa4d | 8b80 e000 | 0000 493b 
  0x000001abaad6710c: f80f 842c | 0000 0041 | 8b58 144c | 3b04 1f0f | 841e 0000 | 0083 fb20 | 0f85 a600 | 0000 5741 
  0x000001abaad6712c: ;   {runtime_call slow_subtype_check Runtime1 stub}
  0x000001abaad6712c: 50e8 4e10 | 4b07 5f41 | 5841 83f8 | 000f 8491 

  0x000001abaad6713c: ;   {metadata(method data for {method} {0x000001ac1a3a6d90} 'executePrivileged' '(Ljava/security/PrivilegedAction;Ljava/security/AccessControlContext;Ljava/lang/Class;)Ljava/lang/Object;' in 'java/security/AccessController')}
  0x000001abaad6713c: 0000 0048 | bfe0 743b | 1aac 0100 | 0044 8b46 | 0849 ba00 | 0000 c7ab | 0100 004d | 03c2 4c3b 
  0x000001abaad6715c: 8710 0300 | 0075 0d48 | 8387 1803 | 0000 01e9 | 7700 0000 | 4c3b 8720 | 0300 0075 | 0d48 8387 
  0x000001abaad6717c: 2803 0000 | 01e9 6100 | 0000 4881 | bf10 0300 | 0000 0000 | 0075 174c | 8987 1003 | 0000 48c7 
  0x000001abaad6719c: 8718 0300 | 0001 0000 | 00e9 3d00 | 0000 4881 | bf20 0300 | 0000 0000 | 0075 174c | 8987 2003 
  0x000001abaad671bc: 0000 48c7 | 8728 0300 | 0001 0000 | 00e9 1900 | 0000 eb17 

  0x000001abaad671d0: ;   {metadata(method data for {method} {0x000001ac1a3a6d90} 'executePrivileged' '(Ljava/security/PrivilegedAction;Ljava/security/AccessControlContext;Ljava/lang/Class;)Ljava/lang/Object;' in 'java/security/AccessController')}
  0x000001abaad671d0: 48bf e074 | 3b1a ac01 | 0000 4883 | af00 0300 | 0001 e93c | 0700 004c | 8d40 1841 | 0fbe 7f38 
  0x000001abaad671f0: 83ff 000f | 8533 0700 | 004c 8bd6 | 49c1 ea03 | 4589 1049 | 8bf8 4833 | fe48 c1ef | 1548 83ff 
  0x000001abaad67210: 000f 8534 | 0700 004c | 8b84 24e0 

  0x000001abaad6721c: ;   {metadata(method data for {method} {0x000001ac1a3a6d90} 'executePrivileged' '(Ljava/security/PrivilegedAction;Ljava/security/AccessControlContext;Ljava/lang/Class;)Ljava/lang/Object;' in 'java/security/AccessController')}
  0x000001abaad6721c: 0000 0048 | bfe0 743b | 1aac 0100 

  0x000001abaad67228: ;   {metadata('org/mockito/internal/creation/bytebuddy/MockMethodAdvice')}
  0x000001abaad67228: 0049 baf8 | 994d c8ab | 0100 004c | 8997 4803 | 0000 4883 | 8750 0300 | 0001 4c8b | 8424 e800 
  0x000001abaad67248: 0000 488b | f848 8b94 | 24e0 0000 

  0x000001abaad67254: ;   {optimized virtual_call}
  0x000001abaad67254: 0066 90e8 

  0x000001abaad67258: ; ImmutableOopMap {[208]=Oop [216]=Oop [184]=Oop }
                      ;*invokevirtual handleStatic {reexecute=0 rethrow=0 return_oop=0}
                      ; - java.security.AccessController::executePrivileged@72 (line 771)
                      ; - java.security.AccessController::doPrivileged@77 (line 318)
  0x000001abaad67258: 245b 4007 

  0x000001abaad6725c: ;   {metadata(method data for {method} {0x000001ac1a3a6d90} 'executePrivileged' '(Ljava/security/PrivilegedAction;Ljava/security/AccessControlContext;Ljava/lang/Class;)Ljava/lang/Object;' in 'java/security/AccessController')}
  0x000001abaad6725c: 48ba e074 | 3b1a ac01 | 0000 ff82 | 7003 0000 | 488b f048 

  0x000001abaad67270: ;   {metadata(method data for {method} {0x000001ac1a3a6d90} 'executePrivileged' '(Ljava/security/PrivilegedAction;Ljava/security/AccessControlContext;Ljava/lang/Class;)Ljava/lang/Object;' in 'java/security/AccessController')}
  0x000001abaad67270: 83fe 0048 | bae0 743b | 1aac 0100 | 0048 bf88 | 0300 0000 | 0000 000f | 840a 0000 | 0048 bf98 
  0x000001abaad67290: 0300 0000 | 0000 0048 | 8b1c 3a48 | 8d5b 0148 | 891c 3a0f | 841f 0000 

  0x000001abaad672a8: ;   {metadata(method data for {method} {0x000001ac1a3a6d90} 'executePrivileged' '(Ljava/security/PrivilegedAction;Ljava/security/AccessControlContext;Ljava/lang/Class;)Ljava/lang/Object;' in 'java/security/AccessController')}
  0x000001abaad672a8: 0048 bae0 | 743b 1aac | 0100 00ff | 82a8 0300 

  0x000001abaad672b8: ;   {oop(NULL)}
  0x000001abaad672b8: 0048 bf00 | 0000 0000 | 0000 00e9 | 8301 0000 

  0x000001abaad672c8: ;   {metadata(method data for {method} {0x000001ac1a3a6d90} 'executePrivileged' '(Ljava/security/PrivilegedAction;Ljava/security/AccessControlContext;Ljava/lang/Class;)Ljava/lang/Object;' in 'java/security/AccessController')}
  0x000001abaad672c8: 48ba e074 | 3b1a ac01 | 0000 ff82 | c003 0000 

  0x000001abaad672d8: ;   {metadata(method data for {method} {0x000001ac1a3a6d90} 'executePrivileged' '(Ljava/security/PrivilegedAction;Ljava/security/AccessControlContext;Ljava/lang/Class;)Ljava/lang/Object;' in 'java/security/AccessController')}
  0x000001abaad672d8: 48ba e074 | 3b1a ac01 | 0000 ff82 | f003 0000 | 4889 b424 | f000 0000 | 488b 9424 | b800 0000 
  0x000001abaad672f8: ; implicit exception: dispatches to 0x000001abaad67963
  0x000001abaad672f8: 483b 0248 

  0x000001abaad672fc: ;   {metadata(method data for {method} {0x000001ac1a3a6d90} 'executePrivileged' '(Ljava/security/PrivilegedAction;Ljava/security/AccessControlContext;Ljava/lang/Class;)Ljava/lang/Object;' in 'java/security/AccessController')}
  0x000001abaad672fc: 8bfa 48bb | e074 3b1a | ac01 0000 | 8b7f 0849 | ba00 0000 | c7ab 0100 | 0049 03fa | 483b bb60 
  0x000001abaad6731c: 0400 0075 | 0d48 8383 | 6804 0000 | 01e9 6600 | 0000 483b | bb70 0400 | 0075 0d48 | 8383 7804 
  0x000001abaad6733c: 0000 01e9 | 5000 0000 | 4881 bb60 | 0400 0000 | 0000 0075 | 1748 89bb | 6004 0000 | 48c7 8368 
  0x000001abaad6735c: 0400 0001 | 0000 00e9 | 2c00 0000 | 4881 bb70 | 0400 0000 | 0000 0075 | 1748 89bb | 7004 0000 
  0x000001abaad6737c: 48c7 8378 | 0400 0001 | 0000 00e9 | 0800 0000 | 4883 8350 | 0400 0001 | 9048 b850 | a2ff 11ac 
  0x000001abaad6739c: ;   {virtual_call}
  0x000001abaad6739c: 0100 00e8 

  0x000001abaad673a0: ; ImmutableOopMap {[208]=Oop [216]=Oop [240]=Oop }
                      ;*invokeinterface run {reexecute=0 rethrow=0 return_oop=0}
                      ; - java.security.AccessController::executePrivileged@129 (line 776)
                      ; - java.security.AccessController::doPrivileged@77 (line 318)
  0x000001abaad673a0: 0476 4b07 

  0x000001abaad673a4: ;   {metadata(method data for {method} {0x000001ac1a3a6d90} 'executePrivileged' '(Ljava/security/PrivilegedAction;Ljava/security/AccessControlContext;Ljava/lang/Class;)Ljava/lang/Object;' in 'java/security/AccessController')}
  0x000001abaad673a4: 48ba e074 | 3b1a ac01 | 0000 ff82 | 8804 0000 | 488b 9424 | d800 0000 

  0x000001abaad673bc: ;   {metadata(method data for {method} {0x000001ac1a3a6d90} 'executePrivileged' '(Ljava/security/PrivilegedAction;Ljava/security/AccessControlContext;Ljava/lang/Class;)Ljava/lang/Object;' in 'java/security/AccessController')}
  0x000001abaad673bc: 48be e074 | 3b1a ac01 | 0000 4883 | 86e8 0400 

  0x000001abaad673cc: ;   {metadata(method data for {method} {0x000001abc73d0fa8} 'reachabilityFence' '(Ljava/lang/Object;)V' in 'java/lang/ref/Reference')}
  0x000001abaad673cc: 0001 48be | 20c6 0508 | ac01 0000 | 8bbe cc00 | 0000 83c7 | 0289 becc | 0000 0081 | e7fe ff1f 
  0x000001abaad673ec: 0083 ff00 | 0f84 7205 

  0x000001abaad673f4: ;   {metadata(method data for {method} {0x000001ac1a3a6d90} 'executePrivileged' '(Ljava/security/PrivilegedAction;Ljava/security/AccessControlContext;Ljava/lang/Class;)Ljava/lang/Object;' in 'java/security/AccessController')}
  0x000001abaad673f4: 0000 48ba | e074 3b1a | ac01 0000 | 4883 82f8 | 0400 0001 

  0x000001abaad67408: ;   {metadata(method data for {method} {0x000001abc73d0fa8} 'reachabilityFence' '(Ljava/lang/Object;)V' in 'java/lang/ref/Reference')}
  0x000001abaad67408: 48ba 20c6 | 0508 ac01 | 0000 8bb2 | cc00 0000 | 83c6 0289 | b2cc 0000 | 0081 e6fe | ff1f 0083 
  0x000001abaad67428: fe00 0f84 | 5905 0000 

  0x000001abaad67430: ;   {metadata(method data for {method} {0x000001ac1a3a6d90} 'executePrivileged' '(Ljava/security/PrivilegedAction;Ljava/security/AccessControlContext;Ljava/lang/Class;)Ljava/lang/Object;' in 'java/security/AccessController')}
  0x000001abaad67430: 48ba e074 | 3b1a ac01 | 0000 ff82 | 0805 0000 | 488b f848 | 8bb4 24f0 | 0000 0048 

  0x000001abaad6744c: ;   {metadata(method data for {method} {0x000001ac1a3a6d90} 'executePrivileged' '(Ljava/security/PrivilegedAction;Ljava/security/AccessControlContext;Ljava/lang/Class;)Ljava/lang/Object;' in 'java/security/AccessController')}
  0x000001abaad6744c: 83fe 0048 | bae0 743b | 1aac 0100 | 0048 bb20 | 0500 0000 | 0000 000f | 840a 0000 | 0048 bb30 
  0x000001abaad6746c: 0500 0000 | 0000 0048 | 8b04 1a48 | 8d40 0148 | 8904 1a0f | 84b2 0000 | 0048 3b06 

  0x000001abaad67488: ;   {metadata(method data for {method} {0x000001ac1a3a6d90} 'executePrivileged' '(Ljava/security/PrivilegedAction;Ljava/security/AccessControlContext;Ljava/lang/Class;)Ljava/lang/Object;' in 'java/security/AccessController')}
  0x000001abaad67488: 488b d648 | bfe0 743b | 1aac 0100 | 008b 5208 | 49ba 0000 | 00c7 ab01 | 0000 4903 | d248 3b97 
  0x000001abaad674a8: 5005 0000 | 750d 4883 | 8758 0500 | 0001 e966 | 0000 0048 | 3b97 6005 | 0000 750d | 4883 8768 
  0x000001abaad674c8: 0500 0001 | e950 0000 | 0048 81bf | 5005 0000 | 0000 0000 | 7517 4889 | 9750 0500 | 0048 c787 
  0x000001abaad674e8: 5805 0000 | 0100 0000 | e92c 0000 | 0048 81bf | 6005 0000 | 0000 0000 | 7517 4889 | 9760 0500 
  0x000001abaad67508: 0048 c787 | 6805 0000 | 0100 0000 | e908 0000 | 0048 8387 | 4005 0000 | 0148 8bd6 | 9048 b8ff 
  0x000001abaad67528: ffff ffff 

  0x000001abaad6752c: ;   {virtual_call}
  0x000001abaad6752c: ffff ffe8 

  0x000001abaad67530: ; ImmutableOopMap {[208]=Oop }
                      ;*invokeinterface call {reexecute=0 rethrow=0 return_oop=0}
                      ; - java.security.AccessController::executePrivileged@178 (line 783)
                      ; - java.security.AccessController::doPrivileged@77 (line 318)
  0x000001abaad67530: 4c5b 4007 

  0x000001abaad67534: ;   {metadata(method data for {method} {0x000001ac1a3a6d90} 'executePrivileged' '(Ljava/security/PrivilegedAction;Ljava/security/AccessControlContext;Ljava/lang/Class;)Ljava/lang/Object;' in 'java/security/AccessController')}
  0x000001abaad67534: 488b f848 | bae0 743b | 1aac 0100 | 00ff 8278 

  0x000001abaad67544: ;   {metadata(method data for {method} {0x000001ac1a3a7160} 'doPrivileged' '(Ljava/security/PrivilegedAction;)Ljava/lang/Object;' in 'java/security/AccessController')}
  0x000001abaad67544: 0500 0048 | baa0 073b | 1aac 0100 | 00ff 8200 | 0300 0048 | 8bb4 24d0 | 0000 0048 

  0x000001abaad67560: ;   {metadata(method data for {method} {0x000001ac1a3a7160} 'doPrivileged' '(Ljava/security/PrivilegedAction;)Ljava/lang/Object;' in 'java/security/AccessController')}
  0x000001abaad67560: 83fe 0048 | baa0 073b | 1aac 0100 | 0048 bb18 | 0300 0000 | 0000 000f | 840a 0000 | 0048 bb28 
  0x000001abaad67580: 0300 0000 | 0000 0048 | 8b04 1a48 | 8d40 0148 | 8904 1a0f | 84b6 0000 | 0048 3b06 

  0x000001abaad6759c: ;   {metadata(method data for {method} {0x000001ac1a3a7160} 'doPrivileged' '(Ljava/security/PrivilegedAction;)Ljava/lang/Object;' in 'java/security/AccessController')}
  0x000001abaad6759c: 488b d648 | bfa0 073b | 1aac 0100 | 008b 5208 | 49ba 0000 | 00c7 ab01 | 0000 4903 | d248 3b97 
  0x000001abaad675bc: 4803 0000 | 750d 4883 | 8750 0300 | 0001 e966 | 0000 0048 | 3b97 5803 | 0000 750d | 4883 8760 
  0x000001abaad675dc: 0300 0001 | e950 0000 | 0048 81bf | 4803 0000 | 0000 0000 | 7517 4889 | 9748 0300 | 0048 c787 
  0x000001abaad675fc: 5003 0000 | 0100 0000 | e92c 0000 | 0048 81bf | 5803 0000 | 0000 0000 | 7517 4889 | 9758 0300 
  0x000001abaad6761c: 0048 c787 | 6003 0000 | 0100 0000 | e908 0000 | 0048 8387 | 3803 0000 | 0148 8bd6 | 0f1f 4400 
  0x000001abaad6763c: 0048 b8ff | ffff ffff 

  0x000001abaad67644: ;   {virtual_call}
  0x000001abaad67644: ffff ffe8 

  0x000001abaad67648: ; ImmutableOopMap {}
                      ;*invokeinterface call {reexecute=0 rethrow=0 return_oop=0}
                      ; - java.security.AccessController::doPrivileged@89 (line 318)
  0x000001abaad67648: 345a 4007 

  0x000001abaad6764c: ;   {metadata(method data for {method} {0x000001ac1a3a7160} 'doPrivileged' '(Ljava/security/PrivilegedAction;)Ljava/lang/Object;' in 'java/security/AccessController')}
  0x000001abaad6764c: 488b f848 | b8a0 073b | 1aac 0100 | 00ff 8070 | 0300 0048 | 8bc7 4881 | c400 0100 

  0x000001abaad67668: ;   {poll_return}
  0x000001abaad67668: 005d 493b | a748 0300 | 000f 873d | 0300 00c3 

  0x000001abaad67678: ;   {metadata({method} {0x000001ac1a3a7160} 'doPrivileged' '(Ljava/security/PrivilegedAction;)Ljava/lang/Object;' in 'java/security/AccessController')}
  0x000001abaad67678: 49ba 5871 | 3a1a ac01 | 0000 4c89 | 5424 0848 | c704 24ff 

  0x000001abaad6768c: ;   {runtime_call counter_overflow Runtime1 stub}
  0x000001abaad6768c: ffff ffe8 

  0x000001abaad67690: ; ImmutableOopMap {rdx=Oop [184]=Oop }
                      ;*synchronization entry
                      ; - java.security.AccessController::doPrivileged@-1 (line 318)
  0x000001abaad67690: ec31 4b07 | e948 e6ff 

  0x000001abaad67698: ;   {metadata({method} {0x000001ac0a51ea38} 'getStatic' '(Ljava/lang/String;Ljava/lang/Class;)Lorg/mockito/internal/creation/bytebuddy/inject/MockMethodDispatcher;' in 'org/mockito/internal/creation/bytebuddy/inject/MockMethodDispatcher')}
  0x000001abaad67698: ff49 ba30 | ea51 0aac | 0100 004c | 8954 2408 | 48c7 0424 | ffff ffff 

  0x000001abaad676b0: ;   {runtime_call counter_overflow Runtime1 stub}
  0x000001abaad676b0: e8cb 314b 

  0x000001abaad676b4: ; ImmutableOopMap {[184]=Oop }
                      ;*synchronization entry
                      ; - org.mockito.internal.creation.bytebuddy.inject.MockMethodDispatcher::getStatic@-1 (line 43)
                      ; - java.security.AccessController::doPrivileged@5 (line 318)
  0x000001abaad676b4: 07e9 63e6 | ffff 4889 

  0x000001abaad676bc: ;   {runtime_call throw_class_cast_exception Runtime1 stub}
  0x000001abaad676bc: 0424 e8dd 

  0x000001abaad676c0: ; ImmutableOopMap {[184]=Oop }
                      ;*checkcast {reexecute=0 rethrow=0 return_oop=0}
                      ; - org.mockito.internal.creation.bytebuddy.inject.MockMethodDispatcher::getStatic@26 (line 47)
                      ; - java.security.AccessController::doPrivileged@5 (line 318)
                      ;   {runtime_call throw_null_pointer_exception Runtime1 stub}
  0x000001abaad676c0: 044b 07e8 

  0x000001abaad676c4: ; ImmutableOopMap {[184]=Oop r8=Oop }
                      ;*invokevirtual isMockedStatic {reexecute=0 rethrow=0 return_oop=0}
                      ; - java.security.AccessController::doPrivileged@16 (line 318)
  0x000001abaad676c4: d8d4 4a07 

  0x000001abaad676c8: ;   {runtime_call new_object_array Runtime1 stub}
  0x000001abaad676c8: e8b3 e94a 

  0x000001abaad676cc: ; ImmutableOopMap {[192]=Oop [184]=Oop }
                      ;*anewarray {reexecute=0 rethrow=0 return_oop=0}
                      ; - java.security.AccessController::doPrivileged@35 (line 318)
  0x000001abaad676cc: 07e9 e9e9 

  0x000001abaad676d0: ;   {runtime_call throw_null_pointer_exception Runtime1 stub}
  0x000001abaad676d0: ffff e8c9 

  0x000001abaad676d4: ; ImmutableOopMap {[192]=Oop [184]=Oop rax=Oop r9=Oop }
                      ;*aastore {reexecute=1 rethrow=0 return_oop=0}
                      ; - (reexecute) java.security.AccessController::doPrivileged@42 (line 318)
  0x000001abaad676d4: d44a 074c 

  0x000001abaad676d8: ;   {runtime_call throw_array_store_exception Runtime1 stub}
  0x000001abaad676d8: 890c 24e8 

  0x000001abaad676dc: ; ImmutableOopMap {[192]=Oop [184]=Oop rax=Oop r9=Oop }
                      ;*aastore {reexecute=1 rethrow=0 return_oop=0}
                      ; - (reexecute) java.security.AccessController::doPrivileged@42 (line 318)
  0x000001abaad676dc: c001 4b07 | 8b32 48c1 | e603 4883 | fe00 0f84 | 04eb ffff | 4889 3424 

  0x000001abaad676f4: ;   {runtime_call g1_pre_barrier_slow}
  0x000001abaad676f4: e887 3a4b | 07e9 f6ea | ffff 4983 | f900 0f84 | 0aeb ffff | 4889 1424 

  0x000001abaad6770c: ;   {runtime_call g1_post_barrier_slow}
  0x000001abaad6770c: e86f 3d4b | 07e9 fcea 

  0x000001abaad67714: ;   {runtime_call new_object_array Runtime1 stub}
  0x000001abaad67714: ffff e865 

  0x000001abaad67718: ; ImmutableOopMap {[200]=Oop [184]=Oop [192]=Oop r9=Oop }
                      ;*anewarray {reexecute=0 rethrow=0 return_oop=0}
                      ; - java.security.AccessController::doPrivileged@47 (line 318)
  0x000001abaad67718: e94a 07e9 | ceeb ffff 

  0x000001abaad67720: ;   {runtime_call throw_null_pointer_exception Runtime1 stub}
  0x000001abaad67720: e87b d44a 

  0x000001abaad67724: ; ImmutableOopMap {[200]=Oop [192]=Oop r9=Oop rax=Oop rdx=Oop [184]=Oop }
                      ;*aastore {reexecute=1 rethrow=0 return_oop=0}
                      ; - (reexecute) java.security.AccessController::doPrivileged@53 (line 318)
  0x000001abaad67724: 0748 8914 

  0x000001abaad67728: ;   {runtime_call throw_array_store_exception Runtime1 stub}
  0x000001abaad67728: 24e8 7201 

  0x000001abaad6772c: ; ImmutableOopMap {[200]=Oop [192]=Oop r9=Oop rax=Oop rdx=Oop [184]=Oop }
                      ;*aastore {reexecute=1 rethrow=0 return_oop=0}
                      ; - (reexecute) java.security.AccessController::doPrivileged@53 (line 318)
  0x000001abaad6772c: 4b07 418b | 3848 c1e7 | 0348 83ff | 000f 84ea | ecff ff48 

  0x000001abaad67740: ;   {runtime_call g1_pre_barrier_slow}
  0x000001abaad67740: 893c 24e8 | 383a 4b07 | e9dc ecff | ff48 83fa | 000f 84f0 | ecff ff4c 

  0x000001abaad67758: ;   {runtime_call g1_post_barrier_slow}
  0x000001abaad67758: 8904 24e8 | 203d 4b07 | e9e2 ecff 

  0x000001abaad67764: ;   {metadata({method} {0x000001ac1a3a6d90} 'executePrivileged' '(Ljava/security/PrivilegedAction;Ljava/security/AccessControlContext;Ljava/lang/Class;)Ljava/lang/Object;' in 'java/security/AccessController')}
  0x000001abaad67764: ff49 ba88 | 6d3a 1aac | 0100 004c | 8954 2408 | 48c7 0424 | ffff ffff 

  0x000001abaad6777c: ;   {runtime_call counter_overflow Runtime1 stub}
  0x000001abaad6777c: e8ff 304b 

  0x000001abaad67780: ; ImmutableOopMap {[184]=Oop [208]=Oop rax=Oop [216]=Oop }
                      ;*synchronization entry
                      ; - java.security.AccessController::executePrivileged@-1 (line 771)
                      ; - java.security.AccessController::doPrivileged@77 (line 318)
  0x000001abaad67780: 07e9 caed 

  0x000001abaad67784: ;   {metadata({method} {0x000001ac0a51ea38} 'getStatic' '(Ljava/lang/String;Ljava/lang/Class;)Lorg/mockito/internal/creation/bytebuddy/inject/MockMethodDispatcher;' in 'org/mockito/internal/creation/bytebuddy/inject/MockMethodDispatcher')}
  0x000001abaad67784: ffff 49ba | 30ea 510a | ac01 0000 | 4c89 5424 | 0848 c704 | 24ff ffff 

  0x000001abaad6779c: ;   {runtime_call counter_overflow Runtime1 stub}
  0x000001abaad6779c: ffe8 de30 

  0x000001abaad677a0: ; ImmutableOopMap {[184]=Oop [208]=Oop rax=Oop [216]=Oop }
                      ;*synchronization entry
                      ; - org.mockito.internal.creation.bytebuddy.inject.MockMethodDispatcher::getStatic@-1 (line 43)
                      ; - java.security.AccessController::executePrivileged@5 (line 771)
                      ; - java.security.AccessController::doPrivileged@77 (line 318)
  0x000001abaad677a0: 4b07 e9e5 | edff ff48 

  0x000001abaad677a8: ;   {runtime_call throw_class_cast_exception Runtime1 stub}
  0x000001abaad677a8: 8904 24e8 

  0x000001abaad677ac: ; ImmutableOopMap {[184]=Oop [208]=Oop [216]=Oop }
                      ;*checkcast {reexecute=0 rethrow=0 return_oop=0}
                      ; - org.mockito.internal.creation.bytebuddy.inject.MockMethodDispatcher::getStatic@26 (line 47)
                      ; - java.security.AccessController::executePrivileged@5 (line 771)
                      ; - java.security.AccessController::doPrivileged@77 (line 318)
  0x000001abaad677ac: f003 4b07 

  0x000001abaad677b0: ;   {runtime_call throw_null_pointer_exception Runtime1 stub}
  0x000001abaad677b0: e8eb d34a 

  0x000001abaad677b4: ; ImmutableOopMap {[184]=Oop [208]=Oop [216]=Oop r8=Oop }
                      ;*invokevirtual isMockedStatic {reexecute=0 rethrow=0 return_oop=0}
                      ; - java.security.AccessController::executePrivileged@16 (line 771)
                      ; - java.security.AccessController::doPrivileged@77 (line 318)
                      ;   {runtime_call new_object_array Runtime1 stub}
  0x000001abaad677b4: 07e8 c6e8 

  0x000001abaad677b8: ; ImmutableOopMap {[208]=Oop [224]=Oop [184]=Oop [216]=Oop }
                      ;*anewarray {reexecute=0 rethrow=0 return_oop=0}
                      ; - java.security.AccessController::executePrivileged@35 (line 771)
                      ; - java.security.AccessController::doPrivileged@77 (line 318)
  0x000001abaad677b8: 4a07 e974 

  0x000001abaad677bc: ;   {runtime_call throw_null_pointer_exception Runtime1 stub}
  0x000001abaad677bc: f1ff ffe8 

  0x000001abaad677c0: ; ImmutableOopMap {[208]=Oop [224]=Oop [184]=Oop [216]=Oop rax=Oop r9=Oop }
                      ;*aastore {reexecute=1 rethrow=0 return_oop=0}
                      ; - (reexecute) java.security.AccessController::executePrivileged@42 (line 771)
                      ; - java.security.AccessController::doPrivileged@77 (line 318)
  0x000001abaad677c0: dcd3 4a07 | 4c89 0c24 

  0x000001abaad677c8: ;   {runtime_call throw_array_store_exception Runtime1 stub}
  0x000001abaad677c8: e8d3 004b 

  0x000001abaad677cc: ; ImmutableOopMap {[208]=Oop [224]=Oop [184]=Oop [216]=Oop rax=Oop r9=Oop }
                      ;*aastore {reexecute=1 rethrow=0 return_oop=0}
                      ; - (reexecute) java.security.AccessController::executePrivileged@42 (line 771)
                      ; - java.security.AccessController::doPrivileged@77 (line 318)
  0x000001abaad677cc: 078b 3248 | c1e6 0348 | 83fe 000f | 848f f2ff | ff48 8934 

  0x000001abaad677e0: ;   {runtime_call g1_pre_barrier_slow}
  0x000001abaad677e0: 24e8 9a39 | 4b07 e981 | f2ff ff49 | 83f9 000f | 8495 f2ff | ff48 8914 

  0x000001abaad677f8: ;   {runtime_call g1_post_barrier_slow}
  0x000001abaad677f8: 24e8 823c | 4b07 e987 

  0x000001abaad67800: ;   {runtime_call throw_null_pointer_exception Runtime1 stub}
  0x000001abaad67800: f2ff ffe8 

  0x000001abaad67804: ; ImmutableOopMap {[208]=Oop [224]=Oop [184]=Oop [216]=Oop rax=Oop r9=Oop }
                      ;*aastore {reexecute=1 rethrow=0 return_oop=0}
                      ; - (reexecute) java.security.AccessController::executePrivileged@47 (line 771)
                      ; - java.security.AccessController::doPrivileged@77 (line 318)
  0x000001abaad67804: 98d3 4a07 | 4c89 0c24 

  0x000001abaad6780c: ;   {runtime_call throw_array_store_exception Runtime1 stub}
  0x000001abaad6780c: e88f 004b 

  0x000001abaad67810: ; ImmutableOopMap {[208]=Oop [224]=Oop [184]=Oop [216]=Oop rax=Oop r9=Oop }
                      ;*aastore {reexecute=1 rethrow=0 return_oop=0}
                      ; - (reexecute) java.security.AccessController::executePrivileged@47 (line 771)
                      ; - java.security.AccessController::doPrivileged@77 (line 318)
  0x000001abaad67810: 078b 3248 | c1e6 0348 | 83fe 000f | 84a2 f3ff | ff48 8934 

  0x000001abaad67824: ;   {runtime_call g1_pre_barrier_slow}
  0x000001abaad67824: 24e8 5639 | 4b07 e994 | f3ff ff49 | 83f9 000f | 84a8 f3ff | ff48 8914 

  0x000001abaad6783c: ;   {runtime_call g1_post_barrier_slow}
  0x000001abaad6783c: 24e8 3e3c | 4b07 e99a 

  0x000001abaad67844: ;   {runtime_call throw_null_pointer_exception Runtime1 stub}
  0x000001abaad67844: f3ff ffe8 

  0x000001abaad67848: ; ImmutableOopMap {[208]=Oop [224]=Oop [184]=Oop [216]=Oop rax=Oop r9=Oop }
                      ;*aastore {reexecute=1 rethrow=0 return_oop=0}
                      ; - (reexecute) java.security.AccessController::executePrivileged@52 (line 771)
                      ; - java.security.AccessController::doPrivileged@77 (line 318)
  0x000001abaad67848: 54d3 4a07 | 4c89 0c24 

  0x000001abaad67850: ;   {runtime_call throw_array_store_exception Runtime1 stub}
  0x000001abaad67850: e84b 004b 

  0x000001abaad67854: ; ImmutableOopMap {[208]=Oop [224]=Oop [184]=Oop [216]=Oop rax=Oop r9=Oop }
                      ;*aastore {reexecute=1 rethrow=0 return_oop=0}
                      ; - (reexecute) java.security.AccessController::executePrivileged@52 (line 771)
                      ; - java.security.AccessController::doPrivileged@77 (line 318)
  0x000001abaad67854: 078b 3248 | c1e6 0348 | 83fe 000f | 84b5 f4ff | ff48 8934 

  0x000001abaad67868: ;   {runtime_call g1_pre_barrier_slow}
  0x000001abaad67868: 24e8 1239 | 4b07 e9a7 | f4ff ff49 | 83f9 000f | 84bb f4ff | ff48 8914 

  0x000001abaad67880: ;   {runtime_call g1_post_barrier_slow}
  0x000001abaad67880: 24e8 fa3b | 4b07 e9ad 

  0x000001abaad67888: ;   {runtime_call new_object_array Runtime1 stub}
  0x000001abaad67888: f4ff ffe8 

  0x000001abaad6788c: ; ImmutableOopMap {[208]=Oop [224]=Oop [216]=Oop [184]=Oop [232]=Oop r9=Oop }
                      ;*anewarray {reexecute=0 rethrow=0 return_oop=0}
                      ; - java.security.AccessController::executePrivileged@57 (line 771)
                      ; - java.security.AccessController::doPrivileged@77 (line 318)
  0x000001abaad6788c: f0e7 4a07 | e979 f5ff 

  0x000001abaad67894: ;   {runtime_call throw_null_pointer_exception Runtime1 stub}
  0x000001abaad67894: ffe8 06d3 

  0x000001abaad67898: ; ImmutableOopMap {[208]=Oop [224]=Oop [216]=Oop [232]=Oop r9=Oop rax=Oop rdx=Oop [184]=Oop }
                      ;*aastore {reexecute=1 rethrow=0 return_oop=0}
                      ; - (reexecute) java.security.AccessController::executePrivileged@63 (line 771)
                      ; - java.security.AccessController::doPrivileged@77 (line 318)
  0x000001abaad67898: 4a07 4889 

  0x000001abaad6789c: ;   {runtime_call throw_array_store_exception Runtime1 stub}
  0x000001abaad6789c: 1424 e8fd 

  0x000001abaad678a0: ; ImmutableOopMap {[208]=Oop [224]=Oop [216]=Oop [232]=Oop r9=Oop rax=Oop rdx=Oop [184]=Oop }
                      ;*aastore {reexecute=1 rethrow=0 return_oop=0}
                      ; - (reexecute) java.security.AccessController::executePrivileged@63 (line 771)
                      ; - java.security.AccessController::doPrivileged@77 (line 318)
  0x000001abaad678a0: ff4a 0741 | 8b38 48c1 | e703 4883 | ff00 0f84 | 95f6 ffff | 4889 3c24 

  0x000001abaad678b8: ;   {runtime_call g1_pre_barrier_slow}
  0x000001abaad678b8: e8c3 384b | 07e9 87f6 | ffff 4883 | fa00 0f84 | 9bf6 ffff | 4c89 0424 

  0x000001abaad678d0: ;   {runtime_call g1_post_barrier_slow}
  0x000001abaad678d0: e8ab 3b4b | 07e9 8df6 

  0x000001abaad678d8: ;   {runtime_call throw_null_pointer_exception Runtime1 stub}
  0x000001abaad678d8: ffff e8c1 

  0x000001abaad678dc: ; ImmutableOopMap {[208]=Oop [224]=Oop [216]=Oop [232]=Oop r9=Oop rax=Oop rdx=Oop [184]=Oop r8=Oop }
                      ;*aastore {reexecute=1 rethrow=0 return_oop=0}
                      ; - (reexecute) java.security.AccessController::executePrivileged@67 (line 771)
                      ; - java.security.AccessController::doPrivileged@77 (line 318)
  0x000001abaad678dc: d24a 074c 

  0x000001abaad678e0: ;   {runtime_call throw_array_store_exception Runtime1 stub}
  0x000001abaad678e0: 8904 24e8 

  0x000001abaad678e4: ; ImmutableOopMap {[208]=Oop [224]=Oop [216]=Oop [232]=Oop r9=Oop rax=Oop rdx=Oop [184]=Oop r8=Oop }
                      ;*aastore {reexecute=1 rethrow=0 return_oop=0}
                      ; - (reexecute) java.security.AccessController::executePrivileged@67 (line 771)
                      ; - java.security.AccessController::doPrivileged@77 (line 318)
  0x000001abaad678e4: b8ff 4a07 | 8b37 48c1 | e603 4883 | fe00 0f84 | a8f7 ffff | 4889 3424 

  0x000001abaad678fc: ;   {runtime_call g1_pre_barrier_slow}
  0x000001abaad678fc: e87f 384b | 07e9 9af7 | ffff 4983 | f800 0f84 | aef7 ffff | 4889 3c24 

  0x000001abaad67914: ;   {runtime_call g1_post_barrier_slow}
  0x000001abaad67914: e867 3b4b | 07e9 a0f7 

  0x000001abaad6791c: ;   {runtime_call throw_null_pointer_exception Runtime1 stub}
  0x000001abaad6791c: ffff e87d 

  0x000001abaad67920: ; ImmutableOopMap {[208]=Oop [224]=Oop [232]=Oop r9=Oop rax=Oop rdx=Oop [184]=Oop rsi=Oop [216]=Oop }
                      ;*aastore {reexecute=1 rethrow=0 return_oop=0}
                      ; - (reexecute) java.security.AccessController::executePrivileged@71 (line 771)
                      ; - java.security.AccessController::doPrivileged@77 (line 318)
  0x000001abaad67920: d24a 0748 

  0x000001abaad67924: ;   {runtime_call throw_array_store_exception Runtime1 stub}
  0x000001abaad67924: 8934 24e8 

  0x000001abaad67928: ; ImmutableOopMap {[208]=Oop [224]=Oop [232]=Oop r9=Oop rax=Oop rdx=Oop [184]=Oop rsi=Oop [216]=Oop }
                      ;*aastore {reexecute=1 rethrow=0 return_oop=0}
                      ; - (reexecute) java.security.AccessController::executePrivileged@71 (line 771)
                      ; - java.security.AccessController::doPrivileged@77 (line 318)
  0x000001abaad67928: 74ff 4a07 | 418b 3848 | c1e7 0348 | 83ff 000f | 84bc f8ff | ff48 893c 

  0x000001abaad67940: ;   {runtime_call g1_pre_barrier_slow}
  0x000001abaad67940: 24e8 3a38 | 4b07 e9ae | f8ff ff48 | 83fe 000f | 84c2 f8ff | ff4c 8904 

  0x000001abaad67958: ;   {runtime_call g1_post_barrier_slow}
  0x000001abaad67958: 24e8 223b | 4b07 e9b4 

  0x000001abaad67960: ;   {runtime_call throw_null_pointer_exception Runtime1 stub}
  0x000001abaad67960: f8ff ffe8 

  0x000001abaad67964: ; ImmutableOopMap {[208]=Oop [216]=Oop rdx=Oop [184]=Oop [240]=Oop }
                      ;*invokeinterface run {reexecute=0 rethrow=0 return_oop=0}
                      ; - java.security.AccessController::executePrivileged@129 (line 776)
                      ; - java.security.AccessController::doPrivileged@77 (line 318)
  0x000001abaad67964: 38d2 4a07 

  0x000001abaad67968: ;   {metadata({method} {0x000001abc73d0fa8} 'reachabilityFence' '(Ljava/lang/Object;)V' in 'java/lang/ref/Reference')}
  0x000001abaad67968: 49ba a00f | 3dc7 ab01 | 0000 4c89 | 5424 0848 | c704 24ff 

  0x000001abaad6797c: ;   {runtime_call counter_overflow Runtime1 stub}
  0x000001abaad6797c: ffff ffe8 

  0x000001abaad67980: ; ImmutableOopMap {[208]=Oop [240]=Oop rax=Oop rdx=Oop [216]=Oop }
                      ;*synchronization entry
                      ; - java.lang.ref.Reference::reachabilityFence@-1 (line 621)
                      ; - java.security.AccessController::executePrivileged@158 (line 781)
                      ; - java.security.AccessController::doPrivileged@77 (line 318)
  0x000001abaad67980: fc2e 4b07 | e96d faff 

  0x000001abaad67988: ;   {metadata({method} {0x000001abc73d0fa8} 'reachabilityFence' '(Ljava/lang/Object;)V' in 'java/lang/ref/Reference')}
  0x000001abaad67988: ff49 baa0 | 0f3d c7ab | 0100 004c | 8954 2408 | 48c7 0424 | ffff ffff 

  0x000001abaad679a0: ;   {runtime_call counter_overflow Runtime1 stub}
  0x000001abaad679a0: e8db 2e4b 

  0x000001abaad679a4: ; ImmutableOopMap {[208]=Oop [240]=Oop rax=Oop }
                      ;*synchronization entry
                      ; - java.lang.ref.Reference::reachabilityFence@-1 (line 621)
                      ; - java.security.AccessController::executePrivileged@163 (line 782)
                      ; - java.security.AccessController::doPrivileged@77 (line 318)
  0x000001abaad679a4: 07e9 86fa 

  0x000001abaad679a8: ;   {runtime_call throw_null_pointer_exception Runtime1 stub}
  0x000001abaad679a8: ffff e8f1 

  0x000001abaad679ac: ; ImmutableOopMap {[208]=Oop rsi=Oop }
                      ;*invokeinterface call {reexecute=0 rethrow=0 return_oop=0}
                      ; - java.security.AccessController::executePrivileged@178 (line 783)
                      ; - java.security.AccessController::doPrivileged@77 (line 318)
                      ;   {runtime_call throw_null_pointer_exception Runtime1 stub}
  0x000001abaad679ac: d14a 07e8 

  0x000001abaad679b0: ; ImmutableOopMap {rsi=Oop }
                      ;*invokeinterface call {reexecute=0 rethrow=0 return_oop=0}
                      ; - java.security.AccessController::doPrivileged@89 (line 318)
  0x000001abaad679b0: ecd1 4a07 

  0x000001abaad679b4: ;   {internal_word}
  0x000001abaad679b4: 49ba 6a76 | d6aa ab01 | 0000 4d89 | 9760 0300 

  0x000001abaad679c4: ;   {runtime_call SafepointBlob}
  0x000001abaad679c4: 00e9 36ba | 4007 9090 | 498b 87d8 | 0300 0049 | c787 d803 | 0000 0000 | 0000 49c7 | 87e0 0300 
  0x000001abaad679e4: 0000 0000 | 0048 81c4 | 0001 0000 

  0x000001abaad679f0: ;   {runtime_call unwind_exception Runtime1 stub}
  0x000001abaad679f0: 5de9 0af2 | 4107 f4f4 | f4f4 f4f4 | f4f4 f4f4 
[Stub Code]
  0x000001abaad67a00: ;   {no_reloc}
  0x000001abaad67a00: 0f1f 4400 

  0x000001abaad67a04: ;   {static_stub}
  0x000001abaad67a04: 0048 bb00 | 0000 0000 

  0x000001abaad67a0c: ;   {runtime_call}
  0x000001abaad67a0c: 0000 00e9 | fbff ffff 

  0x000001abaad67a14: ;   {static_stub}
  0x000001abaad67a14: 9048 bb00 | 0000 0000 

  0x000001abaad67a1c: ;   {runtime_call}
  0x000001abaad67a1c: 0000 00e9 | fbff ffff 

  0x000001abaad67a24: ;   {static_stub}
  0x000001abaad67a24: 9048 bb00 | 0000 0000 

  0x000001abaad67a2c: ;   {runtime_call}
  0x000001abaad67a2c: 0000 00e9 | fbff ffff 

  0x000001abaad67a34: ;   {static_stub}
  0x000001abaad67a34: 9048 bb00 | 0000 0000 

  0x000001abaad67a3c: ;   {runtime_call}
  0x000001abaad67a3c: 0000 00e9 | fbff ffff 

  0x000001abaad67a44: ;   {static_stub}
  0x000001abaad67a44: 9048 bb00 | 0000 0000 

  0x000001abaad67a4c: ;   {runtime_call}
  0x000001abaad67a4c: 0000 00e9 | fbff ffff 

  0x000001abaad67a54: ;   {static_stub}
  0x000001abaad67a54: 9048 bb00 | 0000 0000 

  0x000001abaad67a5c: ;   {runtime_call}
  0x000001abaad67a5c: 0000 00e9 | fbff ffff 

  0x000001abaad67a64: ;   {static_stub}
  0x000001abaad67a64: 9048 bb00 | 0000 0000 

  0x000001abaad67a6c: ;   {runtime_call}
  0x000001abaad67a6c: 0000 00e9 | fbff ffff 

  0x000001abaad67a74: ;   {static_stub}
  0x000001abaad67a74: 9048 bb00 | 0000 0000 

  0x000001abaad67a7c: ;   {runtime_call}
  0x000001abaad67a7c: 0000 00e9 | fbff ffff 

  0x000001abaad67a84: ;   {static_stub}
  0x000001abaad67a84: 9048 bb00 | 0000 0000 

  0x000001abaad67a8c: ;   {runtime_call}
  0x000001abaad67a8c: 0000 00e9 | fbff ffff 

  0x000001abaad67a94: ;   {static_stub}
  0x000001abaad67a94: 9048 bb00 | 0000 0000 

  0x000001abaad67a9c: ;   {runtime_call}
  0x000001abaad67a9c: 0000 00e9 | fbff ffff 

  0x000001abaad67aa4: ;   {static_stub}
  0x000001abaad67aa4: 9048 bb00 | 0000 0000 

  0x000001abaad67aac: ;   {runtime_call}
  0x000001abaad67aac: 0000 00e9 | fbff ffff 

  0x000001abaad67ab4: ;   {static_stub}
  0x000001abaad67ab4: 9048 bb00 | 0000 0000 

  0x000001abaad67abc: ;   {runtime_call}
  0x000001abaad67abc: 0000 00e9 | fbff ffff 

  0x000001abaad67ac4: ;   {static_stub}
  0x000001abaad67ac4: 9048 bb00 | 0000 0000 

  0x000001abaad67acc: ;   {runtime_call}
  0x000001abaad67acc: 0000 00e9 | fbff ffff 

  0x000001abaad67ad4: ;   {static_stub}
  0x000001abaad67ad4: 9048 bb00 | 0000 0000 

  0x000001abaad67adc: ;   {runtime_call}
  0x000001abaad67adc: 0000 00e9 | fbff ffff 
[Exception Handler]
  0x000001abaad67ae4: ;   {runtime_call handle_exception_from_callee Runtime1 stub}
  0x000001abaad67ae4: e897 fa4a 

  0x000001abaad67ae8: ;   {external_word}
  0x000001abaad67ae8: 0748 b990 | f01b 83fa | 7f00 0048 

  0x000001abaad67af4: ;   {runtime_call}
  0x000001abaad67af4: 83e4 f049 | ba20 ffe9 | 82fa 7f00 | 0041 ffd2 

  0x000001abaad67b04: ;   {section_word}
  0x000001abaad67b04: f449 ba05 | 7bd6 aaab | 0100 0041 

  0x000001abaad67b10: ;   {runtime_call DeoptimizationBlob}
  0x000001abaad67b10: 52e9 8aab | 4007 f4f4 
[/MachCode]


---------------  P R O C E S S  ---------------

Threads class SMR info:
_java_thread_list=0x000001ac160da760, length=55, elements={
0x000001aba3431120, 0x000001abc6c74340, 0x000001abc6c750d0, 0x000001ac0c10bbc0,
0x000001ac0c10c490, 0x000001ac0c10d500, 0x000001ac0c1125c0, 0x000001ac0c118c50,
0x000001ac0c11a570, 0x000001ac0c131280, 0x000001abc6c59060, 0x000001ac0c377ab0,
0x000001ac0c89fb50, 0x000001ac0d65f0c0, 0x000001ac0d814920, 0x000001ac0d7ba650,
0x000001ac0da15160, 0x000001ac0db54ec0, 0x000001ac0db50580, 0x000001ac0db4f140,
0x000001ac0db50fa0, 0x000001ac0db519c0, 0x000001ac0db523e0, 0x000001ac0db4fb60,
0x000001ac0db4ec30, 0x000001ac117ae6a0, 0x000001ac117b3290, 0x000001ac117af0c0,
0x000001ac117ae190, 0x000001ac117b0500, 0x000001ac117b37a0, 0x000001ac117af5d0,
0x000001ac117b1430, 0x000001ac117ac840, 0x000001ac117afae0, 0x000001ac117adc80,
0x000001ac117b3cb0, 0x000001ac117afff0, 0x000001ac117b0a10, 0x000001ac117b2360,
0x000001ac117acd50, 0x000001ac117ad260, 0x000001ac117b0f20, 0x000001ac117ad770,
0x000001ac117b41c0, 0x000001ac117b1940, 0x000001ac117b1e50, 0x000001ac117b2870,
0x000001ac117b2d80, 0x000001ac117aebb0, 0x000001ac145aa880, 0x000001ac145abdc0,
0x000001ac145ac310, 0x000001ac0c39c3f0, 0x000001ac0c39c900
}

Java Threads: ( => current thread )
  0x000001aba3431120 JavaThread "main" [_thread_blocked, id=1316, stack(0x000000aaf4200000,0x000000aaf4300000)]
  0x000001abc6c74340 JavaThread "Reference Handler" daemon [_thread_blocked, id=29036, stack(0x000000aaf4900000,0x000000aaf4a00000)]
  0x000001abc6c750d0 JavaThread "Finalizer" daemon [_thread_blocked, id=31308, stack(0x000000aaf4a00000,0x000000aaf4b00000)]
  0x000001ac0c10bbc0 JavaThread "Signal Dispatcher" daemon [_thread_blocked, id=27524, stack(0x000000aaf4b00000,0x000000aaf4c00000)]
  0x000001ac0c10c490 JavaThread "Attach Listener" daemon [_thread_blocked, id=19044, stack(0x000000aaf4c00000,0x000000aaf4d00000)]
  0x000001ac0c10d500 JavaThread "Service Thread" daemon [_thread_blocked, id=33748, stack(0x000000aaf4d00000,0x000000aaf4e00000)]
  0x000001ac0c1125c0 JavaThread "Monitor Deflation Thread" daemon [_thread_blocked, id=32560, stack(0x000000aaf4e00000,0x000000aaf4f00000)]
  0x000001ac0c118c50 JavaThread "C2 CompilerThread0" daemon [_thread_blocked, id=32676, stack(0x000000aaf4f00000,0x000000aaf5000000)]
  0x000001ac0c11a570 JavaThread "C1 CompilerThread0" daemon [_thread_blocked, id=33544, stack(0x000000aaf5000000,0x000000aaf5100000)]
  0x000001ac0c131280 JavaThread "Sweeper thread" daemon [_thread_blocked, id=32404, stack(0x000000aaf5100000,0x000000aaf5200000)]
  0x000001abc6c59060 JavaThread "Common-Cleaner" daemon [_thread_blocked, id=32124, stack(0x000000aaf5200000,0x000000aaf5300000)]
  0x000001ac0c377ab0 JavaThread "Notification Thread" daemon [_thread_blocked, id=33948, stack(0x000000aaf5800000,0x000000aaf5900000)]
  0x000001ac0c89fb50 JavaThread "Service log dispatcher" [_thread_blocked, id=19648, stack(0x000000aaf6e00000,0x000000aaf6f00000)]
  0x000001ac0d65f0c0 JavaThread "grpc-nio-worker-ELG-1-1" daemon [_thread_in_native, id=17100, stack(0x000000aaf7400000,0x000000aaf7500000)]
  0x000001ac0d814920 JavaThread "grpc-nio-worker-ELG-1-2" daemon [_thread_in_native, id=31904, stack(0x000000aaf7500000,0x000000aaf7600000)]
  0x000001ac0d7ba650 JavaThread "grpc-default-executor-0" daemon [_thread_blocked, id=24624, stack(0x000000aaf7700000,0x000000aaf7800000)]
  0x000001ac0da15160 JavaThread "grpc-nio-boss-ELG-3-1" daemon [_thread_in_native, id=32304, stack(0x000000aaf7800000,0x000000aaf7900000)]
  0x000001ac0db54ec0 JavaThread "Thread-1" [_thread_blocked, id=15912, stack(0x000000aaf7900000,0x000000aaf7a00000)]
  0x000001ac0db50580 JavaThread "grpc-nio-worker-ELG-1-3" daemon [_thread_in_native, id=9408, stack(0x000000aaf7a00000,0x000000aaf7b00000)]
  0x000001ac0db4f140 JavaThread "grpc-default-executor-1" daemon [_thread_blocked, id=25708, stack(0x000000aaf7f00000,0x000000aaf8000000)]
  0x000001ac0db50fa0 JavaThread "grpc-default-executor-2" daemon [_thread_blocked, id=27776, stack(0x000000aaf8000000,0x000000aaf8100000)]
  0x000001ac0db519c0 JavaThread "ClassGraph-worker-0" daemon [_thread_blocked, id=4156, stack(0x000000aaf8600000,0x000000aaf8700000)]
  0x000001ac0db523e0 JavaThread "ClassGraph-worker-1" daemon [_thread_blocked, id=34220, stack(0x000000aaf8700000,0x000000aaf8800000)]
  0x000001ac0db4fb60 JavaThread "ClassGraph-worker-2" daemon [_thread_blocked, id=31428, stack(0x000000aaf8800000,0x000000aaf8900000)]
  0x000001ac0db4ec30 JavaThread "ClassGraph-worker-3" daemon [_thread_blocked, id=28240, stack(0x000000aaf8900000,0x000000aaf8a00000)]
  0x000001ac117ae6a0 JavaThread "ClassGraph-worker-4" daemon [_thread_blocked, id=31864, stack(0x000000aaf8a00000,0x000000aaf8b00000)]
  0x000001ac117b3290 JavaThread "ClassGraph-worker-5" daemon [_thread_blocked, id=11172, stack(0x000000aaf8b00000,0x000000aaf8c00000)]
  0x000001ac117af0c0 JavaThread "ClassGraph-worker-6" daemon [_thread_blocked, id=32400, stack(0x000000aaf8c00000,0x000000aaf8d00000)]
  0x000001ac117ae190 JavaThread "ClassGraph-worker-7" daemon [_thread_blocked, id=25536, stack(0x000000aaf8d00000,0x000000aaf8e00000)]
  0x000001ac117b0500 JavaThread "ClassGraph-worker-8" daemon [_thread_blocked, id=8532, stack(0x000000aaf8e00000,0x000000aaf8f00000)]
  0x000001ac117b37a0 JavaThread "ClassGraph-worker-9" daemon [_thread_blocked, id=30724, stack(0x000000aaf8f00000,0x000000aaf9000000)]
  0x000001ac117af5d0 JavaThread "ClassGraph-worker-10" daemon [_thread_blocked, id=33224, stack(0x000000aaf9000000,0x000000aaf9100000)]
  0x000001ac117b1430 JavaThread "ClassGraph-worker-11" daemon [_thread_blocked, id=24892, stack(0x000000aaf9100000,0x000000aaf9200000)]
  0x000001ac117ac840 JavaThread "ClassGraph-worker-12" daemon [_thread_blocked, id=17876, stack(0x000000aaf9200000,0x000000aaf9300000)]
  0x000001ac117afae0 JavaThread "ClassGraph-worker-13" daemon [_thread_blocked, id=26352, stack(0x000000aaf9300000,0x000000aaf9400000)]
  0x000001ac117adc80 JavaThread "ClassGraph-worker-14" daemon [_thread_blocked, id=20660, stack(0x000000aaf9400000,0x000000aaf9500000)]
  0x000001ac117b3cb0 JavaThread "ClassGraph-worker-15" daemon [_thread_blocked, id=20192, stack(0x000000aaf9500000,0x000000aaf9600000)]
  0x000001ac117afff0 JavaThread "ClassGraph-worker-16" daemon [_thread_blocked, id=33596, stack(0x000000aaf9600000,0x000000aaf9700000)]
  0x000001ac117b0a10 JavaThread "ClassGraph-worker-17" daemon [_thread_blocked, id=23696, stack(0x000000aaf9700000,0x000000aaf9800000)]
  0x000001ac117b2360 JavaThread "ClassGraph-worker-18" daemon [_thread_blocked, id=32276, stack(0x000000aaf9800000,0x000000aaf9900000)]
  0x000001ac117acd50 JavaThread "ClassGraph-worker-19" daemon [_thread_blocked, id=972, stack(0x000000aaf9900000,0x000000aaf9a00000)]
  0x000001ac117ad260 JavaThread "ClassGraph-worker-20" daemon [_thread_blocked, id=2868, stack(0x000000aaf9a00000,0x000000aaf9b00000)]
  0x000001ac117b0f20 JavaThread "ClassGraph-worker-21" daemon [_thread_blocked, id=33444, stack(0x000000aaf9b00000,0x000000aaf9c00000)]
  0x000001ac117ad770 JavaThread "ClassGraph-worker-22" daemon [_thread_blocked, id=32196, stack(0x000000aaf9c00000,0x000000aaf9d00000)]
  0x000001ac117b41c0 JavaThread "ClassGraph-worker-23" daemon [_thread_blocked, id=7152, stack(0x000000aaf9d00000,0x000000aaf9e00000)]
  0x000001ac117b1940 JavaThread "ClassGraph-worker-24" daemon [_thread_blocked, id=31016, stack(0x000000aaf9e00000,0x000000aaf9f00000)]
  0x000001ac117b1e50 JavaThread "ClassGraph-worker-25" daemon [_thread_blocked, id=20224, stack(0x000000aaf9f00000,0x000000aafa000000)]
  0x000001ac117b2870 JavaThread "ClassGraph-worker-26" daemon [_thread_blocked, id=29620, stack(0x000000aafa000000,0x000000aafa100000)]
  0x000001ac117b2d80 JavaThread "ClassGraph-worker-27" daemon [_thread_blocked, id=31552, stack(0x000000aafa100000,0x000000aafa200000)]
  0x000001ac117aebb0 JavaThread "ClassGraph-worker-28" daemon [_thread_blocked, id=32412, stack(0x000000aafa200000,0x000000aafa300000)]
  0x000001ac145aa880 JavaThread "C2 CompilerThread1" daemon [_thread_blocked, id=25852, stack(0x000000aaf3f00000,0x000000aaf4000000)]
  0x000001ac145abdc0 JavaThread "C2 CompilerThread2" daemon [_thread_blocked, id=18800, stack(0x000000aaf4100000,0x000000aaf4200000)]
  0x000001ac145ac310 JavaThread "C1 CompilerThread1" daemon [_thread_blocked, id=33848, stack(0x000000aaf5300000,0x000000aaf5400000)]
  0x000001ac0c39c3f0 JavaThread "TimedExecutor-8117" daemon [_thread_blocked, id=29720, stack(0x000000aaf5500000,0x000000aaf5600000)]
=>0x000001ac0c39c900 JavaThread "TimedExecutor-8118" daemon [_thread_in_vm, id=30044, stack(0x000000aaf5600000,0x000000aaf5700000)]

Other Threads:
  0x000001abc6c6c4c0 VMThread "VM Thread" [stack: 0x000000aaf4800000,0x000000aaf4900000] [id=31236]
  0x000001aba3431c50 WatcherThread [stack: 0x000000aaf5900000,0x000000aaf5a00000] [id=27508]
  0x000001aba349bf30 GCTaskThread "GC Thread#0" [stack: 0x000000aaf4300000,0x000000aaf4400000] [id=17140]
  0x000001ac0c84d540 GCTaskThread "GC Thread#1" [stack: 0x000000aaf5f00000,0x000000aaf6000000] [id=28540]
  0x000001ac0c5eb270 GCTaskThread "GC Thread#2" [stack: 0x000000aaf6000000,0x000000aaf6100000] [id=27792]
  0x000001ac0c4b3760 GCTaskThread "GC Thread#3" [stack: 0x000000aaf6100000,0x000000aaf6200000] [id=16996]
  0x000001ac0c727910 GCTaskThread "GC Thread#4" [stack: 0x000000aaf6200000,0x000000aaf6300000] [id=13248]
  0x000001ac0caf81e0 GCTaskThread "GC Thread#5" [stack: 0x000000aaf6300000,0x000000aaf6400000] [id=28676]
  0x000001ac0caf79a0 GCTaskThread "GC Thread#6" [stack: 0x000000aaf5c00000,0x000000aaf5d00000] [id=5456]
  0x000001ac0caf84a0 GCTaskThread "GC Thread#7" [stack: 0x000000aaf5d00000,0x000000aaf5e00000] [id=24464]
  0x000001ac0caf6be0 GCTaskThread "GC Thread#8" [stack: 0x000000aaf5e00000,0x000000aaf5f00000] [id=2368]
  0x000001ac0caf7f20 GCTaskThread "GC Thread#9" [stack: 0x000000aaf6f00000,0x000000aaf7000000] [id=31896]
  0x000001ac0caf76e0 GCTaskThread "GC Thread#10" [stack: 0x000000aaf7000000,0x000000aaf7100000] [id=20320]
  0x000001ac0caf7420 GCTaskThread "GC Thread#11" [stack: 0x000000aaf7100000,0x000000aaf7200000] [id=33304]
  0x000001ac0caf7c60 GCTaskThread "GC Thread#12" [stack: 0x000000aaf7200000,0x000000aaf7300000] [id=33176]
  0x000001ac0caf8760 GCTaskThread "GC Thread#13" [stack: 0x000000aaf5b00000,0x000000aaf5c00000] [id=25044]
  0x000001ac0d6ee610 GCTaskThread "GC Thread#14" [stack: 0x000000aaf7b00000,0x000000aaf7c00000] [id=21304]
  0x000001aba34ac8a0 ConcurrentGCThread "G1 Main Marker" [stack: 0x000000aaf4400000,0x000000aaf4500000] [id=16632]
  0x000001aba34ad1c0 ConcurrentGCThread "G1 Conc#0" [stack: 0x000000aaf4500000,0x000000aaf4600000] [id=21120]
  0x000001ac0d6ef3d0 ConcurrentGCThread "G1 Conc#1" [stack: 0x000000aaf7c00000,0x000000aaf7d00000] [id=33616]
  0x000001ac0d6f0710 ConcurrentGCThread "G1 Conc#2" [stack: 0x000000aaf7d00000,0x000000aaf7e00000] [id=6840]
  0x000001ac0d6efc10 ConcurrentGCThread "G1 Conc#3" [stack: 0x000000aaf7e00000,0x000000aaf7f00000] [id=11392]
  0x000001abc6b264d0 ConcurrentGCThread "G1 Refine#0" [stack: 0x000000aaf4600000,0x000000aaf4700000] [id=22892]
  0x000001ac0c892eb0 ConcurrentGCThread "G1 Refine#1" [stack: 0x000000aaf6400000,0x000000aaf6500000] [id=24628]
  0x000001ac0ceba660 ConcurrentGCThread "G1 Refine#2" [stack: 0x000000aaf6500000,0x000000aaf6600000] [id=34568]
  0x000001ac0ca447d0 ConcurrentGCThread "G1 Refine#3" [stack: 0x000000aaf6600000,0x000000aaf6700000] [id=33352]
  0x000001ac0cbaec60 ConcurrentGCThread "G1 Refine#4" [stack: 0x000000aaf6700000,0x000000aaf6800000] [id=28696]
  0x000001ac0caae870 ConcurrentGCThread "G1 Refine#5" [stack: 0x000000aaf6800000,0x000000aaf6900000] [id=32704]
  0x000001ac0caf64f0 ConcurrentGCThread "G1 Refine#6" [stack: 0x000000aaf6900000,0x000000aaf6a00000] [id=34648]
  0x000001ac0caf67e0 ConcurrentGCThread "G1 Refine#7" [stack: 0x000000aaf6a00000,0x000000aaf6b00000] [id=26368]
  0x000001ac0d3301e0 ConcurrentGCThread "G1 Refine#8" [stack: 0x000000aaf6b00000,0x000000aaf6c00000] [id=29980]
  0x000001ac0ccf5c90 ConcurrentGCThread "G1 Refine#9" [stack: 0x000000aaf6c00000,0x000000aaf6d00000] [id=31952]
  0x000001ac0d087740 ConcurrentGCThread "G1 Refine#10" [stack: 0x000000aaf6d00000,0x000000aaf6e00000] [id=14948]
  0x000001ac0d32ee90 ConcurrentGCThread "G1 Refine#11" [stack: 0x000000aaf7300000,0x000000aaf7400000] [id=13240]
  0x000001ac15c509a0 ConcurrentGCThread "G1 Refine#12" [stack: 0x000000aaf8500000,0x000000aaf8600000] [id=30088]
  0x000001ac15c503c0 ConcurrentGCThread "G1 Refine#13" [stack: 0x000000aafa300000,0x000000aafa400000] [id=23024]
  0x000001ac1443b090 ConcurrentGCThread "G1 Refine#14" [stack: 0x000000aafa400000,0x000000aafa500000] [id=22588]
  0x000001abc6b26e10 ConcurrentGCThread "G1 Service" [stack: 0x000000aaf4700000,0x000000aaf4800000] [id=28128]

Threads with active compile tasks:

VM state: not at safepoint (normal execution)

VM Mutex/Monitor currently owned by a thread: None

Heap address: 0x0000000704e00000, size: 4018 MB, Compressed Oops mode: Zero based, Oop shift amount: 3

CDS archive(s) mapped at: [0x000001abc7000000-0x000001abc7bd0000-0x000001abc7bd0000), size 12386304, SharedBaseAddress: 0x000001abc7000000, ArchiveRelocationMode: 1.
Compressed class space mapped at: 0x000001abc8000000-0x000001ac08000000, reserved size: 1073741824
Narrow klass base: 0x000001abc7000000, Narrow klass shift: 0, Narrow klass range: 0x100000000

GC Precious Log:
 CPUs: 20 total, 20 available
 Memory: 16068M
 Large Page Support: Disabled
 NUMA Support: Disabled
 Compressed Oops: Enabled (Zero based)
 Heap Region Size: 2M
 Heap Min Capacity: 8M
 Heap Initial Capacity: 252M
 Heap Max Capacity: 4018M
 Pre-touch: Disabled
 Parallel Workers: 15
 Concurrent Workers: 4
 Concurrent Refinement Workers: 15
 Periodic GC: Disabled

Heap:
 garbage-first heap   total 1859584K, used 1132471K [0x0000000704e00000, 0x0000000800000000)
  region size 2048K, 332 young (679936K), 9 survivors (18432K)
 Metaspace       used 96986K, committed 97920K, reserved 1179648K
  class space    used 10963K, committed 11456K, reserved 1048576K

Heap Regions: E=young(eden), S=young(survivor), O=old, HS=humongous(starts), HC=humongous(continues), CS=collection set, F=free, OA=open archive, CA=closed archive, TAMS=top-at-mark-start (previous, next)
|   0|0x0000000704e00000, 0x0000000705000000, 0x0000000705000000|100%|HS|  |TAMS 0x0000000705000000, 0x0000000704e00000| Complete 
|   1|0x0000000705000000, 0x0000000705200000, 0x0000000705200000|100%|HC|  |TAMS 0x0000000705200000, 0x0000000705000000| Complete 
|   2|0x0000000705200000, 0x0000000705400000, 0x0000000705400000|100%|HC|  |TAMS 0x0000000705400000, 0x0000000705200000| Complete 
|   3|0x0000000705400000, 0x0000000705600000, 0x0000000705600000|100%| O|  |TAMS 0x0000000705600000, 0x0000000705400000| Untracked 
|   4|0x0000000705600000, 0x0000000705800000, 0x0000000705800000|100%| O|  |TAMS 0x0000000705800000, 0x0000000705600000| Untracked 
|   5|0x0000000705800000, 0x0000000705a00000, 0x0000000705a00000|100%| O|  |TAMS 0x0000000705a00000, 0x0000000705800000| Untracked 
|   6|0x0000000705a00000, 0x0000000705c00000, 0x0000000705c00000|100%| O|  |TAMS 0x0000000705c00000, 0x0000000705a00000| Untracked 
|   7|0x0000000705c00000, 0x0000000705e00000, 0x0000000705e00000|100%| O|  |TAMS 0x0000000705e00000, 0x0000000705c00000| Untracked 
|   8|0x0000000705e00000, 0x0000000706000000, 0x0000000706000000|100%| O|  |TAMS 0x0000000706000000, 0x0000000705e00000| Untracked 
|   9|0x0000000706000000, 0x0000000706200000, 0x0000000706200000|100%| O|  |TAMS 0x0000000706200000, 0x0000000706000000| Untracked 
|  10|0x0000000706200000, 0x0000000706400000, 0x0000000706400000|100%| O|  |TAMS 0x0000000706400000, 0x0000000706200000| Untracked 
|  11|0x0000000706400000, 0x0000000706600000, 0x0000000706600000|100%| O|  |TAMS 0x0000000706600000, 0x0000000706400000| Untracked 
|  12|0x0000000706600000, 0x0000000706800000, 0x0000000706800000|100%| O|  |TAMS 0x0000000706800000, 0x0000000706600000| Untracked 
|  13|0x0000000706800000, 0x0000000706a00000, 0x0000000706a00000|100%| O|  |TAMS 0x0000000706a00000, 0x0000000706800000| Untracked 
|  14|0x0000000706a00000, 0x0000000706c00000, 0x0000000706c00000|100%| O|  |TAMS 0x0000000706c00000, 0x0000000706a00000| Untracked 
|  15|0x0000000706c00000, 0x0000000706e00000, 0x0000000706e00000|100%| O|  |TAMS 0x0000000706e00000, 0x0000000706c00000| Untracked 
|  16|0x0000000706e00000, 0x0000000707000000, 0x0000000707000000|100%| O|  |TAMS 0x0000000707000000, 0x0000000706e00000| Untracked 
|  17|0x0000000707000000, 0x0000000707200000, 0x0000000707200000|100%| O|  |TAMS 0x0000000707200000, 0x0000000707000000| Untracked 
|  18|0x0000000707200000, 0x0000000707400000, 0x0000000707400000|100%| O|  |TAMS 0x0000000707400000, 0x0000000707200000| Untracked 
|  19|0x0000000707400000, 0x0000000707600000, 0x0000000707600000|100%| O|  |TAMS 0x0000000707600000, 0x0000000707400000| Untracked 
|  20|0x0000000707600000, 0x0000000707800000, 0x0000000707800000|100%| O|  |TAMS 0x0000000707800000, 0x0000000707600000| Untracked 
|  21|0x0000000707800000, 0x0000000707a00000, 0x0000000707a00000|100%| O|  |TAMS 0x0000000707a00000, 0x0000000707800000| Untracked 
|  22|0x0000000707a00000, 0x0000000707c00000, 0x0000000707c00000|100%| O|  |TAMS 0x0000000707c00000, 0x0000000707a00000| Untracked 
|  23|0x0000000707c00000, 0x0000000707e00000, 0x0000000707e00000|100%| O|  |TAMS 0x0000000707e00000, 0x0000000707c00000| Untracked 
|  24|0x0000000707e00000, 0x0000000708000000, 0x0000000708000000|100%| O|  |TAMS 0x0000000708000000, 0x0000000707e00000| Untracked 
|  25|0x0000000708000000, 0x0000000708200000, 0x0000000708200000|100%| O|  |TAMS 0x0000000708200000, 0x0000000708000000| Untracked 
|  26|0x0000000708200000, 0x0000000708400000, 0x0000000708400000|100%| O|  |TAMS 0x0000000708400000, 0x0000000708200000| Untracked 
|  27|0x0000000708400000, 0x0000000708600000, 0x0000000708600000|100%| O|  |TAMS 0x0000000708600000, 0x0000000708400000| Untracked 
|  28|0x0000000708600000, 0x0000000708800000, 0x0000000708800000|100%| O|  |TAMS 0x0000000708800000, 0x0000000708600000| Untracked 
|  29|0x0000000708800000, 0x0000000708a00000, 0x0000000708a00000|100%| O|  |TAMS 0x0000000708a00000, 0x0000000708800000| Untracked 
|  30|0x0000000708a00000, 0x0000000708b09600, 0x0000000708c00000| 51%| O|  |TAMS 0x0000000708b09600, 0x0000000708a00000| Untracked 
|  31|0x0000000708c00000, 0x0000000708e00000, 0x0000000708e00000|100%| O|  |TAMS 0x0000000708e00000, 0x0000000708c00000| Untracked 
|  32|0x0000000708e00000, 0x0000000709000000, 0x0000000709000000|100%| O|  |TAMS 0x0000000709000000, 0x0000000708e00000| Untracked 
|  33|0x0000000709000000, 0x0000000709200000, 0x0000000709200000|100%| O|  |TAMS 0x0000000709200000, 0x0000000709000000| Untracked 
|  34|0x0000000709200000, 0x0000000709400000, 0x0000000709400000|100%| O|  |TAMS 0x0000000709400000, 0x0000000709200000| Untracked 
|  35|0x0000000709400000, 0x0000000709600000, 0x0000000709600000|100%| O|  |TAMS 0x0000000709600000, 0x0000000709400000| Untracked 
|  36|0x0000000709600000, 0x0000000709800000, 0x0000000709800000|100%| O|  |TAMS 0x0000000709800000, 0x0000000709600000| Untracked 
|  37|0x0000000709800000, 0x0000000709a00000, 0x0000000709a00000|100%| O|  |TAMS 0x0000000709a00000, 0x0000000709800000| Untracked 
|  38|0x0000000709a00000, 0x0000000709c00000, 0x0000000709c00000|100%| O|  |TAMS 0x0000000709c00000, 0x0000000709a00000| Untracked 
|  39|0x0000000709c00000, 0x0000000709e00000, 0x0000000709e00000|100%| O|  |TAMS 0x0000000709e00000, 0x0000000709c00000| Untracked 
|  40|0x0000000709e00000, 0x000000070a000000, 0x000000070a000000|100%| O|  |TAMS 0x000000070a000000, 0x0000000709e00000| Untracked 
|  41|0x000000070a000000, 0x000000070a200000, 0x000000070a200000|100%| O|  |TAMS 0x000000070a200000, 0x000000070a000000| Untracked 
|  42|0x000000070a200000, 0x000000070a400000, 0x000000070a400000|100%| O|  |TAMS 0x000000070a400000, 0x000000070a200000| Untracked 
|  43|0x000000070a400000, 0x000000070a600000, 0x000000070a600000|100%| O|  |TAMS 0x000000070a600000, 0x000000070a400000| Untracked 
|  44|0x000000070a600000, 0x000000070a800000, 0x000000070a800000|100%| O|  |TAMS 0x000000070a800000, 0x000000070a600000| Untracked 
|  45|0x000000070a800000, 0x000000070aa00000, 0x000000070aa00000|100%| O|  |TAMS 0x000000070aa00000, 0x000000070a800000| Untracked 
|  46|0x000000070aa00000, 0x000000070ac00000, 0x000000070ac00000|100%| O|  |TAMS 0x000000070ac00000, 0x000000070aa00000| Untracked 
|  47|0x000000070ac00000, 0x000000070ae00000, 0x000000070ae00000|100%| O|  |TAMS 0x000000070ae00000, 0x000000070ac00000| Untracked 
|  48|0x000000070ae00000, 0x000000070b000000, 0x000000070b000000|100%| O|  |TAMS 0x000000070b000000, 0x000000070ae00000| Untracked 
|  49|0x000000070b000000, 0x000000070b200000, 0x000000070b200000|100%| O|  |TAMS 0x000000070b200000, 0x000000070b000000| Untracked 
|  50|0x000000070b200000, 0x000000070b400000, 0x000000070b400000|100%| O|  |TAMS 0x000000070b400000, 0x000000070b200000| Untracked 
|  51|0x000000070b400000, 0x000000070b600000, 0x000000070b600000|100%| O|  |TAMS 0x000000070b600000, 0x000000070b400000| Untracked 
|  52|0x000000070b600000, 0x000000070b800000, 0x000000070b800000|100%| O|  |TAMS 0x000000070b800000, 0x000000070b600000| Untracked 
|  53|0x000000070b800000, 0x000000070ba00000, 0x000000070ba00000|100%| O|  |TAMS 0x000000070ba00000, 0x000000070b800000| Untracked 
|  54|0x000000070ba00000, 0x000000070bc00000, 0x000000070bc00000|100%| O|  |TAMS 0x000000070bc00000, 0x000000070ba00000| Untracked 
|  55|0x000000070bc00000, 0x000000070be00000, 0x000000070be00000|100%| O|  |TAMS 0x000000070bc00000, 0x000000070bc00000| Untracked 
|  56|0x000000070be00000, 0x000000070c000000, 0x000000070c000000|100%| O|  |TAMS 0x000000070c000000, 0x000000070be00000| Untracked 
|  57|0x000000070c000000, 0x000000070c200000, 0x000000070c200000|100%| O|  |TAMS 0x000000070c200000, 0x000000070c000000| Untracked 
|  58|0x000000070c200000, 0x000000070c400000, 0x000000070c400000|100%| O|  |TAMS 0x000000070c400000, 0x000000070c200000| Untracked 
|  59|0x000000070c400000, 0x000000070c600000, 0x000000070c600000|100%| O|  |TAMS 0x000000070c600000, 0x000000070c400000| Untracked 
|  60|0x000000070c600000, 0x000000070c800000, 0x000000070c800000|100%| O|  |TAMS 0x000000070c800000, 0x000000070c600000| Untracked 
|  61|0x000000070c800000, 0x000000070ca00000, 0x000000070ca00000|100%| O|  |TAMS 0x000000070ca00000, 0x000000070c800000| Untracked 
|  62|0x000000070ca00000, 0x000000070cc00000, 0x000000070cc00000|100%| O|  |TAMS 0x000000070cc00000, 0x000000070ca00000| Untracked 
|  63|0x000000070cc00000, 0x000000070ce00000, 0x000000070ce00000|100%| O|  |TAMS 0x000000070ce00000, 0x000000070cc00000| Untracked 
|  64|0x000000070ce00000, 0x000000070d000000, 0x000000070d000000|100%| O|  |TAMS 0x000000070d000000, 0x000000070ce00000| Untracked 
|  65|0x000000070d000000, 0x000000070d200000, 0x000000070d200000|100%| O|  |TAMS 0x000000070d200000, 0x000000070d000000| Untracked 
|  66|0x000000070d200000, 0x000000070d400000, 0x000000070d400000|100%| O|  |TAMS 0x000000070d400000, 0x000000070d200000| Untracked 
|  67|0x000000070d400000, 0x000000070d600000, 0x000000070d600000|100%| O|  |TAMS 0x000000070d600000, 0x000000070d400000| Untracked 
|  68|0x000000070d600000, 0x000000070d800000, 0x000000070d800000|100%| O|  |TAMS 0x000000070d800000, 0x000000070d600000| Untracked 
|  69|0x000000070d800000, 0x000000070da00000, 0x000000070da00000|100%| O|  |TAMS 0x000000070da00000, 0x000000070d800000| Untracked 
|  70|0x000000070da00000, 0x000000070dc00000, 0x000000070dc00000|100%| O|  |TAMS 0x000000070dc00000, 0x000000070da00000| Untracked 
|  71|0x000000070dc00000, 0x000000070de00000, 0x000000070de00000|100%| O|  |TAMS 0x000000070de00000, 0x000000070dc00000| Untracked 
|  72|0x000000070de00000, 0x000000070e000000, 0x000000070e000000|100%| O|  |TAMS 0x000000070e000000, 0x000000070de00000| Untracked 
|  73|0x000000070e000000, 0x000000070e200000, 0x000000070e200000|100%| O|  |TAMS 0x000000070e200000, 0x000000070e000000| Untracked 
|  74|0x000000070e200000, 0x000000070e400000, 0x000000070e400000|100%| O|  |TAMS 0x000000070e400000, 0x000000070e200000| Untracked 
|  75|0x000000070e400000, 0x000000070e600000, 0x000000070e600000|100%| O|  |TAMS 0x000000070e600000, 0x000000070e400000| Untracked 
|  76|0x000000070e600000, 0x000000070e800000, 0x000000070e800000|100%| O|  |TAMS 0x000000070e800000, 0x000000070e600000| Untracked 
|  77|0x000000070e800000, 0x000000070ea00000, 0x000000070ea00000|100%| O|  |TAMS 0x000000070ea00000, 0x000000070e800000| Untracked 
|  78|0x000000070ea00000, 0x000000070ec00000, 0x000000070ec00000|100%| O|  |TAMS 0x000000070ec00000, 0x000000070ea00000| Untracked 
|  79|0x000000070ec00000, 0x000000070ee00000, 0x000000070ee00000|100%| O|  |TAMS 0x000000070ee00000, 0x000000070ec00000| Untracked 
|  80|0x000000070ee00000, 0x000000070f000000, 0x000000070f000000|100%| O|  |TAMS 0x000000070f000000, 0x000000070ee00000| Untracked 
|  81|0x000000070f000000, 0x000000070f200000, 0x000000070f200000|100%| O|  |TAMS 0x000000070f200000, 0x000000070f000000| Untracked 
|  82|0x000000070f200000, 0x000000070f400000, 0x000000070f400000|100%| O|  |TAMS 0x000000070f400000, 0x000000070f200000| Untracked 
|  83|0x000000070f400000, 0x000000070f600000, 0x000000070f600000|100%| O|  |TAMS 0x000000070f600000, 0x000000070f400000| Untracked 
|  84|0x000000070f600000, 0x000000070f800000, 0x000000070f800000|100%| O|  |TAMS 0x000000070f600000, 0x000000070f600000| Untracked 
|  85|0x000000070f800000, 0x000000070fa00000, 0x000000070fa00000|100%| O|  |TAMS 0x000000070fa00000, 0x000000070f800000| Untracked 
|  86|0x000000070fa00000, 0x000000070fc00000, 0x000000070fc00000|100%|HS|  |TAMS 0x000000070fc00000, 0x000000070fa00000| Complete 
|  87|0x000000070fc00000, 0x000000070fe00000, 0x000000070fe00000|100%| O|  |TAMS 0x000000070fe00000, 0x000000070fc00000| Untracked 
|  88|0x000000070fe00000, 0x0000000710000000, 0x0000000710000000|100%| O|  |TAMS 0x0000000710000000, 0x000000070fe00000| Untracked 
|  89|0x0000000710000000, 0x0000000710200000, 0x0000000710200000|100%| O|  |TAMS 0x0000000710200000, 0x0000000710000000| Untracked 
|  90|0x0000000710200000, 0x0000000710400000, 0x0000000710400000|100%| O|  |TAMS 0x0000000710400000, 0x0000000710200000| Untracked 
|  91|0x0000000710400000, 0x0000000710600000, 0x0000000710600000|100%| O|  |TAMS 0x0000000710600000, 0x0000000710400000| Untracked 
|  92|0x0000000710600000, 0x0000000710800000, 0x0000000710800000|100%| O|  |TAMS 0x0000000710800000, 0x0000000710600000| Untracked 
|  93|0x0000000710800000, 0x0000000710a00000, 0x0000000710a00000|100%| O|  |TAMS 0x0000000710a00000, 0x0000000710800000| Untracked 
|  94|0x0000000710a00000, 0x0000000710c00000, 0x0000000710c00000|100%| O|  |TAMS 0x0000000710a00000, 0x0000000710a00000| Untracked 
|  95|0x0000000710c00000, 0x0000000710e00000, 0x0000000710e00000|100%| O|  |TAMS 0x0000000710e00000, 0x0000000710c00000| Untracked 
|  96|0x0000000710e00000, 0x0000000711000000, 0x0000000711000000|100%| O|  |TAMS 0x0000000710e00000, 0x0000000710e00000| Untracked 
|  97|0x0000000711000000, 0x0000000711200000, 0x0000000711200000|100%| O|  |TAMS 0x0000000711000000, 0x0000000711000000| Untracked 
|  98|0x0000000711200000, 0x0000000711400000, 0x0000000711400000|100%| O|  |TAMS 0x0000000711400000, 0x0000000711200000| Untracked 
|  99|0x0000000711400000, 0x0000000711600000, 0x0000000711600000|100%| O|  |TAMS 0x0000000711600000, 0x0000000711400000| Untracked 
| 100|0x0000000711600000, 0x0000000711800000, 0x0000000711800000|100%| O|  |TAMS 0x0000000711800000, 0x0000000711600000| Untracked 
| 101|0x0000000711800000, 0x0000000711a00000, 0x0000000711a00000|100%| O|  |TAMS 0x0000000711a00000, 0x0000000711800000| Untracked 
| 102|0x0000000711a00000, 0x0000000711c00000, 0x0000000711c00000|100%| O|  |TAMS 0x0000000711c00000, 0x0000000711a00000| Untracked 
| 103|0x0000000711c00000, 0x0000000711e00000, 0x0000000711e00000|100%| O|  |TAMS 0x0000000711e00000, 0x0000000711c00000| Untracked 
| 104|0x0000000711e00000, 0x0000000712000000, 0x0000000712000000|100%| O|  |TAMS 0x0000000711e00000, 0x0000000711e00000| Untracked 
| 105|0x0000000712000000, 0x0000000712200000, 0x0000000712200000|100%| O|  |TAMS 0x0000000712200000, 0x0000000712000000| Untracked 
| 106|0x0000000712200000, 0x0000000712400000, 0x0000000712400000|100%| O|  |TAMS 0x0000000712400000, 0x0000000712200000| Untracked 
| 107|0x0000000712400000, 0x0000000712600000, 0x0000000712600000|100%| O|  |TAMS 0x0000000712600000, 0x0000000712400000| Untracked 
| 108|0x0000000712600000, 0x0000000712800000, 0x0000000712800000|100%| O|  |TAMS 0x0000000712800000, 0x0000000712600000| Untracked 
| 109|0x0000000712800000, 0x0000000712a00000, 0x0000000712a00000|100%| O|  |TAMS 0x0000000712a00000, 0x0000000712800000| Untracked 
| 110|0x0000000712a00000, 0x0000000712c00000, 0x0000000712c00000|100%| O|  |TAMS 0x0000000712c00000, 0x0000000712a00000| Untracked 
| 111|0x0000000712c00000, 0x0000000712e00000, 0x0000000712e00000|100%| O|  |TAMS 0x0000000712e00000, 0x0000000712c00000| Untracked 
| 112|0x0000000712e00000, 0x0000000713000000, 0x0000000713000000|100%| O|  |TAMS 0x0000000713000000, 0x0000000712e00000| Untracked 
| 113|0x0000000713000000, 0x0000000713200000, 0x0000000713200000|100%| O|  |TAMS 0x0000000713200000, 0x0000000713000000| Untracked 
| 114|0x0000000713200000, 0x0000000713400000, 0x0000000713400000|100%| O|  |TAMS 0x0000000713400000, 0x0000000713200000| Untracked 
| 115|0x0000000713400000, 0x0000000713600000, 0x0000000713600000|100%| O|  |TAMS 0x0000000713600000, 0x0000000713400000| Untracked 
| 116|0x0000000713600000, 0x0000000713800000, 0x0000000713800000|100%| O|  |TAMS 0x0000000713800000, 0x0000000713600000| Untracked 
| 117|0x0000000713800000, 0x0000000713a00000, 0x0000000713a00000|100%| O|  |TAMS 0x0000000713a00000, 0x0000000713800000| Untracked 
| 118|0x0000000713a00000, 0x0000000713c00000, 0x0000000713c00000|100%| O|  |TAMS 0x0000000713c00000, 0x0000000713a00000| Untracked 
| 119|0x0000000713c00000, 0x0000000713e00000, 0x0000000713e00000|100%| O|  |TAMS 0x0000000713e00000, 0x0000000713c00000| Untracked 
| 120|0x0000000713e00000, 0x0000000714000000, 0x0000000714000000|100%| O|  |TAMS 0x0000000714000000, 0x0000000713e00000| Untracked 
| 121|0x0000000714000000, 0x0000000714200000, 0x0000000714200000|100%| O|  |TAMS 0x0000000714200000, 0x0000000714000000| Untracked 
| 122|0x0000000714200000, 0x0000000714400000, 0x0000000714400000|100%| O|  |TAMS 0x0000000714400000, 0x0000000714200000| Untracked 
| 123|0x0000000714400000, 0x0000000714600000, 0x0000000714600000|100%| O|  |TAMS 0x0000000714600000, 0x0000000714400000| Untracked 
| 124|0x0000000714600000, 0x0000000714800000, 0x0000000714800000|100%| O|  |TAMS 0x0000000714800000, 0x0000000714600000| Untracked 
| 125|0x0000000714800000, 0x0000000714a00000, 0x0000000714a00000|100%| O|  |TAMS 0x0000000714a00000, 0x0000000714800000| Untracked 
| 126|0x0000000714a00000, 0x0000000714c00000, 0x0000000714c00000|100%| O|  |TAMS 0x0000000714c00000, 0x0000000714a00000| Untracked 
| 127|0x0000000714c00000, 0x0000000714e00000, 0x0000000714e00000|100%| O|  |TAMS 0x0000000714e00000, 0x0000000714c00000| Untracked 
| 128|0x0000000714e00000, 0x0000000715000000, 0x0000000715000000|100%| O|  |TAMS 0x0000000715000000, 0x0000000714e00000| Untracked 
| 129|0x0000000715000000, 0x0000000715200000, 0x0000000715200000|100%| O|  |TAMS 0x0000000715200000, 0x0000000715000000| Untracked 
| 130|0x0000000715200000, 0x0000000715400000, 0x0000000715400000|100%| O|  |TAMS 0x0000000715400000, 0x0000000715200000| Untracked 
| 131|0x0000000715400000, 0x0000000715600000, 0x0000000715600000|100%| O|  |TAMS 0x0000000715600000, 0x0000000715400000| Untracked 
| 132|0x0000000715600000, 0x0000000715800000, 0x0000000715800000|100%| O|  |TAMS 0x0000000715800000, 0x0000000715600000| Untracked 
| 133|0x0000000715800000, 0x0000000715a00000, 0x0000000715a00000|100%| O|  |TAMS 0x0000000715800000, 0x0000000715800000| Untracked 
| 134|0x0000000715a00000, 0x0000000715c00000, 0x0000000715c00000|100%| O|  |TAMS 0x0000000715c00000, 0x0000000715a00000| Untracked 
| 135|0x0000000715c00000, 0x0000000715e00000, 0x0000000715e00000|100%| O|  |TAMS 0x0000000715e00000, 0x0000000715c00000| Untracked 
| 136|0x0000000715e00000, 0x0000000716000000, 0x0000000716000000|100%| O|  |TAMS 0x0000000716000000, 0x0000000715e00000| Untracked 
| 137|0x0000000716000000, 0x0000000716200000, 0x0000000716200000|100%| O|  |TAMS 0x0000000716200000, 0x0000000716000000| Untracked 
| 138|0x0000000716200000, 0x0000000716400000, 0x0000000716400000|100%| O|  |TAMS 0x0000000716200000, 0x0000000716200000| Untracked 
| 139|0x0000000716400000, 0x0000000716600000, 0x0000000716600000|100%| O|  |TAMS 0x0000000716400000, 0x0000000716400000| Untracked 
| 140|0x0000000716600000, 0x0000000716800000, 0x0000000716800000|100%| O|  |TAMS 0x0000000716600000, 0x0000000716600000| Untracked 
| 141|0x0000000716800000, 0x0000000716a00000, 0x0000000716a00000|100%| O|  |TAMS 0x0000000716800000, 0x0000000716800000| Untracked 
| 142|0x0000000716a00000, 0x0000000716c00000, 0x0000000716c00000|100%| O|  |TAMS 0x0000000716a00000, 0x0000000716a00000| Untracked 
| 143|0x0000000716c00000, 0x0000000716e00000, 0x0000000716e00000|100%| O|  |TAMS 0x0000000716c00000, 0x0000000716c00000| Untracked 
| 144|0x0000000716e00000, 0x0000000717000000, 0x0000000717000000|100%| O|  |TAMS 0x0000000716e00000, 0x0000000716e00000| Untracked 
| 145|0x0000000717000000, 0x0000000717200000, 0x0000000717200000|100%| O|  |TAMS 0x0000000717000000, 0x0000000717000000| Untracked 
| 146|0x0000000717200000, 0x0000000717400000, 0x0000000717400000|100%| O|  |TAMS 0x0000000717400000, 0x0000000717200000| Untracked 
| 147|0x0000000717400000, 0x0000000717600000, 0x0000000717600000|100%| O|  |TAMS 0x0000000717600000, 0x0000000717400000| Untracked 
| 148|0x0000000717600000, 0x0000000717800000, 0x0000000717800000|100%| O|  |TAMS 0x0000000717800000, 0x0000000717600000| Untracked 
| 149|0x0000000717800000, 0x0000000717a00000, 0x0000000717a00000|100%| O|  |TAMS 0x0000000717a00000, 0x0000000717800000| Untracked 
| 150|0x0000000717a00000, 0x0000000717c00000, 0x0000000717c00000|100%| O|  |TAMS 0x0000000717c00000, 0x0000000717a00000| Untracked 
| 151|0x0000000717c00000, 0x0000000717e00000, 0x0000000717e00000|100%| O|  |TAMS 0x0000000717e00000, 0x0000000717c00000| Untracked 
| 152|0x0000000717e00000, 0x0000000718000000, 0x0000000718000000|100%| O|  |TAMS 0x0000000718000000, 0x0000000717e00000| Untracked 
| 153|0x0000000718000000, 0x0000000718200000, 0x0000000718200000|100%| O|  |TAMS 0x0000000718200000, 0x0000000718000000| Untracked 
| 154|0x0000000718200000, 0x0000000718400000, 0x0000000718400000|100%| O|  |TAMS 0x0000000718400000, 0x0000000718200000| Untracked 
| 155|0x0000000718400000, 0x0000000718600000, 0x0000000718600000|100%| O|  |TAMS 0x0000000718600000, 0x0000000718400000| Untracked 
| 156|0x0000000718600000, 0x0000000718800000, 0x0000000718800000|100%| O|  |TAMS 0x0000000718800000, 0x0000000718600000| Untracked 
| 157|0x0000000718800000, 0x0000000718a00000, 0x0000000718a00000|100%| O|  |TAMS 0x0000000718a00000, 0x0000000718800000| Untracked 
| 158|0x0000000718a00000, 0x0000000718c00000, 0x0000000718c00000|100%| O|  |TAMS 0x0000000718c00000, 0x0000000718a00000| Untracked 
| 159|0x0000000718c00000, 0x0000000718e00000, 0x0000000718e00000|100%| O|  |TAMS 0x0000000718e00000, 0x0000000718c00000| Untracked 
| 160|0x0000000718e00000, 0x0000000719000000, 0x0000000719000000|100%| O|  |TAMS 0x0000000719000000, 0x0000000718e00000| Untracked 
| 161|0x0000000719000000, 0x0000000719200000, 0x0000000719200000|100%| O|  |TAMS 0x0000000719200000, 0x0000000719000000| Untracked 
| 162|0x0000000719200000, 0x0000000719400000, 0x0000000719400000|100%| O|  |TAMS 0x0000000719400000, 0x0000000719200000| Untracked 
| 163|0x0000000719400000, 0x0000000719600000, 0x0000000719600000|100%| O|  |TAMS 0x0000000719600000, 0x0000000719400000| Untracked 
| 164|0x0000000719600000, 0x0000000719800000, 0x0000000719800000|100%| O|  |TAMS 0x0000000719800000, 0x0000000719600000| Untracked 
| 165|0x0000000719800000, 0x0000000719a00000, 0x0000000719a00000|100%| O|  |TAMS 0x0000000719846400, 0x0000000719800000| Untracked 
| 166|0x0000000719a00000, 0x0000000719c00000, 0x0000000719c00000|100%| O|  |TAMS 0x0000000719a00000, 0x0000000719a00000| Untracked 
| 167|0x0000000719c00000, 0x0000000719e00000, 0x0000000719e00000|100%| O|  |TAMS 0x0000000719c00000, 0x0000000719c00000| Untracked 
| 168|0x0000000719e00000, 0x000000071a000000, 0x000000071a000000|100%| O|  |TAMS 0x0000000719e00000, 0x0000000719e00000| Untracked 
| 169|0x000000071a000000, 0x000000071a200000, 0x000000071a200000|100%| O|  |TAMS 0x000000071a000000, 0x000000071a000000| Untracked 
| 170|0x000000071a200000, 0x000000071a400000, 0x000000071a400000|100%| O|  |TAMS 0x000000071a200000, 0x000000071a200000| Untracked 
| 171|0x000000071a400000, 0x000000071a600000, 0x000000071a600000|100%| O|  |TAMS 0x000000071a400000, 0x000000071a400000| Untracked 
| 172|0x000000071a600000, 0x000000071a800000, 0x000000071a800000|100%| O|  |TAMS 0x000000071a600000, 0x000000071a600000| Untracked 
| 173|0x000000071a800000, 0x000000071aa00000, 0x000000071aa00000|100%| O|  |TAMS 0x000000071a800000, 0x000000071a800000| Untracked 
| 174|0x000000071aa00000, 0x000000071ac00000, 0x000000071ac00000|100%| O|  |TAMS 0x000000071aa00000, 0x000000071aa00000| Untracked 
| 175|0x000000071ac00000, 0x000000071ae00000, 0x000000071ae00000|100%| O|  |TAMS 0x000000071ac00000, 0x000000071ac00000| Untracked 
| 176|0x000000071ae00000, 0x000000071b000000, 0x000000071b000000|100%| O|  |TAMS 0x000000071ae00000, 0x000000071ae00000| Untracked 
| 177|0x000000071b000000, 0x000000071b200000, 0x000000071b200000|100%| O|  |TAMS 0x000000071b000000, 0x000000071b000000| Untracked 
| 178|0x000000071b200000, 0x000000071b400000, 0x000000071b400000|100%| O|  |TAMS 0x000000071b200000, 0x000000071b200000| Untracked 
| 179|0x000000071b400000, 0x000000071b600000, 0x000000071b600000|100%| O|  |TAMS 0x000000071b400000, 0x000000071b400000| Untracked 
| 180|0x000000071b600000, 0x000000071b800000, 0x000000071b800000|100%| O|  |TAMS 0x000000071b600000, 0x000000071b600000| Untracked 
| 181|0x000000071b800000, 0x000000071ba00000, 0x000000071ba00000|100%| O|  |TAMS 0x000000071b800000, 0x000000071b800000| Untracked 
| 182|0x000000071ba00000, 0x000000071bc00000, 0x000000071bc00000|100%| O|  |TAMS 0x000000071ba00000, 0x000000071ba00000| Untracked 
| 183|0x000000071bc00000, 0x000000071be00000, 0x000000071be00000|100%| O|  |TAMS 0x000000071bc00000, 0x000000071bc00000| Untracked 
| 184|0x000000071be00000, 0x000000071c000000, 0x000000071c000000|100%| O|  |TAMS 0x000000071be00000, 0x000000071be00000| Untracked 
| 185|0x000000071c000000, 0x000000071c200000, 0x000000071c200000|100%| O|  |TAMS 0x000000071c000000, 0x000000071c000000| Untracked 
| 186|0x000000071c200000, 0x000000071c400000, 0x000000071c400000|100%| O|  |TAMS 0x000000071c200000, 0x000000071c200000| Untracked 
| 187|0x000000071c400000, 0x000000071c600000, 0x000000071c600000|100%| O|  |TAMS 0x000000071c400000, 0x000000071c400000| Untracked 
| 188|0x000000071c600000, 0x000000071c800000, 0x000000071c800000|100%| O|  |TAMS 0x000000071c600000, 0x000000071c600000| Untracked 
| 189|0x000000071c800000, 0x000000071ca00000, 0x000000071ca00000|100%| O|  |TAMS 0x000000071c800000, 0x000000071c800000| Untracked 
| 190|0x000000071ca00000, 0x000000071cc00000, 0x000000071cc00000|100%| O|  |TAMS 0x000000071ca00000, 0x000000071ca00000| Untracked 
| 191|0x000000071cc00000, 0x000000071ce00000, 0x000000071ce00000|100%| O|  |TAMS 0x000000071cc00000, 0x000000071cc00000| Untracked 
| 192|0x000000071ce00000, 0x000000071d000000, 0x000000071d000000|100%| O|  |TAMS 0x000000071ce00000, 0x000000071ce00000| Untracked 
| 193|0x000000071d000000, 0x000000071d200000, 0x000000071d200000|100%| O|  |TAMS 0x000000071d000000, 0x000000071d000000| Untracked 
| 194|0x000000071d200000, 0x000000071d400000, 0x000000071d400000|100%| O|  |TAMS 0x000000071d200000, 0x000000071d200000| Untracked 
| 195|0x000000071d400000, 0x000000071d600000, 0x000000071d600000|100%| O|  |TAMS 0x000000071d400000, 0x000000071d400000| Untracked 
| 196|0x000000071d600000, 0x000000071d800000, 0x000000071d800000|100%| O|  |TAMS 0x000000071d600000, 0x000000071d600000| Untracked 
| 197|0x000000071d800000, 0x000000071da00000, 0x000000071da00000|100%| O|  |TAMS 0x000000071d800000, 0x000000071d800000| Untracked 
| 198|0x000000071da00000, 0x000000071dc00000, 0x000000071dc00000|100%| O|  |TAMS 0x000000071da00000, 0x000000071da00000| Untracked 
| 199|0x000000071dc00000, 0x000000071de00000, 0x000000071de00000|100%| O|  |TAMS 0x000000071dc00000, 0x000000071dc00000| Untracked 
| 200|0x000000071de00000, 0x000000071e000000, 0x000000071e000000|100%| O|  |TAMS 0x000000071de00000, 0x000000071de00000| Untracked 
| 201|0x000000071e000000, 0x000000071e200000, 0x000000071e200000|100%| O|  |TAMS 0x000000071e000000, 0x000000071e000000| Untracked 
| 202|0x000000071e200000, 0x000000071e400000, 0x000000071e400000|100%| O|  |TAMS 0x000000071e200000, 0x000000071e200000| Untracked 
| 203|0x000000071e400000, 0x000000071e600000, 0x000000071e600000|100%| O|  |TAMS 0x000000071e400000, 0x000000071e400000| Untracked 
| 204|0x000000071e600000, 0x000000071e800000, 0x000000071e800000|100%| O|  |TAMS 0x000000071e600000, 0x000000071e600000| Untracked 
| 205|0x000000071e800000, 0x000000071ea00000, 0x000000071ea00000|100%| O|  |TAMS 0x000000071e800000, 0x000000071e800000| Untracked 
| 206|0x000000071ea00000, 0x000000071ec00000, 0x000000071ec00000|100%| O|  |TAMS 0x000000071ea00000, 0x000000071ea00000| Untracked 
| 207|0x000000071ec00000, 0x000000071ee00000, 0x000000071ee00000|100%| O|  |TAMS 0x000000071ec00000, 0x000000071ec00000| Untracked 
| 208|0x000000071ee00000, 0x000000071f000000, 0x000000071f000000|100%| O|  |TAMS 0x000000071ee00000, 0x000000071ee00000| Untracked 
| 209|0x000000071f000000, 0x000000071f200000, 0x000000071f200000|100%| O|  |TAMS 0x000000071f000000, 0x000000071f000000| Untracked 
| 210|0x000000071f200000, 0x000000071f400000, 0x000000071f400000|100%| O|  |TAMS 0x000000071f200000, 0x000000071f200000| Untracked 
| 211|0x000000071f400000, 0x000000071f600000, 0x000000071f600000|100%| O|  |TAMS 0x000000071f400000, 0x000000071f400000| Untracked 
| 212|0x000000071f600000, 0x000000071f800000, 0x000000071f800000|100%| O|  |TAMS 0x000000071f600000, 0x000000071f600000| Untracked 
| 213|0x000000071f800000, 0x000000071fa00000, 0x000000071fa00000|100%| O|  |TAMS 0x000000071f800000, 0x000000071f800000| Untracked 
| 214|0x000000071fa00000, 0x000000071fc00000, 0x000000071fc00000|100%| O|  |TAMS 0x000000071fa00000, 0x000000071fa00000| Untracked 
| 215|0x000000071fc00000, 0x000000071fe00000, 0x000000071fe00000|100%| O|  |TAMS 0x000000071fc00000, 0x000000071fc00000| Untracked 
| 216|0x000000071fe00000, 0x0000000720000000, 0x0000000720000000|100%| O|  |TAMS 0x000000071fe00000, 0x000000071fe00000| Untracked 
| 217|0x0000000720000000, 0x0000000720200000, 0x0000000720200000|100%| O|  |TAMS 0x0000000720000000, 0x0000000720000000| Untracked 
| 218|0x0000000720200000, 0x0000000720400000, 0x0000000720400000|100%| O|  |TAMS 0x0000000720200000, 0x0000000720200000| Untracked 
| 219|0x0000000720400000, 0x0000000720600000, 0x0000000720600000|100%| O|  |TAMS 0x0000000720400000, 0x0000000720400000| Untracked 
| 220|0x0000000720600000, 0x0000000720800000, 0x0000000720800000|100%| O|  |TAMS 0x0000000720600000, 0x0000000720600000| Untracked 
| 221|0x0000000720800000, 0x0000000720a00000, 0x0000000720a00000|100%| O|  |TAMS 0x0000000720800000, 0x0000000720800000| Untracked 
| 222|0x0000000720a00000, 0x0000000720ae4600, 0x0000000720c00000| 44%| O|  |TAMS 0x0000000720a00000, 0x0000000720a00000| Untracked 
| 223|0x0000000720c00000, 0x0000000720c00000, 0x0000000720e00000|  0%| F|  |TAMS 0x0000000720c00000, 0x0000000720c00000| Untracked 
| 224|0x0000000720e00000, 0x0000000720e00000, 0x0000000721000000|  0%| F|  |TAMS 0x0000000720e00000, 0x0000000720e00000| Untracked 
| 225|0x0000000721000000, 0x0000000721000000, 0x0000000721200000|  0%| F|  |TAMS 0x0000000721000000, 0x0000000721000000| Untracked 
| 226|0x0000000721200000, 0x0000000721200000, 0x0000000721400000|  0%| F|  |TAMS 0x0000000721200000, 0x0000000721200000| Untracked 
| 227|0x0000000721400000, 0x0000000721400000, 0x0000000721600000|  0%| F|  |TAMS 0x0000000721400000, 0x0000000721400000| Untracked 
| 228|0x0000000721600000, 0x0000000721600000, 0x0000000721800000|  0%| F|  |TAMS 0x0000000721600000, 0x0000000721600000| Untracked 
| 229|0x0000000721800000, 0x0000000721800000, 0x0000000721a00000|  0%| F|  |TAMS 0x0000000721800000, 0x0000000721800000| Untracked 
| 230|0x0000000721a00000, 0x0000000721a00000, 0x0000000721c00000|  0%| F|  |TAMS 0x0000000721a00000, 0x0000000721a00000| Untracked 
| 231|0x0000000721c00000, 0x0000000721c00000, 0x0000000721e00000|  0%| F|  |TAMS 0x0000000721c00000, 0x0000000721c00000| Untracked 
| 232|0x0000000721e00000, 0x0000000721e00000, 0x0000000722000000|  0%| F|  |TAMS 0x0000000721e00000, 0x0000000721e00000| Untracked 
| 233|0x0000000722000000, 0x0000000722000000, 0x0000000722200000|  0%| F|  |TAMS 0x0000000722000000, 0x0000000722000000| Untracked 
| 234|0x0000000722200000, 0x0000000722200000, 0x0000000722400000|  0%| F|  |TAMS 0x0000000722200000, 0x0000000722200000| Untracked 
| 235|0x0000000722400000, 0x0000000722400000, 0x0000000722600000|  0%| F|  |TAMS 0x0000000722400000, 0x0000000722400000| Untracked 
| 236|0x0000000722600000, 0x0000000722600000, 0x0000000722800000|  0%| F|  |TAMS 0x0000000722600000, 0x0000000722600000| Untracked 
| 237|0x0000000722800000, 0x0000000722800000, 0x0000000722a00000|  0%| F|  |TAMS 0x0000000722800000, 0x0000000722800000| Untracked 
| 238|0x0000000722a00000, 0x0000000722a00000, 0x0000000722c00000|  0%| F|  |TAMS 0x0000000722a00000, 0x0000000722a00000| Untracked 
| 239|0x0000000722c00000, 0x0000000722c00000, 0x0000000722e00000|  0%| F|  |TAMS 0x0000000722c00000, 0x0000000722c00000| Untracked 
| 240|0x0000000722e00000, 0x0000000722e00000, 0x0000000723000000|  0%| F|  |TAMS 0x0000000722e00000, 0x0000000722e00000| Untracked 
| 241|0x0000000723000000, 0x0000000723000000, 0x0000000723200000|  0%| F|  |TAMS 0x0000000723000000, 0x0000000723000000| Untracked 
| 242|0x0000000723200000, 0x0000000723200000, 0x0000000723400000|  0%| F|  |TAMS 0x0000000723200000, 0x0000000723200000| Untracked 
| 243|0x0000000723400000, 0x0000000723400000, 0x0000000723600000|  0%| F|  |TAMS 0x0000000723400000, 0x0000000723400000| Untracked 
| 244|0x0000000723600000, 0x0000000723600000, 0x0000000723800000|  0%| F|  |TAMS 0x0000000723600000, 0x0000000723600000| Untracked 
| 245|0x0000000723800000, 0x0000000723800000, 0x0000000723a00000|  0%| F|  |TAMS 0x0000000723800000, 0x0000000723800000| Untracked 
| 246|0x0000000723a00000, 0x0000000723a00000, 0x0000000723c00000|  0%| F|  |TAMS 0x0000000723a00000, 0x0000000723a00000| Untracked 
| 247|0x0000000723c00000, 0x0000000723c00000, 0x0000000723e00000|  0%| F|  |TAMS 0x0000000723c00000, 0x0000000723c00000| Untracked 
| 248|0x0000000723e00000, 0x0000000723e00000, 0x0000000724000000|  0%| F|  |TAMS 0x0000000723e00000, 0x0000000723e00000| Untracked 
| 249|0x0000000724000000, 0x0000000724000000, 0x0000000724200000|  0%| F|  |TAMS 0x0000000724000000, 0x0000000724000000| Untracked 
| 250|0x0000000724200000, 0x0000000724200000, 0x0000000724400000|  0%| F|  |TAMS 0x0000000724200000, 0x0000000724200000| Untracked 
| 251|0x0000000724400000, 0x0000000724400000, 0x0000000724600000|  0%| F|  |TAMS 0x0000000724400000, 0x0000000724400000| Untracked 
| 252|0x0000000724600000, 0x0000000724600000, 0x0000000724800000|  0%| F|  |TAMS 0x0000000724600000, 0x0000000724600000| Untracked 
| 253|0x0000000724800000, 0x0000000724800000, 0x0000000724a00000|  0%| F|  |TAMS 0x0000000724800000, 0x0000000724800000| Untracked 
| 254|0x0000000724a00000, 0x0000000724a00000, 0x0000000724c00000|  0%| F|  |TAMS 0x0000000724a00000, 0x0000000724a00000| Untracked 
| 255|0x0000000724c00000, 0x0000000724c00000, 0x0000000724e00000|  0%| F|  |TAMS 0x0000000724c00000, 0x0000000724c00000| Untracked 
| 256|0x0000000724e00000, 0x0000000724e00000, 0x0000000725000000|  0%| F|  |TAMS 0x0000000724e00000, 0x0000000724e00000| Untracked 
| 257|0x0000000725000000, 0x0000000725000000, 0x0000000725200000|  0%| F|  |TAMS 0x0000000725000000, 0x0000000725000000| Untracked 
| 258|0x0000000725200000, 0x0000000725200000, 0x0000000725400000|  0%| F|  |TAMS 0x0000000725200000, 0x0000000725200000| Untracked 
| 259|0x0000000725400000, 0x0000000725400000, 0x0000000725600000|  0%| F|  |TAMS 0x0000000725400000, 0x0000000725400000| Untracked 
| 260|0x0000000725600000, 0x0000000725600000, 0x0000000725800000|  0%| F|  |TAMS 0x0000000725600000, 0x0000000725600000| Untracked 
| 261|0x0000000725800000, 0x0000000725800000, 0x0000000725a00000|  0%| F|  |TAMS 0x0000000725800000, 0x0000000725800000| Untracked 
| 262|0x0000000725a00000, 0x0000000725a00000, 0x0000000725c00000|  0%| F|  |TAMS 0x0000000725a00000, 0x0000000725a00000| Untracked 
| 263|0x0000000725c00000, 0x0000000725c00000, 0x0000000725e00000|  0%| F|  |TAMS 0x0000000725c00000, 0x0000000725c00000| Untracked 
| 264|0x0000000725e00000, 0x0000000725e00000, 0x0000000726000000|  0%| F|  |TAMS 0x0000000725e00000, 0x0000000725e00000| Untracked 
| 265|0x0000000726000000, 0x0000000726000000, 0x0000000726200000|  0%| F|  |TAMS 0x0000000726000000, 0x0000000726000000| Untracked 
| 266|0x0000000726200000, 0x0000000726200000, 0x0000000726400000|  0%| F|  |TAMS 0x0000000726200000, 0x0000000726200000| Untracked 
| 267|0x0000000726400000, 0x0000000726400000, 0x0000000726600000|  0%| F|  |TAMS 0x0000000726400000, 0x0000000726400000| Untracked 
| 268|0x0000000726600000, 0x0000000726600000, 0x0000000726800000|  0%| F|  |TAMS 0x0000000726600000, 0x0000000726600000| Untracked 
| 269|0x0000000726800000, 0x0000000726800000, 0x0000000726a00000|  0%| F|  |TAMS 0x0000000726800000, 0x0000000726800000| Untracked 
| 270|0x0000000726a00000, 0x0000000726a00000, 0x0000000726c00000|  0%| F|  |TAMS 0x0000000726a00000, 0x0000000726a00000| Untracked 
| 271|0x0000000726c00000, 0x0000000726c00000, 0x0000000726e00000|  0%| F|  |TAMS 0x0000000726c00000, 0x0000000726c00000| Untracked 
| 272|0x0000000726e00000, 0x0000000726e00000, 0x0000000727000000|  0%| F|  |TAMS 0x0000000726e00000, 0x0000000726e00000| Untracked 
| 273|0x0000000727000000, 0x0000000727000000, 0x0000000727200000|  0%| F|  |TAMS 0x0000000727000000, 0x0000000727000000| Untracked 
| 274|0x0000000727200000, 0x0000000727200000, 0x0000000727400000|  0%| F|  |TAMS 0x0000000727200000, 0x0000000727200000| Untracked 
| 275|0x0000000727400000, 0x0000000727400000, 0x0000000727600000|  0%| F|  |TAMS 0x0000000727400000, 0x0000000727400000| Untracked 
| 276|0x0000000727600000, 0x0000000727600000, 0x0000000727800000|  0%| F|  |TAMS 0x0000000727600000, 0x0000000727600000| Untracked 
| 277|0x0000000727800000, 0x0000000727800000, 0x0000000727a00000|  0%| F|  |TAMS 0x0000000727800000, 0x0000000727800000| Untracked 
| 278|0x0000000727a00000, 0x0000000727a00000, 0x0000000727c00000|  0%| F|  |TAMS 0x0000000727a00000, 0x0000000727a00000| Untracked 
| 279|0x0000000727c00000, 0x0000000727c00000, 0x0000000727e00000|  0%| F|  |TAMS 0x0000000727c00000, 0x0000000727c00000| Untracked 
| 280|0x0000000727e00000, 0x0000000727e00000, 0x0000000728000000|  0%| F|  |TAMS 0x0000000727e00000, 0x0000000727e00000| Untracked 
| 281|0x0000000728000000, 0x0000000728000000, 0x0000000728200000|  0%| F|  |TAMS 0x0000000728000000, 0x0000000728000000| Untracked 
| 282|0x0000000728200000, 0x0000000728200000, 0x0000000728400000|  0%| F|  |TAMS 0x0000000728200000, 0x0000000728200000| Untracked 
| 283|0x0000000728400000, 0x0000000728400000, 0x0000000728600000|  0%| F|  |TAMS 0x0000000728400000, 0x0000000728400000| Untracked 
| 284|0x0000000728600000, 0x0000000728600000, 0x0000000728800000|  0%| F|  |TAMS 0x0000000728600000, 0x0000000728600000| Untracked 
| 285|0x0000000728800000, 0x0000000728800000, 0x0000000728a00000|  0%| F|  |TAMS 0x0000000728800000, 0x0000000728800000| Untracked 
| 286|0x0000000728a00000, 0x0000000728a00000, 0x0000000728c00000|  0%| F|  |TAMS 0x0000000728a00000, 0x0000000728a00000| Untracked 
| 287|0x0000000728c00000, 0x0000000728c00000, 0x0000000728e00000|  0%| F|  |TAMS 0x0000000728c00000, 0x0000000728c00000| Untracked 
| 288|0x0000000728e00000, 0x0000000728e00000, 0x0000000729000000|  0%| F|  |TAMS 0x0000000728e00000, 0x0000000728e00000| Untracked 
| 289|0x0000000729000000, 0x0000000729000000, 0x0000000729200000|  0%| F|  |TAMS 0x0000000729000000, 0x0000000729000000| Untracked 
| 290|0x0000000729200000, 0x0000000729200000, 0x0000000729400000|  0%| F|  |TAMS 0x0000000729200000, 0x0000000729200000| Untracked 
| 291|0x0000000729400000, 0x0000000729400000, 0x0000000729600000|  0%| F|  |TAMS 0x0000000729400000, 0x0000000729400000| Untracked 
| 292|0x0000000729600000, 0x0000000729600000, 0x0000000729800000|  0%| F|  |TAMS 0x0000000729600000, 0x0000000729600000| Untracked 
| 293|0x0000000729800000, 0x0000000729800000, 0x0000000729a00000|  0%| F|  |TAMS 0x0000000729800000, 0x0000000729800000| Untracked 
| 294|0x0000000729a00000, 0x0000000729a00000, 0x0000000729c00000|  0%| F|  |TAMS 0x0000000729a00000, 0x0000000729a00000| Untracked 
| 295|0x0000000729c00000, 0x0000000729c00000, 0x0000000729e00000|  0%| F|  |TAMS 0x0000000729c00000, 0x0000000729c00000| Untracked 
| 296|0x0000000729e00000, 0x0000000729e00000, 0x000000072a000000|  0%| F|  |TAMS 0x0000000729e00000, 0x0000000729e00000| Untracked 
| 297|0x000000072a000000, 0x000000072a000000, 0x000000072a200000|  0%| F|  |TAMS 0x000000072a000000, 0x000000072a000000| Untracked 
| 298|0x000000072a200000, 0x000000072a200000, 0x000000072a400000|  0%| F|  |TAMS 0x000000072a200000, 0x000000072a200000| Untracked 
| 299|0x000000072a400000, 0x000000072a400000, 0x000000072a600000|  0%| F|  |TAMS 0x000000072a400000, 0x000000072a400000| Untracked 
| 300|0x000000072a600000, 0x000000072a600000, 0x000000072a800000|  0%| F|  |TAMS 0x000000072a600000, 0x000000072a600000| Untracked 
| 301|0x000000072a800000, 0x000000072a800000, 0x000000072aa00000|  0%| F|  |TAMS 0x000000072a800000, 0x000000072a800000| Untracked 
| 302|0x000000072aa00000, 0x000000072aa00000, 0x000000072ac00000|  0%| F|  |TAMS 0x000000072aa00000, 0x000000072aa00000| Untracked 
| 303|0x000000072ac00000, 0x000000072ac00000, 0x000000072ae00000|  0%| F|  |TAMS 0x000000072ac00000, 0x000000072ac00000| Untracked 
| 304|0x000000072ae00000, 0x000000072ae00000, 0x000000072b000000|  0%| F|  |TAMS 0x000000072ae00000, 0x000000072ae00000| Untracked 
| 305|0x000000072b000000, 0x000000072b000000, 0x000000072b200000|  0%| F|  |TAMS 0x000000072b000000, 0x000000072b000000| Untracked 
| 306|0x000000072b200000, 0x000000072b200000, 0x000000072b400000|  0%| F|  |TAMS 0x000000072b200000, 0x000000072b200000| Untracked 
| 307|0x000000072b400000, 0x000000072b400000, 0x000000072b600000|  0%| F|  |TAMS 0x000000072b400000, 0x000000072b400000| Untracked 
| 308|0x000000072b600000, 0x000000072b600000, 0x000000072b800000|  0%| F|  |TAMS 0x000000072b600000, 0x000000072b600000| Untracked 
| 309|0x000000072b800000, 0x000000072b800000, 0x000000072ba00000|  0%| F|  |TAMS 0x000000072b800000, 0x000000072b800000| Untracked 
| 310|0x000000072ba00000, 0x000000072ba00000, 0x000000072bc00000|  0%| F|  |TAMS 0x000000072ba00000, 0x000000072ba00000| Untracked 
| 311|0x000000072bc00000, 0x000000072bc00000, 0x000000072be00000|  0%| F|  |TAMS 0x000000072bc00000, 0x000000072bc00000| Untracked 
| 312|0x000000072be00000, 0x000000072be00000, 0x000000072c000000|  0%| F|  |TAMS 0x000000072be00000, 0x000000072be00000| Untracked 
| 313|0x000000072c000000, 0x000000072c000000, 0x000000072c200000|  0%| F|  |TAMS 0x000000072c000000, 0x000000072c000000| Untracked 
| 314|0x000000072c200000, 0x000000072c200000, 0x000000072c400000|  0%| F|  |TAMS 0x000000072c200000, 0x000000072c200000| Untracked 
| 315|0x000000072c400000, 0x000000072c400000, 0x000000072c600000|  0%| F|  |TAMS 0x000000072c400000, 0x000000072c400000| Untracked 
| 316|0x000000072c600000, 0x000000072c600000, 0x000000072c800000|  0%| F|  |TAMS 0x000000072c600000, 0x000000072c600000| Untracked 
| 317|0x000000072c800000, 0x000000072c800000, 0x000000072ca00000|  0%| F|  |TAMS 0x000000072c800000, 0x000000072c800000| Untracked 
| 318|0x000000072ca00000, 0x000000072ca00000, 0x000000072cc00000|  0%| F|  |TAMS 0x000000072ca00000, 0x000000072ca00000| Untracked 
| 319|0x000000072cc00000, 0x000000072cc00000, 0x000000072ce00000|  0%| F|  |TAMS 0x000000072cc00000, 0x000000072cc00000| Untracked 
| 320|0x000000072ce00000, 0x000000072ce00000, 0x000000072d000000|  0%| F|  |TAMS 0x000000072ce00000, 0x000000072ce00000| Untracked 
| 321|0x000000072d000000, 0x000000072d000000, 0x000000072d200000|  0%| F|  |TAMS 0x000000072d000000, 0x000000072d000000| Untracked 
| 322|0x000000072d200000, 0x000000072d200000, 0x000000072d400000|  0%| F|  |TAMS 0x000000072d200000, 0x000000072d200000| Untracked 
| 323|0x000000072d400000, 0x000000072d400000, 0x000000072d600000|  0%| F|  |TAMS 0x000000072d400000, 0x000000072d400000| Untracked 
| 324|0x000000072d600000, 0x000000072d600000, 0x000000072d800000|  0%| F|  |TAMS 0x000000072d600000, 0x000000072d600000| Untracked 
| 325|0x000000072d800000, 0x000000072d800000, 0x000000072da00000|  0%| F|  |TAMS 0x000000072d800000, 0x000000072d800000| Untracked 
| 326|0x000000072da00000, 0x000000072da00000, 0x000000072dc00000|  0%| F|  |TAMS 0x000000072da00000, 0x000000072da00000| Untracked 
| 327|0x000000072dc00000, 0x000000072dc00000, 0x000000072de00000|  0%| F|  |TAMS 0x000000072dc00000, 0x000000072dc00000| Untracked 
| 328|0x000000072de00000, 0x000000072de00000, 0x000000072e000000|  0%| F|  |TAMS 0x000000072de00000, 0x000000072de00000| Untracked 
| 329|0x000000072e000000, 0x000000072e000000, 0x000000072e200000|  0%| F|  |TAMS 0x000000072e000000, 0x000000072e000000| Untracked 
| 330|0x000000072e200000, 0x000000072e200000, 0x000000072e400000|  0%| F|  |TAMS 0x000000072e200000, 0x000000072e200000| Untracked 
| 331|0x000000072e400000, 0x000000072e400000, 0x000000072e600000|  0%| F|  |TAMS 0x000000072e400000, 0x000000072e400000| Untracked 
| 332|0x000000072e600000, 0x000000072e600000, 0x000000072e800000|  0%| F|  |TAMS 0x000000072e600000, 0x000000072e600000| Untracked 
| 333|0x000000072e800000, 0x000000072e800000, 0x000000072ea00000|  0%| F|  |TAMS 0x000000072e800000, 0x000000072e800000| Untracked 
| 334|0x000000072ea00000, 0x000000072ea00000, 0x000000072ec00000|  0%| F|  |TAMS 0x000000072ea00000, 0x000000072ea00000| Untracked 
| 335|0x000000072ec00000, 0x000000072ec00000, 0x000000072ee00000|  0%| F|  |TAMS 0x000000072ec00000, 0x000000072ec00000| Untracked 
| 336|0x000000072ee00000, 0x000000072ee00000, 0x000000072f000000|  0%| F|  |TAMS 0x000000072ee00000, 0x000000072ee00000| Untracked 
| 337|0x000000072f000000, 0x000000072f000000, 0x000000072f200000|  0%| F|  |TAMS 0x000000072f000000, 0x000000072f000000| Untracked 
| 338|0x000000072f200000, 0x000000072f200000, 0x000000072f400000|  0%| F|  |TAMS 0x000000072f200000, 0x000000072f200000| Untracked 
| 339|0x000000072f400000, 0x000000072f400000, 0x000000072f600000|  0%| F|  |TAMS 0x000000072f400000, 0x000000072f400000| Untracked 
| 340|0x000000072f600000, 0x000000072f600000, 0x000000072f800000|  0%| F|  |TAMS 0x000000072f600000, 0x000000072f600000| Untracked 
| 341|0x000000072f800000, 0x000000072f800000, 0x000000072fa00000|  0%| F|  |TAMS 0x000000072f800000, 0x000000072f800000| Untracked 
| 342|0x000000072fa00000, 0x000000072fa00000, 0x000000072fc00000|  0%| F|  |TAMS 0x000000072fa00000, 0x000000072fa00000| Untracked 
| 343|0x000000072fc00000, 0x000000072fc00000, 0x000000072fe00000|  0%| F|  |TAMS 0x000000072fc00000, 0x000000072fc00000| Untracked 
| 344|0x000000072fe00000, 0x000000072fe00000, 0x0000000730000000|  0%| F|  |TAMS 0x000000072fe00000, 0x000000072fe00000| Untracked 
| 345|0x0000000730000000, 0x0000000730000000, 0x0000000730200000|  0%| F|  |TAMS 0x0000000730000000, 0x0000000730000000| Untracked 
| 346|0x0000000730200000, 0x0000000730200000, 0x0000000730400000|  0%| F|  |TAMS 0x0000000730200000, 0x0000000730200000| Untracked 
| 347|0x0000000730400000, 0x0000000730400000, 0x0000000730600000|  0%| F|  |TAMS 0x0000000730400000, 0x0000000730400000| Untracked 
| 348|0x0000000730600000, 0x0000000730600000, 0x0000000730800000|  0%| F|  |TAMS 0x0000000730600000, 0x0000000730600000| Untracked 
| 349|0x0000000730800000, 0x0000000730800000, 0x0000000730a00000|  0%| F|  |TAMS 0x0000000730800000, 0x0000000730800000| Untracked 
| 350|0x0000000730a00000, 0x0000000730a00000, 0x0000000730c00000|  0%| F|  |TAMS 0x0000000730a00000, 0x0000000730a00000| Untracked 
| 351|0x0000000730c00000, 0x0000000730c00000, 0x0000000730e00000|  0%| F|  |TAMS 0x0000000730c00000, 0x0000000730c00000| Untracked 
| 352|0x0000000730e00000, 0x0000000730e00000, 0x0000000731000000|  0%| F|  |TAMS 0x0000000730e00000, 0x0000000730e00000| Untracked 
| 353|0x0000000731000000, 0x0000000731000000, 0x0000000731200000|  0%| F|  |TAMS 0x0000000731000000, 0x0000000731000000| Untracked 
| 354|0x0000000731200000, 0x0000000731200000, 0x0000000731400000|  0%| F|  |TAMS 0x0000000731200000, 0x0000000731200000| Untracked 
| 355|0x0000000731400000, 0x0000000731400000, 0x0000000731600000|  0%| F|  |TAMS 0x0000000731400000, 0x0000000731400000| Untracked 
| 356|0x0000000731600000, 0x0000000731600000, 0x0000000731800000|  0%| F|  |TAMS 0x0000000731600000, 0x0000000731600000| Untracked 
| 357|0x0000000731800000, 0x0000000731800000, 0x0000000731a00000|  0%| F|  |TAMS 0x0000000731800000, 0x0000000731800000| Untracked 
| 358|0x0000000731a00000, 0x0000000731a00000, 0x0000000731c00000|  0%| F|  |TAMS 0x0000000731a00000, 0x0000000731a00000| Untracked 
| 359|0x0000000731c00000, 0x0000000731c00000, 0x0000000731e00000|  0%| F|  |TAMS 0x0000000731c00000, 0x0000000731c00000| Untracked 
| 360|0x0000000731e00000, 0x0000000731e00000, 0x0000000732000000|  0%| F|  |TAMS 0x0000000731e00000, 0x0000000731e00000| Untracked 
| 361|0x0000000732000000, 0x0000000732000000, 0x0000000732200000|  0%| F|  |TAMS 0x0000000732000000, 0x0000000732000000| Untracked 
| 362|0x0000000732200000, 0x0000000732200000, 0x0000000732400000|  0%| F|  |TAMS 0x0000000732200000, 0x0000000732200000| Untracked 
| 363|0x0000000732400000, 0x0000000732400000, 0x0000000732600000|  0%| F|  |TAMS 0x0000000732400000, 0x0000000732400000| Untracked 
| 364|0x0000000732600000, 0x0000000732600000, 0x0000000732800000|  0%| F|  |TAMS 0x0000000732600000, 0x0000000732600000| Untracked 
| 365|0x0000000732800000, 0x0000000732a00000, 0x0000000732a00000|100%| S|CS|TAMS 0x0000000732800000, 0x0000000732800000| Complete 
| 366|0x0000000732a00000, 0x0000000732c00000, 0x0000000732c00000|100%| S|CS|TAMS 0x0000000732a00000, 0x0000000732a00000| Complete 
| 367|0x0000000732c00000, 0x0000000732e00000, 0x0000000732e00000|100%| S|CS|TAMS 0x0000000732c00000, 0x0000000732c00000| Complete 
| 368|0x0000000732e00000, 0x0000000733000000, 0x0000000733000000|100%| S|CS|TAMS 0x0000000732e00000, 0x0000000732e00000| Complete 
| 369|0x0000000733000000, 0x0000000733200000, 0x0000000733200000|100%| S|CS|TAMS 0x0000000733000000, 0x0000000733000000| Complete 
| 370|0x0000000733200000, 0x0000000733400000, 0x0000000733400000|100%| S|CS|TAMS 0x0000000733200000, 0x0000000733200000| Complete 
| 371|0x0000000733400000, 0x0000000733600000, 0x0000000733600000|100%| S|CS|TAMS 0x0000000733400000, 0x0000000733400000| Complete 
| 372|0x0000000733600000, 0x0000000733800000, 0x0000000733800000|100%| S|CS|TAMS 0x0000000733600000, 0x0000000733600000| Complete 
| 373|0x0000000733800000, 0x0000000733a00000, 0x0000000733a00000|100%| S|CS|TAMS 0x0000000733800000, 0x0000000733800000| Complete 
| 374|0x0000000733a00000, 0x0000000733a00000, 0x0000000733c00000|  0%| F|  |TAMS 0x0000000733a00000, 0x0000000733a00000| Untracked 
| 375|0x0000000733c00000, 0x0000000733c00000, 0x0000000733e00000|  0%| F|  |TAMS 0x0000000733c00000, 0x0000000733c00000| Untracked 
| 376|0x0000000733e00000, 0x0000000733e00000, 0x0000000734000000|  0%| F|  |TAMS 0x0000000733e00000, 0x0000000733e00000| Untracked 
| 377|0x0000000734000000, 0x0000000734000000, 0x0000000734200000|  0%| F|  |TAMS 0x0000000734000000, 0x0000000734000000| Untracked 
| 378|0x0000000734200000, 0x0000000734200000, 0x0000000734400000|  0%| F|  |TAMS 0x0000000734200000, 0x0000000734200000| Untracked 
| 379|0x0000000734400000, 0x0000000734400000, 0x0000000734600000|  0%| F|  |TAMS 0x0000000734400000, 0x0000000734400000| Untracked 
| 380|0x0000000734600000, 0x0000000734600000, 0x0000000734800000|  0%| F|  |TAMS 0x0000000734600000, 0x0000000734600000| Untracked 
| 381|0x0000000734800000, 0x0000000734800000, 0x0000000734a00000|  0%| F|  |TAMS 0x0000000734800000, 0x0000000734800000| Untracked 
| 382|0x0000000734a00000, 0x0000000734a00000, 0x0000000734c00000|  0%| F|  |TAMS 0x0000000734a00000, 0x0000000734a00000| Untracked 
| 383|0x0000000734c00000, 0x0000000734c00000, 0x0000000734e00000|  0%| F|  |TAMS 0x0000000734c00000, 0x0000000734c00000| Untracked 
| 384|0x0000000734e00000, 0x0000000734e00000, 0x0000000735000000|  0%| F|  |TAMS 0x0000000734e00000, 0x0000000734e00000| Untracked 
| 385|0x0000000735000000, 0x0000000735000000, 0x0000000735200000|  0%| F|  |TAMS 0x0000000735000000, 0x0000000735000000| Untracked 
| 386|0x0000000735200000, 0x0000000735200000, 0x0000000735400000|  0%| F|  |TAMS 0x0000000735200000, 0x0000000735200000| Untracked 
| 387|0x0000000735400000, 0x0000000735400000, 0x0000000735600000|  0%| F|  |TAMS 0x0000000735400000, 0x0000000735400000| Untracked 
| 388|0x0000000735600000, 0x0000000735600000, 0x0000000735800000|  0%| F|  |TAMS 0x0000000735600000, 0x0000000735600000| Untracked 
| 389|0x0000000735800000, 0x0000000735800000, 0x0000000735a00000|  0%| F|  |TAMS 0x0000000735800000, 0x0000000735800000| Untracked 
| 390|0x0000000735a00000, 0x0000000735a00000, 0x0000000735c00000|  0%| F|  |TAMS 0x0000000735a00000, 0x0000000735a00000| Untracked 
| 391|0x0000000735c00000, 0x0000000735c00000, 0x0000000735e00000|  0%| F|  |TAMS 0x0000000735c00000, 0x0000000735c00000| Untracked 
| 392|0x0000000735e00000, 0x0000000735e00000, 0x0000000736000000|  0%| F|  |TAMS 0x0000000735e00000, 0x0000000735e00000| Untracked 
| 393|0x0000000736000000, 0x0000000736000000, 0x0000000736200000|  0%| F|  |TAMS 0x0000000736000000, 0x0000000736000000| Untracked 
| 394|0x0000000736200000, 0x0000000736200000, 0x0000000736400000|  0%| F|  |TAMS 0x0000000736200000, 0x0000000736200000| Untracked 
| 395|0x0000000736400000, 0x0000000736400000, 0x0000000736600000|  0%| F|  |TAMS 0x0000000736400000, 0x0000000736400000| Untracked 
| 396|0x0000000736600000, 0x0000000736600000, 0x0000000736800000|  0%| F|  |TAMS 0x0000000736600000, 0x0000000736600000| Untracked 
| 397|0x0000000736800000, 0x0000000736800000, 0x0000000736a00000|  0%| F|  |TAMS 0x0000000736800000, 0x0000000736800000| Untracked 
| 398|0x0000000736a00000, 0x0000000736a00000, 0x0000000736c00000|  0%| F|  |TAMS 0x0000000736a00000, 0x0000000736a00000| Untracked 
| 399|0x0000000736c00000, 0x0000000736c00000, 0x0000000736e00000|  0%| F|  |TAMS 0x0000000736c00000, 0x0000000736c00000| Untracked 
| 400|0x0000000736e00000, 0x0000000736e00000, 0x0000000737000000|  0%| F|  |TAMS 0x0000000736e00000, 0x0000000736e00000| Untracked 
| 401|0x0000000737000000, 0x0000000737000000, 0x0000000737200000|  0%| F|  |TAMS 0x0000000737000000, 0x0000000737000000| Untracked 
| 402|0x0000000737200000, 0x0000000737200000, 0x0000000737400000|  0%| F|  |TAMS 0x0000000737200000, 0x0000000737200000| Untracked 
| 403|0x0000000737400000, 0x0000000737400000, 0x0000000737600000|  0%| F|  |TAMS 0x0000000737400000, 0x0000000737400000| Untracked 
| 404|0x0000000737600000, 0x0000000737600000, 0x0000000737800000|  0%| F|  |TAMS 0x0000000737600000, 0x0000000737600000| Untracked 
| 405|0x0000000737800000, 0x0000000737800000, 0x0000000737a00000|  0%| F|  |TAMS 0x0000000737800000, 0x0000000737800000| Untracked 
| 406|0x0000000737a00000, 0x0000000737a00000, 0x0000000737c00000|  0%| F|  |TAMS 0x0000000737a00000, 0x0000000737a00000| Untracked 
| 407|0x0000000737c00000, 0x0000000737c00000, 0x0000000737e00000|  0%| F|  |TAMS 0x0000000737c00000, 0x0000000737c00000| Untracked 
| 408|0x0000000737e00000, 0x0000000737e00000, 0x0000000738000000|  0%| F|  |TAMS 0x0000000737e00000, 0x0000000737e00000| Untracked 
| 409|0x0000000738000000, 0x0000000738000000, 0x0000000738200000|  0%| F|  |TAMS 0x0000000738000000, 0x0000000738000000| Untracked 
| 410|0x0000000738200000, 0x0000000738200000, 0x0000000738400000|  0%| F|  |TAMS 0x0000000738200000, 0x0000000738200000| Untracked 
| 411|0x0000000738400000, 0x0000000738400000, 0x0000000738600000|  0%| F|  |TAMS 0x0000000738400000, 0x0000000738400000| Untracked 
| 412|0x0000000738600000, 0x0000000738600000, 0x0000000738800000|  0%| F|  |TAMS 0x0000000738600000, 0x0000000738600000| Untracked 
| 413|0x0000000738800000, 0x0000000738800000, 0x0000000738a00000|  0%| F|  |TAMS 0x0000000738800000, 0x0000000738800000| Untracked 
| 414|0x0000000738a00000, 0x0000000738a00000, 0x0000000738c00000|  0%| F|  |TAMS 0x0000000738a00000, 0x0000000738a00000| Untracked 
| 415|0x0000000738c00000, 0x0000000738c00000, 0x0000000738e00000|  0%| F|  |TAMS 0x0000000738c00000, 0x0000000738c00000| Untracked 
| 416|0x0000000738e00000, 0x0000000738e00000, 0x0000000739000000|  0%| F|  |TAMS 0x0000000738e00000, 0x0000000738e00000| Untracked 
| 417|0x0000000739000000, 0x0000000739000000, 0x0000000739200000|  0%| F|  |TAMS 0x0000000739000000, 0x0000000739000000| Untracked 
| 418|0x0000000739200000, 0x0000000739200000, 0x0000000739400000|  0%| F|  |TAMS 0x0000000739200000, 0x0000000739200000| Untracked 
| 419|0x0000000739400000, 0x0000000739400000, 0x0000000739600000|  0%| F|  |TAMS 0x0000000739400000, 0x0000000739400000| Untracked 
| 420|0x0000000739600000, 0x0000000739600000, 0x0000000739800000|  0%| F|  |TAMS 0x0000000739600000, 0x0000000739600000| Untracked 
| 421|0x0000000739800000, 0x0000000739800000, 0x0000000739a00000|  0%| F|  |TAMS 0x0000000739800000, 0x0000000739800000| Untracked 
| 422|0x0000000739a00000, 0x0000000739a00000, 0x0000000739c00000|  0%| F|  |TAMS 0x0000000739a00000, 0x0000000739a00000| Untracked 
| 423|0x0000000739c00000, 0x0000000739c00000, 0x0000000739e00000|  0%| F|  |TAMS 0x0000000739c00000, 0x0000000739c00000| Untracked 
| 424|0x0000000739e00000, 0x0000000739e00000, 0x000000073a000000|  0%| F|  |TAMS 0x0000000739e00000, 0x0000000739e00000| Untracked 
| 425|0x000000073a000000, 0x000000073a000000, 0x000000073a200000|  0%| F|  |TAMS 0x000000073a000000, 0x000000073a000000| Untracked 
| 426|0x000000073a200000, 0x000000073a200000, 0x000000073a400000|  0%| F|  |TAMS 0x000000073a200000, 0x000000073a200000| Untracked 
| 427|0x000000073a400000, 0x000000073a400000, 0x000000073a600000|  0%| F|  |TAMS 0x000000073a400000, 0x000000073a400000| Untracked 
| 428|0x000000073a600000, 0x000000073a600000, 0x000000073a800000|  0%| F|  |TAMS 0x000000073a600000, 0x000000073a600000| Untracked 
| 429|0x000000073a800000, 0x000000073a800000, 0x000000073aa00000|  0%| F|  |TAMS 0x000000073a800000, 0x000000073a800000| Untracked 
| 430|0x000000073aa00000, 0x000000073aa00000, 0x000000073ac00000|  0%| F|  |TAMS 0x000000073aa00000, 0x000000073aa00000| Untracked 
| 431|0x000000073ac00000, 0x000000073ac00000, 0x000000073ae00000|  0%| F|  |TAMS 0x000000073ac00000, 0x000000073ac00000| Untracked 
| 432|0x000000073ae00000, 0x000000073ae00000, 0x000000073b000000|  0%| F|  |TAMS 0x000000073ae00000, 0x000000073ae00000| Untracked 
| 433|0x000000073b000000, 0x000000073b000000, 0x000000073b200000|  0%| F|  |TAMS 0x000000073b000000, 0x000000073b000000| Untracked 
| 434|0x000000073b200000, 0x000000073b200000, 0x000000073b400000|  0%| F|  |TAMS 0x000000073b200000, 0x000000073b200000| Untracked 
| 435|0x000000073b400000, 0x000000073b400000, 0x000000073b600000|  0%| F|  |TAMS 0x000000073b400000, 0x000000073b400000| Untracked 
| 436|0x000000073b600000, 0x000000073b600000, 0x000000073b800000|  0%| F|  |TAMS 0x000000073b600000, 0x000000073b600000| Untracked 
| 437|0x000000073b800000, 0x000000073b800000, 0x000000073ba00000|  0%| F|  |TAMS 0x000000073b800000, 0x000000073b800000| Untracked 
| 438|0x000000073ba00000, 0x000000073ba00000, 0x000000073bc00000|  0%| F|  |TAMS 0x000000073ba00000, 0x000000073ba00000| Untracked 
| 439|0x000000073bc00000, 0x000000073bc00000, 0x000000073be00000|  0%| F|  |TAMS 0x000000073bc00000, 0x000000073bc00000| Untracked 
| 440|0x000000073be00000, 0x000000073be00000, 0x000000073c000000|  0%| F|  |TAMS 0x000000073be00000, 0x000000073be00000| Untracked 
| 441|0x000000073c000000, 0x000000073c000000, 0x000000073c200000|  0%| F|  |TAMS 0x000000073c000000, 0x000000073c000000| Untracked 
| 442|0x000000073c200000, 0x000000073c200000, 0x000000073c400000|  0%| F|  |TAMS 0x000000073c200000, 0x000000073c200000| Untracked 
| 443|0x000000073c400000, 0x000000073c400000, 0x000000073c600000|  0%| F|  |TAMS 0x000000073c400000, 0x000000073c400000| Untracked 
| 444|0x000000073c600000, 0x000000073c600000, 0x000000073c800000|  0%| F|  |TAMS 0x000000073c600000, 0x000000073c600000| Untracked 
| 445|0x000000073c800000, 0x000000073c800000, 0x000000073ca00000|  0%| F|  |TAMS 0x000000073c800000, 0x000000073c800000| Untracked 
| 446|0x000000073ca00000, 0x000000073ca00000, 0x000000073cc00000|  0%| F|  |TAMS 0x000000073ca00000, 0x000000073ca00000| Untracked 
| 447|0x000000073cc00000, 0x000000073cc00000, 0x000000073ce00000|  0%| F|  |TAMS 0x000000073cc00000, 0x000000073cc00000| Untracked 
| 448|0x000000073ce00000, 0x000000073ce00000, 0x000000073d000000|  0%| F|  |TAMS 0x000000073ce00000, 0x000000073ce00000| Untracked 
| 449|0x000000073d000000, 0x000000073d000000, 0x000000073d200000|  0%| F|  |TAMS 0x000000073d000000, 0x000000073d000000| Untracked 
| 450|0x000000073d200000, 0x000000073d200000, 0x000000073d400000|  0%| F|  |TAMS 0x000000073d200000, 0x000000073d200000| Untracked 
| 451|0x000000073d400000, 0x000000073d400000, 0x000000073d600000|  0%| F|  |TAMS 0x000000073d400000, 0x000000073d400000| Untracked 
| 452|0x000000073d600000, 0x000000073d600000, 0x000000073d800000|  0%| F|  |TAMS 0x000000073d600000, 0x000000073d600000| Untracked 
| 453|0x000000073d800000, 0x000000073d800000, 0x000000073da00000|  0%| F|  |TAMS 0x000000073d800000, 0x000000073d800000| Untracked 
| 454|0x000000073da00000, 0x000000073da00000, 0x000000073dc00000|  0%| F|  |TAMS 0x000000073da00000, 0x000000073da00000| Untracked 
| 455|0x000000073dc00000, 0x000000073dc00000, 0x000000073de00000|  0%| F|  |TAMS 0x000000073dc00000, 0x000000073dc00000| Untracked 
| 456|0x000000073de00000, 0x000000073de00000, 0x000000073e000000|  0%| F|  |TAMS 0x000000073de00000, 0x000000073de00000| Untracked 
| 457|0x000000073e000000, 0x000000073e000000, 0x000000073e200000|  0%| F|  |TAMS 0x000000073e000000, 0x000000073e000000| Untracked 
| 458|0x000000073e200000, 0x000000073e200000, 0x000000073e400000|  0%| F|  |TAMS 0x000000073e200000, 0x000000073e200000| Untracked 
| 459|0x000000073e400000, 0x000000073e400000, 0x000000073e600000|  0%| F|  |TAMS 0x000000073e400000, 0x000000073e400000| Untracked 
| 460|0x000000073e600000, 0x000000073e600000, 0x000000073e800000|  0%| F|  |TAMS 0x000000073e600000, 0x000000073e600000| Untracked 
| 461|0x000000073e800000, 0x000000073e800000, 0x000000073ea00000|  0%| F|  |TAMS 0x000000073e800000, 0x000000073e800000| Untracked 
| 462|0x000000073ea00000, 0x000000073ea00000, 0x000000073ec00000|  0%| F|  |TAMS 0x000000073ea00000, 0x000000073ea00000| Untracked 
| 463|0x000000073ec00000, 0x000000073ec00000, 0x000000073ee00000|  0%| F|  |TAMS 0x000000073ec00000, 0x000000073ec00000| Untracked 
| 464|0x000000073ee00000, 0x000000073ee00000, 0x000000073f000000|  0%| F|  |TAMS 0x000000073ee00000, 0x000000073ee00000| Untracked 
| 465|0x000000073f000000, 0x000000073f000000, 0x000000073f200000|  0%| F|  |TAMS 0x000000073f000000, 0x000000073f000000| Untracked 
| 466|0x000000073f200000, 0x000000073f200000, 0x000000073f400000|  0%| F|  |TAMS 0x000000073f200000, 0x000000073f200000| Untracked 
| 467|0x000000073f400000, 0x000000073f400000, 0x000000073f600000|  0%| F|  |TAMS 0x000000073f400000, 0x000000073f400000| Untracked 
| 468|0x000000073f600000, 0x000000073f600000, 0x000000073f800000|  0%| F|  |TAMS 0x000000073f600000, 0x000000073f600000| Untracked 
| 469|0x000000073f800000, 0x000000073f800000, 0x000000073fa00000|  0%| F|  |TAMS 0x000000073f800000, 0x000000073f800000| Untracked 
| 470|0x000000073fa00000, 0x000000073fa00000, 0x000000073fc00000|  0%| F|  |TAMS 0x000000073fa00000, 0x000000073fa00000| Untracked 
| 471|0x000000073fc00000, 0x000000073fc00000, 0x000000073fe00000|  0%| F|  |TAMS 0x000000073fc00000, 0x000000073fc00000| Untracked 
| 472|0x000000073fe00000, 0x000000073fe00000, 0x0000000740000000|  0%| F|  |TAMS 0x000000073fe00000, 0x000000073fe00000| Untracked 
| 473|0x0000000740000000, 0x0000000740000000, 0x0000000740200000|  0%| F|  |TAMS 0x0000000740000000, 0x0000000740000000| Untracked 
| 474|0x0000000740200000, 0x0000000740200000, 0x0000000740400000|  0%| F|  |TAMS 0x0000000740200000, 0x0000000740200000| Untracked 
| 475|0x0000000740400000, 0x0000000740400000, 0x0000000740600000|  0%| F|  |TAMS 0x0000000740400000, 0x0000000740400000| Untracked 
| 476|0x0000000740600000, 0x0000000740600000, 0x0000000740800000|  0%| F|  |TAMS 0x0000000740600000, 0x0000000740600000| Untracked 
| 477|0x0000000740800000, 0x0000000740800000, 0x0000000740a00000|  0%| F|  |TAMS 0x0000000740800000, 0x0000000740800000| Untracked 
| 478|0x0000000740a00000, 0x0000000740a00000, 0x0000000740c00000|  0%| F|  |TAMS 0x0000000740a00000, 0x0000000740a00000| Untracked 
| 479|0x0000000740c00000, 0x0000000740c00000, 0x0000000740e00000|  0%| F|  |TAMS 0x0000000740c00000, 0x0000000740c00000| Untracked 
| 480|0x0000000740e00000, 0x0000000740e00000, 0x0000000741000000|  0%| F|  |TAMS 0x0000000740e00000, 0x0000000740e00000| Untracked 
| 481|0x0000000741000000, 0x0000000741000000, 0x0000000741200000|  0%| F|  |TAMS 0x0000000741000000, 0x0000000741000000| Untracked 
| 482|0x0000000741200000, 0x0000000741200000, 0x0000000741400000|  0%| F|  |TAMS 0x0000000741200000, 0x0000000741200000| Untracked 
| 483|0x0000000741400000, 0x0000000741400000, 0x0000000741600000|  0%| F|  |TAMS 0x0000000741400000, 0x0000000741400000| Untracked 
| 484|0x0000000741600000, 0x0000000741600000, 0x0000000741800000|  0%| F|  |TAMS 0x0000000741600000, 0x0000000741600000| Untracked 
| 485|0x0000000741800000, 0x0000000741800000, 0x0000000741a00000|  0%| F|  |TAMS 0x0000000741800000, 0x0000000741800000| Untracked 
| 486|0x0000000741a00000, 0x0000000741a00000, 0x0000000741c00000|  0%| F|  |TAMS 0x0000000741a00000, 0x0000000741a00000| Untracked 
| 487|0x0000000741c00000, 0x0000000741c00000, 0x0000000741e00000|  0%| F|  |TAMS 0x0000000741c00000, 0x0000000741c00000| Untracked 
| 488|0x0000000741e00000, 0x0000000741e00000, 0x0000000742000000|  0%| F|  |TAMS 0x0000000741e00000, 0x0000000741e00000| Untracked 
| 489|0x0000000742000000, 0x0000000742000000, 0x0000000742200000|  0%| F|  |TAMS 0x0000000742000000, 0x0000000742000000| Untracked 
| 490|0x0000000742200000, 0x0000000742200000, 0x0000000742400000|  0%| F|  |TAMS 0x0000000742200000, 0x0000000742200000| Untracked 
| 491|0x0000000742400000, 0x0000000742400000, 0x0000000742600000|  0%| F|  |TAMS 0x0000000742400000, 0x0000000742400000| Untracked 
| 492|0x0000000742600000, 0x0000000742600000, 0x0000000742800000|  0%| F|  |TAMS 0x0000000742600000, 0x0000000742600000| Untracked 
| 493|0x0000000742800000, 0x0000000742800000, 0x0000000742a00000|  0%| F|  |TAMS 0x0000000742800000, 0x0000000742800000| Untracked 
| 494|0x0000000742a00000, 0x0000000742a00000, 0x0000000742c00000|  0%| F|  |TAMS 0x0000000742a00000, 0x0000000742a00000| Untracked 
| 495|0x0000000742c00000, 0x0000000742c00000, 0x0000000742e00000|  0%| F|  |TAMS 0x0000000742c00000, 0x0000000742c00000| Untracked 
| 496|0x0000000742e00000, 0x0000000742e00000, 0x0000000743000000|  0%| F|  |TAMS 0x0000000742e00000, 0x0000000742e00000| Untracked 
| 497|0x0000000743000000, 0x0000000743000000, 0x0000000743200000|  0%| F|  |TAMS 0x0000000743000000, 0x0000000743000000| Untracked 
| 498|0x0000000743200000, 0x0000000743200000, 0x0000000743400000|  0%| F|  |TAMS 0x0000000743200000, 0x0000000743200000| Untracked 
| 499|0x0000000743400000, 0x0000000743400000, 0x0000000743600000|  0%| F|  |TAMS 0x0000000743400000, 0x0000000743400000| Untracked 
| 500|0x0000000743600000, 0x0000000743600000, 0x0000000743800000|  0%| F|  |TAMS 0x0000000743600000, 0x0000000743600000| Untracked 
| 501|0x0000000743800000, 0x0000000743800000, 0x0000000743a00000|  0%| F|  |TAMS 0x0000000743800000, 0x0000000743800000| Untracked 
| 502|0x0000000743a00000, 0x0000000743a00000, 0x0000000743c00000|  0%| F|  |TAMS 0x0000000743a00000, 0x0000000743a00000| Untracked 
| 503|0x0000000743c00000, 0x0000000743c00000, 0x0000000743e00000|  0%| F|  |TAMS 0x0000000743c00000, 0x0000000743c00000| Untracked 
| 504|0x0000000743e00000, 0x0000000743e00000, 0x0000000744000000|  0%| F|  |TAMS 0x0000000743e00000, 0x0000000743e00000| Untracked 
| 505|0x0000000744000000, 0x0000000744000000, 0x0000000744200000|  0%| F|  |TAMS 0x0000000744000000, 0x0000000744000000| Untracked 
| 506|0x0000000744200000, 0x0000000744200000, 0x0000000744400000|  0%| F|  |TAMS 0x0000000744200000, 0x0000000744200000| Untracked 
| 507|0x0000000744400000, 0x0000000744400000, 0x0000000744600000|  0%| F|  |TAMS 0x0000000744400000, 0x0000000744400000| Untracked 
| 508|0x0000000744600000, 0x0000000744600000, 0x0000000744800000|  0%| F|  |TAMS 0x0000000744600000, 0x0000000744600000| Untracked 
| 509|0x0000000744800000, 0x0000000744800000, 0x0000000744a00000|  0%| F|  |TAMS 0x0000000744800000, 0x0000000744800000| Untracked 
| 510|0x0000000744a00000, 0x0000000744a00000, 0x0000000744c00000|  0%| F|  |TAMS 0x0000000744a00000, 0x0000000744a00000| Untracked 
| 511|0x0000000744c00000, 0x0000000744c00000, 0x0000000744e00000|  0%| F|  |TAMS 0x0000000744c00000, 0x0000000744c00000| Untracked 
| 512|0x0000000744e00000, 0x0000000744e00000, 0x0000000745000000|  0%| F|  |TAMS 0x0000000744e00000, 0x0000000744e00000| Untracked 
| 513|0x0000000745000000, 0x0000000745000000, 0x0000000745200000|  0%| F|  |TAMS 0x0000000745000000, 0x0000000745000000| Untracked 
| 514|0x0000000745200000, 0x0000000745200000, 0x0000000745400000|  0%| F|  |TAMS 0x0000000745200000, 0x0000000745200000| Untracked 
| 515|0x0000000745400000, 0x0000000745400000, 0x0000000745600000|  0%| F|  |TAMS 0x0000000745400000, 0x0000000745400000| Untracked 
| 516|0x0000000745600000, 0x0000000745600000, 0x0000000745800000|  0%| F|  |TAMS 0x0000000745600000, 0x0000000745600000| Untracked 
| 517|0x0000000745800000, 0x0000000745800000, 0x0000000745a00000|  0%| F|  |TAMS 0x0000000745800000, 0x0000000745800000| Untracked 
| 518|0x0000000745a00000, 0x0000000745a00000, 0x0000000745c00000|  0%| F|  |TAMS 0x0000000745a00000, 0x0000000745a00000| Untracked 
| 519|0x0000000745c00000, 0x0000000745c00000, 0x0000000745e00000|  0%| F|  |TAMS 0x0000000745c00000, 0x0000000745c00000| Untracked 
| 520|0x0000000745e00000, 0x0000000745e00000, 0x0000000746000000|  0%| F|  |TAMS 0x0000000745e00000, 0x0000000745e00000| Untracked 
| 521|0x0000000746000000, 0x0000000746000000, 0x0000000746200000|  0%| F|  |TAMS 0x0000000746000000, 0x0000000746000000| Untracked 
| 522|0x0000000746200000, 0x0000000746200000, 0x0000000746400000|  0%| F|  |TAMS 0x0000000746200000, 0x0000000746200000| Untracked 
| 523|0x0000000746400000, 0x0000000746400000, 0x0000000746600000|  0%| F|  |TAMS 0x0000000746400000, 0x0000000746400000| Untracked 
| 524|0x0000000746600000, 0x0000000746600000, 0x0000000746800000|  0%| F|  |TAMS 0x0000000746600000, 0x0000000746600000| Untracked 
| 525|0x0000000746800000, 0x0000000746800000, 0x0000000746a00000|  0%| F|  |TAMS 0x0000000746800000, 0x0000000746800000| Untracked 
| 526|0x0000000746a00000, 0x0000000746a00000, 0x0000000746c00000|  0%| F|  |TAMS 0x0000000746a00000, 0x0000000746a00000| Untracked 
| 527|0x0000000746c00000, 0x0000000746c00000, 0x0000000746e00000|  0%| F|  |TAMS 0x0000000746c00000, 0x0000000746c00000| Untracked 
| 528|0x0000000746e00000, 0x0000000746e00000, 0x0000000747000000|  0%| F|  |TAMS 0x0000000746e00000, 0x0000000746e00000| Untracked 
| 529|0x0000000747000000, 0x0000000747000000, 0x0000000747200000|  0%| F|  |TAMS 0x0000000747000000, 0x0000000747000000| Untracked 
| 530|0x0000000747200000, 0x0000000747200000, 0x0000000747400000|  0%| F|  |TAMS 0x0000000747200000, 0x0000000747200000| Untracked 
| 531|0x0000000747400000, 0x0000000747400000, 0x0000000747600000|  0%| F|  |TAMS 0x0000000747400000, 0x0000000747400000| Untracked 
| 532|0x0000000747600000, 0x0000000747600000, 0x0000000747800000|  0%| F|  |TAMS 0x0000000747600000, 0x0000000747600000| Untracked 
| 533|0x0000000747800000, 0x0000000747800000, 0x0000000747a00000|  0%| F|  |TAMS 0x0000000747800000, 0x0000000747800000| Untracked 
| 534|0x0000000747a00000, 0x0000000747a00000, 0x0000000747c00000|  0%| F|  |TAMS 0x0000000747a00000, 0x0000000747a00000| Untracked 
| 535|0x0000000747c00000, 0x0000000747c00000, 0x0000000747e00000|  0%| F|  |TAMS 0x0000000747c00000, 0x0000000747c00000| Untracked 
| 536|0x0000000747e00000, 0x0000000747e00000, 0x0000000748000000|  0%| F|  |TAMS 0x0000000747e00000, 0x0000000747e00000| Untracked 
| 537|0x0000000748000000, 0x0000000748000000, 0x0000000748200000|  0%| F|  |TAMS 0x0000000748000000, 0x0000000748000000| Untracked 
| 538|0x0000000748200000, 0x0000000748200000, 0x0000000748400000|  0%| F|  |TAMS 0x0000000748200000, 0x0000000748200000| Untracked 
| 539|0x0000000748400000, 0x0000000748400000, 0x0000000748600000|  0%| F|  |TAMS 0x0000000748400000, 0x0000000748400000| Untracked 
| 540|0x0000000748600000, 0x0000000748600000, 0x0000000748800000|  0%| F|  |TAMS 0x0000000748600000, 0x0000000748600000| Untracked 
| 541|0x0000000748800000, 0x0000000748800000, 0x0000000748a00000|  0%| F|  |TAMS 0x0000000748800000, 0x0000000748800000| Untracked 
| 542|0x0000000748a00000, 0x0000000748a00000, 0x0000000748c00000|  0%| F|  |TAMS 0x0000000748a00000, 0x0000000748a00000| Untracked 
| 543|0x0000000748c00000, 0x0000000748c00000, 0x0000000748e00000|  0%| F|  |TAMS 0x0000000748c00000, 0x0000000748c00000| Untracked 
| 544|0x0000000748e00000, 0x0000000748e00000, 0x0000000749000000|  0%| F|  |TAMS 0x0000000748e00000, 0x0000000748e00000| Untracked 
| 545|0x0000000749000000, 0x0000000749000000, 0x0000000749200000|  0%| F|  |TAMS 0x0000000749000000, 0x0000000749000000| Untracked 
| 546|0x0000000749200000, 0x0000000749200000, 0x0000000749400000|  0%| F|  |TAMS 0x0000000749200000, 0x0000000749200000| Untracked 
| 547|0x0000000749400000, 0x0000000749400000, 0x0000000749600000|  0%| F|  |TAMS 0x0000000749400000, 0x0000000749400000| Untracked 
| 548|0x0000000749600000, 0x0000000749600000, 0x0000000749800000|  0%| F|  |TAMS 0x0000000749600000, 0x0000000749600000| Untracked 
| 549|0x0000000749800000, 0x0000000749800000, 0x0000000749a00000|  0%| F|  |TAMS 0x0000000749800000, 0x0000000749800000| Untracked 
| 550|0x0000000749a00000, 0x0000000749a00000, 0x0000000749c00000|  0%| F|  |TAMS 0x0000000749a00000, 0x0000000749a00000| Untracked 
| 551|0x0000000749c00000, 0x0000000749c00000, 0x0000000749e00000|  0%| F|  |TAMS 0x0000000749c00000, 0x0000000749c00000| Untracked 
| 552|0x0000000749e00000, 0x0000000749e00000, 0x000000074a000000|  0%| F|  |TAMS 0x0000000749e00000, 0x0000000749e00000| Untracked 
| 553|0x000000074a000000, 0x000000074a000000, 0x000000074a200000|  0%| F|  |TAMS 0x000000074a000000, 0x000000074a000000| Untracked 
| 554|0x000000074a200000, 0x000000074a200000, 0x000000074a400000|  0%| F|  |TAMS 0x000000074a200000, 0x000000074a200000| Untracked 
| 555|0x000000074a400000, 0x000000074a400000, 0x000000074a600000|  0%| F|  |TAMS 0x000000074a400000, 0x000000074a400000| Untracked 
| 556|0x000000074a600000, 0x000000074a600000, 0x000000074a800000|  0%| F|  |TAMS 0x000000074a600000, 0x000000074a600000| Untracked 
| 557|0x000000074a800000, 0x000000074a800000, 0x000000074aa00000|  0%| F|  |TAMS 0x000000074a800000, 0x000000074a800000| Untracked 
| 558|0x000000074aa00000, 0x000000074aa00000, 0x000000074ac00000|  0%| F|  |TAMS 0x000000074aa00000, 0x000000074aa00000| Untracked 
| 559|0x000000074ac00000, 0x000000074ac00000, 0x000000074ae00000|  0%| F|  |TAMS 0x000000074ac00000, 0x000000074ac00000| Untracked 
| 560|0x000000074ae00000, 0x000000074ae00000, 0x000000074b000000|  0%| F|  |TAMS 0x000000074ae00000, 0x000000074ae00000| Untracked 
| 561|0x000000074b000000, 0x000000074b000000, 0x000000074b200000|  0%| F|  |TAMS 0x000000074b000000, 0x000000074b000000| Untracked 
| 562|0x000000074b200000, 0x000000074b200000, 0x000000074b400000|  0%| F|  |TAMS 0x000000074b200000, 0x000000074b200000| Untracked 
| 563|0x000000074b400000, 0x000000074b400000, 0x000000074b600000|  0%| F|  |TAMS 0x000000074b400000, 0x000000074b400000| Untracked 
| 564|0x000000074b600000, 0x000000074b600000, 0x000000074b800000|  0%| F|  |TAMS 0x000000074b600000, 0x000000074b600000| Untracked 
| 565|0x000000074b800000, 0x000000074b800000, 0x000000074ba00000|  0%| F|  |TAMS 0x000000074b800000, 0x000000074b800000| Untracked 
| 566|0x000000074ba00000, 0x000000074ba00000, 0x000000074bc00000|  0%| F|  |TAMS 0x000000074ba00000, 0x000000074ba00000| Untracked 
| 567|0x000000074bc00000, 0x000000074bc00000, 0x000000074be00000|  0%| F|  |TAMS 0x000000074bc00000, 0x000000074bc00000| Untracked 
| 568|0x000000074be00000, 0x000000074be00000, 0x000000074c000000|  0%| F|  |TAMS 0x000000074be00000, 0x000000074be00000| Untracked 
| 569|0x000000074c000000, 0x000000074c000000, 0x000000074c200000|  0%| F|  |TAMS 0x000000074c000000, 0x000000074c000000| Untracked 
| 570|0x000000074c200000, 0x000000074c200000, 0x000000074c400000|  0%| F|  |TAMS 0x000000074c200000, 0x000000074c200000| Untracked 
| 571|0x000000074c400000, 0x000000074c400000, 0x000000074c600000|  0%| F|  |TAMS 0x000000074c400000, 0x000000074c400000| Untracked 
| 572|0x000000074c600000, 0x000000074c600000, 0x000000074c800000|  0%| F|  |TAMS 0x000000074c600000, 0x000000074c600000| Untracked 
| 573|0x000000074c800000, 0x000000074c800000, 0x000000074ca00000|  0%| F|  |TAMS 0x000000074c800000, 0x000000074c800000| Untracked 
| 574|0x000000074ca00000, 0x000000074ca00000, 0x000000074cc00000|  0%| F|  |TAMS 0x000000074ca00000, 0x000000074ca00000| Untracked 
| 575|0x000000074cc00000, 0x000000074cc00000, 0x000000074ce00000|  0%| F|  |TAMS 0x000000074cc00000, 0x000000074cc00000| Untracked 
| 576|0x000000074ce00000, 0x000000074ce00000, 0x000000074d000000|  0%| F|  |TAMS 0x000000074ce00000, 0x000000074ce00000| Untracked 
| 577|0x000000074d000000, 0x000000074d000000, 0x000000074d200000|  0%| F|  |TAMS 0x000000074d000000, 0x000000074d000000| Untracked 
| 578|0x000000074d200000, 0x000000074d200000, 0x000000074d400000|  0%| F|  |TAMS 0x000000074d200000, 0x000000074d200000| Untracked 
| 579|0x000000074d400000, 0x000000074d400000, 0x000000074d600000|  0%| F|  |TAMS 0x000000074d400000, 0x000000074d400000| Untracked 
| 580|0x000000074d600000, 0x000000074d600000, 0x000000074d800000|  0%| F|  |TAMS 0x000000074d600000, 0x000000074d600000| Untracked 
| 581|0x000000074d800000, 0x000000074d800000, 0x000000074da00000|  0%| F|  |TAMS 0x000000074d800000, 0x000000074d800000| Untracked 
| 582|0x000000074da00000, 0x000000074da00000, 0x000000074dc00000|  0%| F|  |TAMS 0x000000074da00000, 0x000000074da00000| Untracked 
| 583|0x000000074dc00000, 0x000000074dc00000, 0x000000074de00000|  0%| F|  |TAMS 0x000000074dc00000, 0x000000074dc00000| Untracked 
| 584|0x000000074de00000, 0x000000074de00000, 0x000000074e000000|  0%| F|  |TAMS 0x000000074de00000, 0x000000074de00000| Untracked 
| 585|0x000000074e000000, 0x000000074e200000, 0x000000074e200000|100%| E|  |TAMS 0x000000074e000000, 0x000000074e000000| Complete 
| 586|0x000000074e200000, 0x000000074e400000, 0x000000074e400000|100%| E|CS|TAMS 0x000000074e200000, 0x000000074e200000| Complete 
| 587|0x000000074e400000, 0x000000074e600000, 0x000000074e600000|100%| E|CS|TAMS 0x000000074e400000, 0x000000074e400000| Complete 
| 588|0x000000074e600000, 0x000000074e800000, 0x000000074e800000|100%| E|CS|TAMS 0x000000074e600000, 0x000000074e600000| Complete 
| 589|0x000000074e800000, 0x000000074ea00000, 0x000000074ea00000|100%| E|CS|TAMS 0x000000074e800000, 0x000000074e800000| Complete 
| 590|0x000000074ea00000, 0x000000074ec00000, 0x000000074ec00000|100%| E|CS|TAMS 0x000000074ea00000, 0x000000074ea00000| Complete 
| 591|0x000000074ec00000, 0x000000074ee00000, 0x000000074ee00000|100%| E|CS|TAMS 0x000000074ec00000, 0x000000074ec00000| Complete 
| 592|0x000000074ee00000, 0x000000074f000000, 0x000000074f000000|100%| E|CS|TAMS 0x000000074ee00000, 0x000000074ee00000| Complete 
| 593|0x000000074f000000, 0x000000074f200000, 0x000000074f200000|100%| E|CS|TAMS 0x000000074f000000, 0x000000074f000000| Complete 
| 594|0x000000074f200000, 0x000000074f400000, 0x000000074f400000|100%| E|CS|TAMS 0x000000074f200000, 0x000000074f200000| Complete 
| 595|0x000000074f400000, 0x000000074f600000, 0x000000074f600000|100%| E|CS|TAMS 0x000000074f400000, 0x000000074f400000| Complete 
| 596|0x000000074f600000, 0x000000074f800000, 0x000000074f800000|100%| E|CS|TAMS 0x000000074f600000, 0x000000074f600000| Complete 
| 597|0x000000074f800000, 0x000000074fa00000, 0x000000074fa00000|100%| E|CS|TAMS 0x000000074f800000, 0x000000074f800000| Complete 
| 598|0x000000074fa00000, 0x000000074fc00000, 0x000000074fc00000|100%| E|CS|TAMS 0x000000074fa00000, 0x000000074fa00000| Complete 
| 599|0x000000074fc00000, 0x000000074fe00000, 0x000000074fe00000|100%| E|CS|TAMS 0x000000074fc00000, 0x000000074fc00000| Complete 
| 600|0x000000074fe00000, 0x0000000750000000, 0x0000000750000000|100%| E|CS|TAMS 0x000000074fe00000, 0x000000074fe00000| Complete 
| 601|0x0000000750000000, 0x0000000750200000, 0x0000000750200000|100%| E|CS|TAMS 0x0000000750000000, 0x0000000750000000| Complete 
| 602|0x0000000750200000, 0x0000000750400000, 0x0000000750400000|100%| E|CS|TAMS 0x0000000750200000, 0x0000000750200000| Complete 
| 603|0x0000000750400000, 0x0000000750600000, 0x0000000750600000|100%| E|CS|TAMS 0x0000000750400000, 0x0000000750400000| Complete 
| 604|0x0000000750600000, 0x0000000750800000, 0x0000000750800000|100%| E|CS|TAMS 0x0000000750600000, 0x0000000750600000| Complete 
| 605|0x0000000750800000, 0x0000000750a00000, 0x0000000750a00000|100%| E|CS|TAMS 0x0000000750800000, 0x0000000750800000| Complete 
| 606|0x0000000750a00000, 0x0000000750c00000, 0x0000000750c00000|100%| E|CS|TAMS 0x0000000750a00000, 0x0000000750a00000| Complete 
| 607|0x0000000750c00000, 0x0000000750e00000, 0x0000000750e00000|100%| E|CS|TAMS 0x0000000750c00000, 0x0000000750c00000| Complete 
| 608|0x0000000750e00000, 0x0000000751000000, 0x0000000751000000|100%| E|CS|TAMS 0x0000000750e00000, 0x0000000750e00000| Complete 
| 609|0x0000000751000000, 0x0000000751200000, 0x0000000751200000|100%| E|CS|TAMS 0x0000000751000000, 0x0000000751000000| Complete 
| 610|0x0000000751200000, 0x0000000751400000, 0x0000000751400000|100%| E|CS|TAMS 0x0000000751200000, 0x0000000751200000| Complete 
| 611|0x0000000751400000, 0x0000000751600000, 0x0000000751600000|100%| E|CS|TAMS 0x0000000751400000, 0x0000000751400000| Complete 
| 612|0x0000000751600000, 0x0000000751800000, 0x0000000751800000|100%| E|CS|TAMS 0x0000000751600000, 0x0000000751600000| Complete 
| 613|0x0000000751800000, 0x0000000751a00000, 0x0000000751a00000|100%| E|CS|TAMS 0x0000000751800000, 0x0000000751800000| Complete 
| 614|0x0000000751a00000, 0x0000000751c00000, 0x0000000751c00000|100%| E|CS|TAMS 0x0000000751a00000, 0x0000000751a00000| Complete 
| 615|0x0000000751c00000, 0x0000000751e00000, 0x0000000751e00000|100%| E|CS|TAMS 0x0000000751c00000, 0x0000000751c00000| Complete 
| 616|0x0000000751e00000, 0x0000000752000000, 0x0000000752000000|100%| E|CS|TAMS 0x0000000751e00000, 0x0000000751e00000| Complete 
| 617|0x0000000752000000, 0x0000000752200000, 0x0000000752200000|100%| E|CS|TAMS 0x0000000752000000, 0x0000000752000000| Complete 
| 618|0x0000000752200000, 0x0000000752400000, 0x0000000752400000|100%| E|CS|TAMS 0x0000000752200000, 0x0000000752200000| Complete 
| 619|0x0000000752400000, 0x0000000752600000, 0x0000000752600000|100%| E|CS|TAMS 0x0000000752400000, 0x0000000752400000| Complete 
| 620|0x0000000752600000, 0x0000000752800000, 0x0000000752800000|100%| E|CS|TAMS 0x0000000752600000, 0x0000000752600000| Complete 
| 621|0x0000000752800000, 0x0000000752a00000, 0x0000000752a00000|100%| E|CS|TAMS 0x0000000752800000, 0x0000000752800000| Complete 
| 622|0x0000000752a00000, 0x0000000752c00000, 0x0000000752c00000|100%| E|CS|TAMS 0x0000000752a00000, 0x0000000752a00000| Complete 
| 623|0x0000000752c00000, 0x0000000752e00000, 0x0000000752e00000|100%| E|CS|TAMS 0x0000000752c00000, 0x0000000752c00000| Complete 
| 624|0x0000000752e00000, 0x0000000753000000, 0x0000000753000000|100%| E|CS|TAMS 0x0000000752e00000, 0x0000000752e00000| Complete 
| 625|0x0000000753000000, 0x0000000753200000, 0x0000000753200000|100%| E|CS|TAMS 0x0000000753000000, 0x0000000753000000| Complete 
| 626|0x0000000753200000, 0x0000000753400000, 0x0000000753400000|100%| E|CS|TAMS 0x0000000753200000, 0x0000000753200000| Complete 
| 627|0x0000000753400000, 0x0000000753600000, 0x0000000753600000|100%| E|CS|TAMS 0x0000000753400000, 0x0000000753400000| Complete 
| 628|0x0000000753600000, 0x0000000753800000, 0x0000000753800000|100%| E|CS|TAMS 0x0000000753600000, 0x0000000753600000| Complete 
| 629|0x0000000753800000, 0x0000000753a00000, 0x0000000753a00000|100%| E|CS|TAMS 0x0000000753800000, 0x0000000753800000| Complete 
| 630|0x0000000753a00000, 0x0000000753c00000, 0x0000000753c00000|100%| E|CS|TAMS 0x0000000753a00000, 0x0000000753a00000| Complete 
| 631|0x0000000753c00000, 0x0000000753e00000, 0x0000000753e00000|100%| E|CS|TAMS 0x0000000753c00000, 0x0000000753c00000| Complete 
| 632|0x0000000753e00000, 0x0000000754000000, 0x0000000754000000|100%| E|CS|TAMS 0x0000000753e00000, 0x0000000753e00000| Complete 
| 633|0x0000000754000000, 0x0000000754200000, 0x0000000754200000|100%| E|CS|TAMS 0x0000000754000000, 0x0000000754000000| Complete 
| 634|0x0000000754200000, 0x0000000754400000, 0x0000000754400000|100%| E|CS|TAMS 0x0000000754200000, 0x0000000754200000| Complete 
| 635|0x0000000754400000, 0x0000000754600000, 0x0000000754600000|100%| E|CS|TAMS 0x0000000754400000, 0x0000000754400000| Complete 
| 636|0x0000000754600000, 0x0000000754800000, 0x0000000754800000|100%| E|CS|TAMS 0x0000000754600000, 0x0000000754600000| Complete 
| 637|0x0000000754800000, 0x0000000754a00000, 0x0000000754a00000|100%| E|CS|TAMS 0x0000000754800000, 0x0000000754800000| Complete 
| 638|0x0000000754a00000, 0x0000000754c00000, 0x0000000754c00000|100%| E|CS|TAMS 0x0000000754a00000, 0x0000000754a00000| Complete 
| 639|0x0000000754c00000, 0x0000000754e00000, 0x0000000754e00000|100%| E|CS|TAMS 0x0000000754c00000, 0x0000000754c00000| Complete 
| 640|0x0000000754e00000, 0x0000000755000000, 0x0000000755000000|100%| E|CS|TAMS 0x0000000754e00000, 0x0000000754e00000| Complete 
| 641|0x0000000755000000, 0x0000000755200000, 0x0000000755200000|100%| E|CS|TAMS 0x0000000755000000, 0x0000000755000000| Complete 
| 642|0x0000000755200000, 0x0000000755400000, 0x0000000755400000|100%| E|CS|TAMS 0x0000000755200000, 0x0000000755200000| Complete 
| 643|0x0000000755400000, 0x0000000755600000, 0x0000000755600000|100%| E|CS|TAMS 0x0000000755400000, 0x0000000755400000| Complete 
| 644|0x0000000755600000, 0x0000000755800000, 0x0000000755800000|100%| E|CS|TAMS 0x0000000755600000, 0x0000000755600000| Complete 
| 645|0x0000000755800000, 0x0000000755a00000, 0x0000000755a00000|100%| E|CS|TAMS 0x0000000755800000, 0x0000000755800000| Complete 
| 646|0x0000000755a00000, 0x0000000755c00000, 0x0000000755c00000|100%| E|CS|TAMS 0x0000000755a00000, 0x0000000755a00000| Complete 
| 647|0x0000000755c00000, 0x0000000755e00000, 0x0000000755e00000|100%| E|CS|TAMS 0x0000000755c00000, 0x0000000755c00000| Complete 
| 648|0x0000000755e00000, 0x0000000756000000, 0x0000000756000000|100%| E|CS|TAMS 0x0000000755e00000, 0x0000000755e00000| Complete 
| 649|0x0000000756000000, 0x0000000756200000, 0x0000000756200000|100%| E|CS|TAMS 0x0000000756000000, 0x0000000756000000| Complete 
| 650|0x0000000756200000, 0x0000000756400000, 0x0000000756400000|100%| E|CS|TAMS 0x0000000756200000, 0x0000000756200000| Complete 
| 651|0x0000000756400000, 0x0000000756600000, 0x0000000756600000|100%| E|CS|TAMS 0x0000000756400000, 0x0000000756400000| Complete 
| 652|0x0000000756600000, 0x0000000756800000, 0x0000000756800000|100%| E|CS|TAMS 0x0000000756600000, 0x0000000756600000| Complete 
| 653|0x0000000756800000, 0x0000000756a00000, 0x0000000756a00000|100%| E|CS|TAMS 0x0000000756800000, 0x0000000756800000| Complete 
| 654|0x0000000756a00000, 0x0000000756c00000, 0x0000000756c00000|100%| E|CS|TAMS 0x0000000756a00000, 0x0000000756a00000| Complete 
| 655|0x0000000756c00000, 0x0000000756e00000, 0x0000000756e00000|100%| E|CS|TAMS 0x0000000756c00000, 0x0000000756c00000| Complete 
| 656|0x0000000756e00000, 0x0000000757000000, 0x0000000757000000|100%| E|CS|TAMS 0x0000000756e00000, 0x0000000756e00000| Complete 
| 657|0x0000000757000000, 0x0000000757200000, 0x0000000757200000|100%| E|CS|TAMS 0x0000000757000000, 0x0000000757000000| Complete 
| 658|0x0000000757200000, 0x0000000757400000, 0x0000000757400000|100%| E|CS|TAMS 0x0000000757200000, 0x0000000757200000| Complete 
| 659|0x0000000757400000, 0x0000000757600000, 0x0000000757600000|100%| E|CS|TAMS 0x0000000757400000, 0x0000000757400000| Complete 
| 660|0x0000000757600000, 0x0000000757800000, 0x0000000757800000|100%| E|CS|TAMS 0x0000000757600000, 0x0000000757600000| Complete 
| 661|0x0000000757800000, 0x0000000757a00000, 0x0000000757a00000|100%| E|CS|TAMS 0x0000000757800000, 0x0000000757800000| Complete 
| 662|0x0000000757a00000, 0x0000000757c00000, 0x0000000757c00000|100%| E|CS|TAMS 0x0000000757a00000, 0x0000000757a00000| Complete 
| 663|0x0000000757c00000, 0x0000000757e00000, 0x0000000757e00000|100%| E|CS|TAMS 0x0000000757c00000, 0x0000000757c00000| Complete 
| 664|0x0000000757e00000, 0x0000000758000000, 0x0000000758000000|100%| E|CS|TAMS 0x0000000757e00000, 0x0000000757e00000| Complete 
| 665|0x0000000758000000, 0x0000000758200000, 0x0000000758200000|100%| E|CS|TAMS 0x0000000758000000, 0x0000000758000000| Complete 
| 666|0x0000000758200000, 0x0000000758400000, 0x0000000758400000|100%| E|CS|TAMS 0x0000000758200000, 0x0000000758200000| Complete 
| 667|0x0000000758400000, 0x0000000758600000, 0x0000000758600000|100%| E|CS|TAMS 0x0000000758400000, 0x0000000758400000| Complete 
| 668|0x0000000758600000, 0x0000000758800000, 0x0000000758800000|100%| E|CS|TAMS 0x0000000758600000, 0x0000000758600000| Complete 
| 669|0x0000000758800000, 0x0000000758a00000, 0x0000000758a00000|100%| E|CS|TAMS 0x0000000758800000, 0x0000000758800000| Complete 
| 670|0x0000000758a00000, 0x0000000758c00000, 0x0000000758c00000|100%| E|CS|TAMS 0x0000000758a00000, 0x0000000758a00000| Complete 
| 671|0x0000000758c00000, 0x0000000758e00000, 0x0000000758e00000|100%| E|CS|TAMS 0x0000000758c00000, 0x0000000758c00000| Complete 
| 672|0x0000000758e00000, 0x0000000759000000, 0x0000000759000000|100%| E|CS|TAMS 0x0000000758e00000, 0x0000000758e00000| Complete 
| 673|0x0000000759000000, 0x0000000759200000, 0x0000000759200000|100%| E|CS|TAMS 0x0000000759000000, 0x0000000759000000| Complete 
| 674|0x0000000759200000, 0x0000000759400000, 0x0000000759400000|100%| E|CS|TAMS 0x0000000759200000, 0x0000000759200000| Complete 
| 675|0x0000000759400000, 0x0000000759600000, 0x0000000759600000|100%| E|CS|TAMS 0x0000000759400000, 0x0000000759400000| Complete 
| 676|0x0000000759600000, 0x0000000759800000, 0x0000000759800000|100%| E|CS|TAMS 0x0000000759600000, 0x0000000759600000| Complete 
| 677|0x0000000759800000, 0x0000000759a00000, 0x0000000759a00000|100%| E|CS|TAMS 0x0000000759800000, 0x0000000759800000| Complete 
| 678|0x0000000759a00000, 0x0000000759c00000, 0x0000000759c00000|100%| E|CS|TAMS 0x0000000759a00000, 0x0000000759a00000| Complete 
| 679|0x0000000759c00000, 0x0000000759e00000, 0x0000000759e00000|100%| E|CS|TAMS 0x0000000759c00000, 0x0000000759c00000| Complete 
| 680|0x0000000759e00000, 0x000000075a000000, 0x000000075a000000|100%| E|CS|TAMS 0x0000000759e00000, 0x0000000759e00000| Complete 
| 681|0x000000075a000000, 0x000000075a200000, 0x000000075a200000|100%| E|CS|TAMS 0x000000075a000000, 0x000000075a000000| Complete 
| 682|0x000000075a200000, 0x000000075a400000, 0x000000075a400000|100%| E|CS|TAMS 0x000000075a200000, 0x000000075a200000| Complete 
| 683|0x000000075a400000, 0x000000075a600000, 0x000000075a600000|100%| E|CS|TAMS 0x000000075a400000, 0x000000075a400000| Complete 
| 684|0x000000075a600000, 0x000000075a800000, 0x000000075a800000|100%| E|CS|TAMS 0x000000075a600000, 0x000000075a600000| Complete 
| 685|0x000000075a800000, 0x000000075aa00000, 0x000000075aa00000|100%| E|CS|TAMS 0x000000075a800000, 0x000000075a800000| Complete 
| 686|0x000000075aa00000, 0x000000075ac00000, 0x000000075ac00000|100%| E|CS|TAMS 0x000000075aa00000, 0x000000075aa00000| Complete 
| 687|0x000000075ac00000, 0x000000075ae00000, 0x000000075ae00000|100%| E|CS|TAMS 0x000000075ac00000, 0x000000075ac00000| Complete 
| 688|0x000000075ae00000, 0x000000075b000000, 0x000000075b000000|100%| E|CS|TAMS 0x000000075ae00000, 0x000000075ae00000| Complete 
| 689|0x000000075b000000, 0x000000075b200000, 0x000000075b200000|100%| E|CS|TAMS 0x000000075b000000, 0x000000075b000000| Complete 
| 690|0x000000075b200000, 0x000000075b400000, 0x000000075b400000|100%| E|CS|TAMS 0x000000075b200000, 0x000000075b200000| Complete 
| 691|0x000000075b400000, 0x000000075b600000, 0x000000075b600000|100%| E|CS|TAMS 0x000000075b400000, 0x000000075b400000| Complete 
| 692|0x000000075b600000, 0x000000075b800000, 0x000000075b800000|100%| E|CS|TAMS 0x000000075b600000, 0x000000075b600000| Complete 
| 693|0x000000075b800000, 0x000000075ba00000, 0x000000075ba00000|100%| E|CS|TAMS 0x000000075b800000, 0x000000075b800000| Complete 
| 694|0x000000075ba00000, 0x000000075bc00000, 0x000000075bc00000|100%| E|CS|TAMS 0x000000075ba00000, 0x000000075ba00000| Complete 
| 695|0x000000075bc00000, 0x000000075be00000, 0x000000075be00000|100%| E|CS|TAMS 0x000000075bc00000, 0x000000075bc00000| Complete 
| 696|0x000000075be00000, 0x000000075c000000, 0x000000075c000000|100%| E|CS|TAMS 0x000000075be00000, 0x000000075be00000| Complete 
| 697|0x000000075c000000, 0x000000075c200000, 0x000000075c200000|100%| E|CS|TAMS 0x000000075c000000, 0x000000075c000000| Complete 
| 698|0x000000075c200000, 0x000000075c400000, 0x000000075c400000|100%| E|CS|TAMS 0x000000075c200000, 0x000000075c200000| Complete 
| 699|0x000000075c400000, 0x000000075c600000, 0x000000075c600000|100%| E|CS|TAMS 0x000000075c400000, 0x000000075c400000| Complete 
| 700|0x000000075c600000, 0x000000075c800000, 0x000000075c800000|100%| E|CS|TAMS 0x000000075c600000, 0x000000075c600000| Complete 
| 701|0x000000075c800000, 0x000000075ca00000, 0x000000075ca00000|100%| E|CS|TAMS 0x000000075c800000, 0x000000075c800000| Complete 
| 702|0x000000075ca00000, 0x000000075cc00000, 0x000000075cc00000|100%| E|CS|TAMS 0x000000075ca00000, 0x000000075ca00000| Complete 
| 703|0x000000075cc00000, 0x000000075ce00000, 0x000000075ce00000|100%| E|CS|TAMS 0x000000075cc00000, 0x000000075cc00000| Complete 
| 704|0x000000075ce00000, 0x000000075d000000, 0x000000075d000000|100%| E|CS|TAMS 0x000000075ce00000, 0x000000075ce00000| Complete 
| 705|0x000000075d000000, 0x000000075d200000, 0x000000075d200000|100%| E|CS|TAMS 0x000000075d000000, 0x000000075d000000| Complete 
| 706|0x000000075d200000, 0x000000075d400000, 0x000000075d400000|100%| E|CS|TAMS 0x000000075d200000, 0x000000075d200000| Complete 
| 707|0x000000075d400000, 0x000000075d600000, 0x000000075d600000|100%| E|CS|TAMS 0x000000075d400000, 0x000000075d400000| Complete 
| 708|0x000000075d600000, 0x000000075d800000, 0x000000075d800000|100%| E|CS|TAMS 0x000000075d600000, 0x000000075d600000| Complete 
| 709|0x000000075d800000, 0x000000075da00000, 0x000000075da00000|100%| E|CS|TAMS 0x000000075d800000, 0x000000075d800000| Complete 
| 710|0x000000075da00000, 0x000000075dc00000, 0x000000075dc00000|100%| E|CS|TAMS 0x000000075da00000, 0x000000075da00000| Complete 
| 711|0x000000075dc00000, 0x000000075de00000, 0x000000075de00000|100%| E|CS|TAMS 0x000000075dc00000, 0x000000075dc00000| Complete 
| 712|0x000000075de00000, 0x000000075e000000, 0x000000075e000000|100%| E|CS|TAMS 0x000000075de00000, 0x000000075de00000| Complete 
| 713|0x000000075e000000, 0x000000075e200000, 0x000000075e200000|100%| E|CS|TAMS 0x000000075e000000, 0x000000075e000000| Complete 
| 714|0x000000075e200000, 0x000000075e400000, 0x000000075e400000|100%| E|CS|TAMS 0x000000075e200000, 0x000000075e200000| Complete 
| 715|0x000000075e400000, 0x000000075e600000, 0x000000075e600000|100%| E|CS|TAMS 0x000000075e400000, 0x000000075e400000| Complete 
| 716|0x000000075e600000, 0x000000075e800000, 0x000000075e800000|100%| E|CS|TAMS 0x000000075e600000, 0x000000075e600000| Complete 
| 717|0x000000075e800000, 0x000000075ea00000, 0x000000075ea00000|100%| E|CS|TAMS 0x000000075e800000, 0x000000075e800000| Complete 
| 718|0x000000075ea00000, 0x000000075ec00000, 0x000000075ec00000|100%| E|CS|TAMS 0x000000075ea00000, 0x000000075ea00000| Complete 
| 719|0x000000075ec00000, 0x000000075ee00000, 0x000000075ee00000|100%| E|CS|TAMS 0x000000075ec00000, 0x000000075ec00000| Complete 
| 720|0x000000075ee00000, 0x000000075f000000, 0x000000075f000000|100%| E|CS|TAMS 0x000000075ee00000, 0x000000075ee00000| Complete 
| 721|0x000000075f000000, 0x000000075f200000, 0x000000075f200000|100%| E|CS|TAMS 0x000000075f000000, 0x000000075f000000| Complete 
| 722|0x000000075f200000, 0x000000075f400000, 0x000000075f400000|100%| E|CS|TAMS 0x000000075f200000, 0x000000075f200000| Complete 
| 723|0x000000075f400000, 0x000000075f600000, 0x000000075f600000|100%| E|CS|TAMS 0x000000075f400000, 0x000000075f400000| Complete 
| 724|0x000000075f600000, 0x000000075f800000, 0x000000075f800000|100%| E|CS|TAMS 0x000000075f600000, 0x000000075f600000| Complete 
| 725|0x000000075f800000, 0x000000075fa00000, 0x000000075fa00000|100%| E|CS|TAMS 0x000000075f800000, 0x000000075f800000| Complete 
| 726|0x000000075fa00000, 0x000000075fc00000, 0x000000075fc00000|100%| E|CS|TAMS 0x000000075fa00000, 0x000000075fa00000| Complete 
| 727|0x000000075fc00000, 0x000000075fe00000, 0x000000075fe00000|100%| E|CS|TAMS 0x000000075fc00000, 0x000000075fc00000| Complete 
| 728|0x000000075fe00000, 0x0000000760000000, 0x0000000760000000|100%| E|CS|TAMS 0x000000075fe00000, 0x000000075fe00000| Complete 
| 729|0x0000000760000000, 0x0000000760200000, 0x0000000760200000|100%| E|CS|TAMS 0x0000000760000000, 0x0000000760000000| Complete 
| 730|0x0000000760200000, 0x0000000760400000, 0x0000000760400000|100%| E|CS|TAMS 0x0000000760200000, 0x0000000760200000| Complete 
| 731|0x0000000760400000, 0x0000000760600000, 0x0000000760600000|100%| E|CS|TAMS 0x0000000760400000, 0x0000000760400000| Complete 
| 732|0x0000000760600000, 0x0000000760800000, 0x0000000760800000|100%| E|CS|TAMS 0x0000000760600000, 0x0000000760600000| Complete 
| 733|0x0000000760800000, 0x0000000760a00000, 0x0000000760a00000|100%| E|CS|TAMS 0x0000000760800000, 0x0000000760800000| Complete 
| 734|0x0000000760a00000, 0x0000000760c00000, 0x0000000760c00000|100%| E|CS|TAMS 0x0000000760a00000, 0x0000000760a00000| Complete 
| 735|0x0000000760c00000, 0x0000000760e00000, 0x0000000760e00000|100%| E|CS|TAMS 0x0000000760c00000, 0x0000000760c00000| Complete 
| 736|0x0000000760e00000, 0x0000000761000000, 0x0000000761000000|100%| E|CS|TAMS 0x0000000760e00000, 0x0000000760e00000| Complete 
| 737|0x0000000761000000, 0x0000000761200000, 0x0000000761200000|100%| E|CS|TAMS 0x0000000761000000, 0x0000000761000000| Complete 
| 738|0x0000000761200000, 0x0000000761400000, 0x0000000761400000|100%| E|CS|TAMS 0x0000000761200000, 0x0000000761200000| Complete 
| 739|0x0000000761400000, 0x0000000761600000, 0x0000000761600000|100%| E|CS|TAMS 0x0000000761400000, 0x0000000761400000| Complete 
| 740|0x0000000761600000, 0x0000000761800000, 0x0000000761800000|100%| E|CS|TAMS 0x0000000761600000, 0x0000000761600000| Complete 
| 741|0x0000000761800000, 0x0000000761a00000, 0x0000000761a00000|100%| E|CS|TAMS 0x0000000761800000, 0x0000000761800000| Complete 
| 742|0x0000000761a00000, 0x0000000761c00000, 0x0000000761c00000|100%| E|CS|TAMS 0x0000000761a00000, 0x0000000761a00000| Complete 
| 743|0x0000000761c00000, 0x0000000761e00000, 0x0000000761e00000|100%| E|CS|TAMS 0x0000000761c00000, 0x0000000761c00000| Complete 
| 744|0x0000000761e00000, 0x0000000762000000, 0x0000000762000000|100%| E|CS|TAMS 0x0000000761e00000, 0x0000000761e00000| Complete 
| 745|0x0000000762000000, 0x0000000762200000, 0x0000000762200000|100%| E|CS|TAMS 0x0000000762000000, 0x0000000762000000| Complete 
| 746|0x0000000762200000, 0x0000000762400000, 0x0000000762400000|100%| E|CS|TAMS 0x0000000762200000, 0x0000000762200000| Complete 
| 747|0x0000000762400000, 0x0000000762600000, 0x0000000762600000|100%| E|CS|TAMS 0x0000000762400000, 0x0000000762400000| Complete 
| 748|0x0000000762600000, 0x0000000762800000, 0x0000000762800000|100%| E|CS|TAMS 0x0000000762600000, 0x0000000762600000| Complete 
| 749|0x0000000762800000, 0x0000000762a00000, 0x0000000762a00000|100%| E|CS|TAMS 0x0000000762800000, 0x0000000762800000| Complete 
| 750|0x0000000762a00000, 0x0000000762c00000, 0x0000000762c00000|100%| E|CS|TAMS 0x0000000762a00000, 0x0000000762a00000| Complete 
| 751|0x0000000762c00000, 0x0000000762e00000, 0x0000000762e00000|100%| E|CS|TAMS 0x0000000762c00000, 0x0000000762c00000| Complete 
| 752|0x0000000762e00000, 0x0000000763000000, 0x0000000763000000|100%| E|CS|TAMS 0x0000000762e00000, 0x0000000762e00000| Complete 
| 753|0x0000000763000000, 0x0000000763200000, 0x0000000763200000|100%| E|CS|TAMS 0x0000000763000000, 0x0000000763000000| Complete 
| 754|0x0000000763200000, 0x0000000763400000, 0x0000000763400000|100%| E|CS|TAMS 0x0000000763200000, 0x0000000763200000| Complete 
| 755|0x0000000763400000, 0x0000000763600000, 0x0000000763600000|100%| E|CS|TAMS 0x0000000763400000, 0x0000000763400000| Complete 
| 756|0x0000000763600000, 0x0000000763800000, 0x0000000763800000|100%| E|CS|TAMS 0x0000000763600000, 0x0000000763600000| Complete 
| 757|0x0000000763800000, 0x0000000763a00000, 0x0000000763a00000|100%| E|CS|TAMS 0x0000000763800000, 0x0000000763800000| Complete 
| 758|0x0000000763a00000, 0x0000000763c00000, 0x0000000763c00000|100%| E|CS|TAMS 0x0000000763a00000, 0x0000000763a00000| Complete 
| 759|0x0000000763c00000, 0x0000000763e00000, 0x0000000763e00000|100%| E|CS|TAMS 0x0000000763c00000, 0x0000000763c00000| Complete 
| 760|0x0000000763e00000, 0x0000000764000000, 0x0000000764000000|100%| E|CS|TAMS 0x0000000763e00000, 0x0000000763e00000| Complete 
| 761|0x0000000764000000, 0x0000000764200000, 0x0000000764200000|100%| E|CS|TAMS 0x0000000764000000, 0x0000000764000000| Complete 
| 762|0x0000000764200000, 0x0000000764400000, 0x0000000764400000|100%| E|CS|TAMS 0x0000000764200000, 0x0000000764200000| Complete 
| 763|0x0000000764400000, 0x0000000764600000, 0x0000000764600000|100%| E|CS|TAMS 0x0000000764400000, 0x0000000764400000| Complete 
| 764|0x0000000764600000, 0x0000000764800000, 0x0000000764800000|100%| E|CS|TAMS 0x0000000764600000, 0x0000000764600000| Complete 
| 765|0x0000000764800000, 0x0000000764a00000, 0x0000000764a00000|100%| E|CS|TAMS 0x0000000764800000, 0x0000000764800000| Complete 
| 766|0x0000000764a00000, 0x0000000764c00000, 0x0000000764c00000|100%| E|CS|TAMS 0x0000000764a00000, 0x0000000764a00000| Complete 
| 767|0x0000000764c00000, 0x0000000764e00000, 0x0000000764e00000|100%| E|CS|TAMS 0x0000000764c00000, 0x0000000764c00000| Complete 
| 768|0x0000000764e00000, 0x0000000765000000, 0x0000000765000000|100%| E|CS|TAMS 0x0000000764e00000, 0x0000000764e00000| Complete 
| 769|0x0000000765000000, 0x0000000765200000, 0x0000000765200000|100%| E|CS|TAMS 0x0000000765000000, 0x0000000765000000| Complete 
| 770|0x0000000765200000, 0x0000000765400000, 0x0000000765400000|100%| E|CS|TAMS 0x0000000765200000, 0x0000000765200000| Complete 
| 771|0x0000000765400000, 0x0000000765600000, 0x0000000765600000|100%| E|CS|TAMS 0x0000000765400000, 0x0000000765400000| Complete 
| 772|0x0000000765600000, 0x0000000765800000, 0x0000000765800000|100%| E|CS|TAMS 0x0000000765600000, 0x0000000765600000| Complete 
| 773|0x0000000765800000, 0x0000000765a00000, 0x0000000765a00000|100%| E|CS|TAMS 0x0000000765800000, 0x0000000765800000| Complete 
| 774|0x0000000765a00000, 0x0000000765c00000, 0x0000000765c00000|100%| E|CS|TAMS 0x0000000765a00000, 0x0000000765a00000| Complete 
| 775|0x0000000765c00000, 0x0000000765e00000, 0x0000000765e00000|100%| E|CS|TAMS 0x0000000765c00000, 0x0000000765c00000| Complete 
| 776|0x0000000765e00000, 0x0000000766000000, 0x0000000766000000|100%| E|CS|TAMS 0x0000000765e00000, 0x0000000765e00000| Complete 
| 777|0x0000000766000000, 0x0000000766200000, 0x0000000766200000|100%| E|CS|TAMS 0x0000000766000000, 0x0000000766000000| Complete 
| 778|0x0000000766200000, 0x0000000766400000, 0x0000000766400000|100%| E|CS|TAMS 0x0000000766200000, 0x0000000766200000| Complete 
| 779|0x0000000766400000, 0x0000000766600000, 0x0000000766600000|100%| E|CS|TAMS 0x0000000766400000, 0x0000000766400000| Complete 
| 780|0x0000000766600000, 0x0000000766800000, 0x0000000766800000|100%| E|CS|TAMS 0x0000000766600000, 0x0000000766600000| Complete 
| 781|0x0000000766800000, 0x0000000766a00000, 0x0000000766a00000|100%| E|CS|TAMS 0x0000000766800000, 0x0000000766800000| Complete 
| 782|0x0000000766a00000, 0x0000000766c00000, 0x0000000766c00000|100%| E|CS|TAMS 0x0000000766a00000, 0x0000000766a00000| Complete 
| 783|0x0000000766c00000, 0x0000000766e00000, 0x0000000766e00000|100%| E|CS|TAMS 0x0000000766c00000, 0x0000000766c00000| Complete 
| 784|0x0000000766e00000, 0x0000000767000000, 0x0000000767000000|100%| E|CS|TAMS 0x0000000766e00000, 0x0000000766e00000| Complete 
| 785|0x0000000767000000, 0x0000000767200000, 0x0000000767200000|100%| E|CS|TAMS 0x0000000767000000, 0x0000000767000000| Complete 
| 786|0x0000000767200000, 0x0000000767400000, 0x0000000767400000|100%| E|CS|TAMS 0x0000000767200000, 0x0000000767200000| Complete 
| 787|0x0000000767400000, 0x0000000767600000, 0x0000000767600000|100%| E|CS|TAMS 0x0000000767400000, 0x0000000767400000| Complete 
| 788|0x0000000767600000, 0x0000000767800000, 0x0000000767800000|100%| E|CS|TAMS 0x0000000767600000, 0x0000000767600000| Complete 
| 789|0x0000000767800000, 0x0000000767a00000, 0x0000000767a00000|100%| E|CS|TAMS 0x0000000767800000, 0x0000000767800000| Complete 
| 790|0x0000000767a00000, 0x0000000767c00000, 0x0000000767c00000|100%| E|CS|TAMS 0x0000000767a00000, 0x0000000767a00000| Complete 
| 791|0x0000000767c00000, 0x0000000767e00000, 0x0000000767e00000|100%| E|CS|TAMS 0x0000000767c00000, 0x0000000767c00000| Complete 
| 792|0x0000000767e00000, 0x0000000768000000, 0x0000000768000000|100%| E|CS|TAMS 0x0000000767e00000, 0x0000000767e00000| Complete 
| 793|0x0000000768000000, 0x0000000768200000, 0x0000000768200000|100%| E|CS|TAMS 0x0000000768000000, 0x0000000768000000| Complete 
| 794|0x0000000768200000, 0x0000000768400000, 0x0000000768400000|100%| E|CS|TAMS 0x0000000768200000, 0x0000000768200000| Complete 
| 795|0x0000000768400000, 0x0000000768600000, 0x0000000768600000|100%| E|CS|TAMS 0x0000000768400000, 0x0000000768400000| Complete 
| 796|0x0000000768600000, 0x0000000768800000, 0x0000000768800000|100%| E|CS|TAMS 0x0000000768600000, 0x0000000768600000| Complete 
| 797|0x0000000768800000, 0x0000000768a00000, 0x0000000768a00000|100%| E|CS|TAMS 0x0000000768800000, 0x0000000768800000| Complete 
| 798|0x0000000768a00000, 0x0000000768c00000, 0x0000000768c00000|100%| E|CS|TAMS 0x0000000768a00000, 0x0000000768a00000| Complete 
| 799|0x0000000768c00000, 0x0000000768e00000, 0x0000000768e00000|100%| E|CS|TAMS 0x0000000768c00000, 0x0000000768c00000| Complete 
| 800|0x0000000768e00000, 0x0000000769000000, 0x0000000769000000|100%| E|CS|TAMS 0x0000000768e00000, 0x0000000768e00000| Complete 
| 801|0x0000000769000000, 0x0000000769200000, 0x0000000769200000|100%| E|CS|TAMS 0x0000000769000000, 0x0000000769000000| Complete 
| 802|0x0000000769200000, 0x0000000769400000, 0x0000000769400000|100%| E|CS|TAMS 0x0000000769200000, 0x0000000769200000| Complete 
| 803|0x0000000769400000, 0x0000000769600000, 0x0000000769600000|100%| E|CS|TAMS 0x0000000769400000, 0x0000000769400000| Complete 
| 804|0x0000000769600000, 0x0000000769800000, 0x0000000769800000|100%| E|CS|TAMS 0x0000000769600000, 0x0000000769600000| Complete 
| 805|0x0000000769800000, 0x0000000769a00000, 0x0000000769a00000|100%| E|CS|TAMS 0x0000000769800000, 0x0000000769800000| Complete 
| 806|0x0000000769a00000, 0x0000000769c00000, 0x0000000769c00000|100%| E|CS|TAMS 0x0000000769a00000, 0x0000000769a00000| Complete 
| 807|0x0000000769c00000, 0x0000000769e00000, 0x0000000769e00000|100%| E|CS|TAMS 0x0000000769c00000, 0x0000000769c00000| Complete 
| 808|0x0000000769e00000, 0x000000076a000000, 0x000000076a000000|100%| E|CS|TAMS 0x0000000769e00000, 0x0000000769e00000| Complete 
| 809|0x000000076a000000, 0x000000076a200000, 0x000000076a200000|100%| E|CS|TAMS 0x000000076a000000, 0x000000076a000000| Complete 
| 810|0x000000076a200000, 0x000000076a400000, 0x000000076a400000|100%| E|CS|TAMS 0x000000076a200000, 0x000000076a200000| Complete 
| 811|0x000000076a400000, 0x000000076a600000, 0x000000076a600000|100%| E|CS|TAMS 0x000000076a400000, 0x000000076a400000| Complete 
| 812|0x000000076a600000, 0x000000076a800000, 0x000000076a800000|100%| E|CS|TAMS 0x000000076a600000, 0x000000076a600000| Complete 
| 813|0x000000076a800000, 0x000000076aa00000, 0x000000076aa00000|100%| E|CS|TAMS 0x000000076a800000, 0x000000076a800000| Complete 
| 814|0x000000076aa00000, 0x000000076ac00000, 0x000000076ac00000|100%| E|CS|TAMS 0x000000076aa00000, 0x000000076aa00000| Complete 
| 815|0x000000076ac00000, 0x000000076ae00000, 0x000000076ae00000|100%| E|CS|TAMS 0x000000076ac00000, 0x000000076ac00000| Complete 
| 816|0x000000076ae00000, 0x000000076b000000, 0x000000076b000000|100%| E|CS|TAMS 0x000000076ae00000, 0x000000076ae00000| Complete 
| 817|0x000000076b000000, 0x000000076b200000, 0x000000076b200000|100%| E|CS|TAMS 0x000000076b000000, 0x000000076b000000| Complete 
| 818|0x000000076b200000, 0x000000076b400000, 0x000000076b400000|100%| E|CS|TAMS 0x000000076b200000, 0x000000076b200000| Complete 
| 819|0x000000076b400000, 0x000000076b600000, 0x000000076b600000|100%| E|CS|TAMS 0x000000076b400000, 0x000000076b400000| Complete 
| 820|0x000000076b600000, 0x000000076b800000, 0x000000076b800000|100%| E|CS|TAMS 0x000000076b600000, 0x000000076b600000| Complete 
| 821|0x000000076b800000, 0x000000076ba00000, 0x000000076ba00000|100%| E|CS|TAMS 0x000000076b800000, 0x000000076b800000| Complete 
| 822|0x000000076ba00000, 0x000000076bc00000, 0x000000076bc00000|100%| E|CS|TAMS 0x000000076ba00000, 0x000000076ba00000| Complete 
| 823|0x000000076bc00000, 0x000000076be00000, 0x000000076be00000|100%| E|CS|TAMS 0x000000076bc00000, 0x000000076bc00000| Complete 
| 824|0x000000076be00000, 0x000000076c000000, 0x000000076c000000|100%| E|CS|TAMS 0x000000076be00000, 0x000000076be00000| Complete 
| 825|0x000000076c000000, 0x000000076c200000, 0x000000076c200000|100%| E|CS|TAMS 0x000000076c000000, 0x000000076c000000| Complete 
| 826|0x000000076c200000, 0x000000076c400000, 0x000000076c400000|100%| E|CS|TAMS 0x000000076c200000, 0x000000076c200000| Complete 
| 827|0x000000076c400000, 0x000000076c600000, 0x000000076c600000|100%| E|CS|TAMS 0x000000076c400000, 0x000000076c400000| Complete 
| 828|0x000000076c600000, 0x000000076c800000, 0x000000076c800000|100%| E|CS|TAMS 0x000000076c600000, 0x000000076c600000| Complete 
| 829|0x000000076c800000, 0x000000076ca00000, 0x000000076ca00000|100%| E|CS|TAMS 0x000000076c800000, 0x000000076c800000| Complete 
| 830|0x000000076ca00000, 0x000000076cc00000, 0x000000076cc00000|100%| E|CS|TAMS 0x000000076ca00000, 0x000000076ca00000| Complete 
| 831|0x000000076cc00000, 0x000000076ce00000, 0x000000076ce00000|100%| E|CS|TAMS 0x000000076cc00000, 0x000000076cc00000| Complete 
| 832|0x000000076ce00000, 0x000000076d000000, 0x000000076d000000|100%| E|CS|TAMS 0x000000076ce00000, 0x000000076ce00000| Complete 
| 833|0x000000076d000000, 0x000000076d200000, 0x000000076d200000|100%| E|CS|TAMS 0x000000076d000000, 0x000000076d000000| Complete 
| 834|0x000000076d200000, 0x000000076d400000, 0x000000076d400000|100%| E|CS|TAMS 0x000000076d200000, 0x000000076d200000| Complete 
| 835|0x000000076d400000, 0x000000076d600000, 0x000000076d600000|100%| E|CS|TAMS 0x000000076d400000, 0x000000076d400000| Complete 
| 836|0x000000076d600000, 0x000000076d800000, 0x000000076d800000|100%| E|CS|TAMS 0x000000076d600000, 0x000000076d600000| Complete 
| 837|0x000000076d800000, 0x000000076da00000, 0x000000076da00000|100%| E|CS|TAMS 0x000000076d800000, 0x000000076d800000| Complete 
| 838|0x000000076da00000, 0x000000076dc00000, 0x000000076dc00000|100%| E|CS|TAMS 0x000000076da00000, 0x000000076da00000| Complete 
| 839|0x000000076dc00000, 0x000000076de00000, 0x000000076de00000|100%| E|CS|TAMS 0x000000076dc00000, 0x000000076dc00000| Complete 
| 840|0x000000076de00000, 0x000000076e000000, 0x000000076e000000|100%| E|CS|TAMS 0x000000076de00000, 0x000000076de00000| Complete 
| 841|0x000000076e000000, 0x000000076e200000, 0x000000076e200000|100%| E|CS|TAMS 0x000000076e000000, 0x000000076e000000| Complete 
| 842|0x000000076e200000, 0x000000076e400000, 0x000000076e400000|100%| E|CS|TAMS 0x000000076e200000, 0x000000076e200000| Complete 
| 843|0x000000076e400000, 0x000000076e600000, 0x000000076e600000|100%| E|CS|TAMS 0x000000076e400000, 0x000000076e400000| Complete 
| 844|0x000000076e600000, 0x000000076e800000, 0x000000076e800000|100%| E|CS|TAMS 0x000000076e600000, 0x000000076e600000| Complete 
| 845|0x000000076e800000, 0x000000076ea00000, 0x000000076ea00000|100%| E|CS|TAMS 0x000000076e800000, 0x000000076e800000| Complete 
| 846|0x000000076ea00000, 0x000000076ec00000, 0x000000076ec00000|100%| E|CS|TAMS 0x000000076ea00000, 0x000000076ea00000| Complete 
| 847|0x000000076ec00000, 0x000000076ee00000, 0x000000076ee00000|100%| E|CS|TAMS 0x000000076ec00000, 0x000000076ec00000| Complete 
| 848|0x000000076ee00000, 0x000000076f000000, 0x000000076f000000|100%| E|CS|TAMS 0x000000076ee00000, 0x000000076ee00000| Complete 
| 849|0x000000076f000000, 0x000000076f200000, 0x000000076f200000|100%| E|CS|TAMS 0x000000076f000000, 0x000000076f000000| Complete 
| 850|0x000000076f200000, 0x000000076f400000, 0x000000076f400000|100%| E|CS|TAMS 0x000000076f200000, 0x000000076f200000| Complete 
| 851|0x000000076f400000, 0x000000076f600000, 0x000000076f600000|100%| E|CS|TAMS 0x000000076f400000, 0x000000076f400000| Complete 
| 852|0x000000076f600000, 0x000000076f800000, 0x000000076f800000|100%| E|CS|TAMS 0x000000076f600000, 0x000000076f600000| Complete 
| 853|0x000000076f800000, 0x000000076fa00000, 0x000000076fa00000|100%| E|CS|TAMS 0x000000076f800000, 0x000000076f800000| Complete 
| 854|0x000000076fa00000, 0x000000076fc00000, 0x000000076fc00000|100%| E|CS|TAMS 0x000000076fa00000, 0x000000076fa00000| Complete 
| 855|0x000000076fc00000, 0x000000076fe00000, 0x000000076fe00000|100%| E|CS|TAMS 0x000000076fc00000, 0x000000076fc00000| Complete 
| 856|0x000000076fe00000, 0x0000000770000000, 0x0000000770000000|100%| E|CS|TAMS 0x000000076fe00000, 0x000000076fe00000| Complete 
| 857|0x0000000770000000, 0x0000000770200000, 0x0000000770200000|100%| E|CS|TAMS 0x0000000770000000, 0x0000000770000000| Complete 
| 858|0x0000000770200000, 0x0000000770400000, 0x0000000770400000|100%| E|CS|TAMS 0x0000000770200000, 0x0000000770200000| Complete 
| 859|0x0000000770400000, 0x0000000770600000, 0x0000000770600000|100%| E|CS|TAMS 0x0000000770400000, 0x0000000770400000| Complete 
| 860|0x0000000770600000, 0x0000000770800000, 0x0000000770800000|100%| E|CS|TAMS 0x0000000770600000, 0x0000000770600000| Complete 
| 861|0x0000000770800000, 0x0000000770a00000, 0x0000000770a00000|100%| E|CS|TAMS 0x0000000770800000, 0x0000000770800000| Complete 
| 862|0x0000000770a00000, 0x0000000770c00000, 0x0000000770c00000|100%| E|CS|TAMS 0x0000000770a00000, 0x0000000770a00000| Complete 
| 863|0x0000000770c00000, 0x0000000770e00000, 0x0000000770e00000|100%| E|CS|TAMS 0x0000000770c00000, 0x0000000770c00000| Complete 
| 864|0x0000000770e00000, 0x0000000771000000, 0x0000000771000000|100%| E|CS|TAMS 0x0000000770e00000, 0x0000000770e00000| Complete 
| 865|0x0000000771000000, 0x0000000771200000, 0x0000000771200000|100%| E|CS|TAMS 0x0000000771000000, 0x0000000771000000| Complete 
| 866|0x0000000771200000, 0x0000000771400000, 0x0000000771400000|100%| E|CS|TAMS 0x0000000771200000, 0x0000000771200000| Complete 
| 867|0x0000000771400000, 0x0000000771600000, 0x0000000771600000|100%| E|CS|TAMS 0x0000000771400000, 0x0000000771400000| Complete 
| 868|0x0000000771600000, 0x0000000771800000, 0x0000000771800000|100%| E|CS|TAMS 0x0000000771600000, 0x0000000771600000| Complete 
| 869|0x0000000771800000, 0x0000000771a00000, 0x0000000771a00000|100%| E|CS|TAMS 0x0000000771800000, 0x0000000771800000| Complete 
| 870|0x0000000771a00000, 0x0000000771c00000, 0x0000000771c00000|100%| E|CS|TAMS 0x0000000771a00000, 0x0000000771a00000| Complete 
| 871|0x0000000771c00000, 0x0000000771e00000, 0x0000000771e00000|100%| E|CS|TAMS 0x0000000771c00000, 0x0000000771c00000| Complete 
| 872|0x0000000771e00000, 0x0000000772000000, 0x0000000772000000|100%| E|CS|TAMS 0x0000000771e00000, 0x0000000771e00000| Complete 
| 873|0x0000000772000000, 0x0000000772200000, 0x0000000772200000|100%| E|CS|TAMS 0x0000000772000000, 0x0000000772000000| Complete 
| 874|0x0000000772200000, 0x0000000772400000, 0x0000000772400000|100%| E|CS|TAMS 0x0000000772200000, 0x0000000772200000| Complete 
| 875|0x0000000772400000, 0x0000000772600000, 0x0000000772600000|100%| E|CS|TAMS 0x0000000772400000, 0x0000000772400000| Complete 
| 876|0x0000000772600000, 0x0000000772800000, 0x0000000772800000|100%| E|CS|TAMS 0x0000000772600000, 0x0000000772600000| Complete 
| 877|0x0000000772800000, 0x0000000772a00000, 0x0000000772a00000|100%| E|CS|TAMS 0x0000000772800000, 0x0000000772800000| Complete 
| 878|0x0000000772a00000, 0x0000000772c00000, 0x0000000772c00000|100%| E|CS|TAMS 0x0000000772a00000, 0x0000000772a00000| Complete 
| 879|0x0000000772c00000, 0x0000000772e00000, 0x0000000772e00000|100%| E|CS|TAMS 0x0000000772c00000, 0x0000000772c00000| Complete 
| 880|0x0000000772e00000, 0x0000000773000000, 0x0000000773000000|100%| E|CS|TAMS 0x0000000772e00000, 0x0000000772e00000| Complete 
| 881|0x0000000773000000, 0x0000000773200000, 0x0000000773200000|100%| E|CS|TAMS 0x0000000773000000, 0x0000000773000000| Complete 
| 882|0x0000000773200000, 0x0000000773400000, 0x0000000773400000|100%| E|CS|TAMS 0x0000000773200000, 0x0000000773200000| Complete 
| 883|0x0000000773400000, 0x0000000773600000, 0x0000000773600000|100%| E|CS|TAMS 0x0000000773400000, 0x0000000773400000| Complete 
| 884|0x0000000773600000, 0x0000000773800000, 0x0000000773800000|100%| E|CS|TAMS 0x0000000773600000, 0x0000000773600000| Complete 
| 885|0x0000000773800000, 0x0000000773a00000, 0x0000000773a00000|100%| E|CS|TAMS 0x0000000773800000, 0x0000000773800000| Complete 
| 886|0x0000000773a00000, 0x0000000773c00000, 0x0000000773c00000|100%| E|CS|TAMS 0x0000000773a00000, 0x0000000773a00000| Complete 
| 887|0x0000000773c00000, 0x0000000773e00000, 0x0000000773e00000|100%| E|CS|TAMS 0x0000000773c00000, 0x0000000773c00000| Complete 
| 888|0x0000000773e00000, 0x0000000774000000, 0x0000000774000000|100%| E|CS|TAMS 0x0000000773e00000, 0x0000000773e00000| Complete 
| 889|0x0000000774000000, 0x0000000774200000, 0x0000000774200000|100%| E|CS|TAMS 0x0000000774000000, 0x0000000774000000| Complete 
| 890|0x0000000774200000, 0x0000000774400000, 0x0000000774400000|100%| E|CS|TAMS 0x0000000774200000, 0x0000000774200000| Complete 
| 891|0x0000000774400000, 0x0000000774600000, 0x0000000774600000|100%| E|CS|TAMS 0x0000000774400000, 0x0000000774400000| Complete 
| 892|0x0000000774600000, 0x0000000774800000, 0x0000000774800000|100%| E|CS|TAMS 0x0000000774600000, 0x0000000774600000| Complete 
| 893|0x0000000774800000, 0x0000000774a00000, 0x0000000774a00000|100%| E|CS|TAMS 0x0000000774800000, 0x0000000774800000| Complete 
| 894|0x0000000774a00000, 0x0000000774c00000, 0x0000000774c00000|100%| E|CS|TAMS 0x0000000774a00000, 0x0000000774a00000| Complete 
| 895|0x0000000774c00000, 0x0000000774e00000, 0x0000000774e00000|100%| E|CS|TAMS 0x0000000774c00000, 0x0000000774c00000| Complete 
| 896|0x0000000774e00000, 0x0000000775000000, 0x0000000775000000|100%| E|CS|TAMS 0x0000000774e00000, 0x0000000774e00000| Complete 
| 897|0x0000000775000000, 0x0000000775200000, 0x0000000775200000|100%| E|CS|TAMS 0x0000000775000000, 0x0000000775000000| Complete 
| 898|0x0000000775200000, 0x0000000775400000, 0x0000000775400000|100%| E|CS|TAMS 0x0000000775200000, 0x0000000775200000| Complete 
| 899|0x0000000775400000, 0x0000000775600000, 0x0000000775600000|100%| E|CS|TAMS 0x0000000775400000, 0x0000000775400000| Complete 
| 900|0x0000000775600000, 0x0000000775800000, 0x0000000775800000|100%| E|CS|TAMS 0x0000000775600000, 0x0000000775600000| Complete 
| 901|0x0000000775800000, 0x0000000775a00000, 0x0000000775a00000|100%| E|CS|TAMS 0x0000000775800000, 0x0000000775800000| Complete 
| 902|0x0000000775a00000, 0x0000000775c00000, 0x0000000775c00000|100%| E|CS|TAMS 0x0000000775a00000, 0x0000000775a00000| Complete 
| 903|0x0000000775c00000, 0x0000000775e00000, 0x0000000775e00000|100%| E|CS|TAMS 0x0000000775c00000, 0x0000000775c00000| Complete 
| 904|0x0000000775e00000, 0x0000000776000000, 0x0000000776000000|100%| E|CS|TAMS 0x0000000775e00000, 0x0000000775e00000| Complete 
| 905|0x0000000776000000, 0x0000000776200000, 0x0000000776200000|100%| E|CS|TAMS 0x0000000776000000, 0x0000000776000000| Complete 
| 906|0x0000000776200000, 0x0000000776400000, 0x0000000776400000|100%| E|CS|TAMS 0x0000000776200000, 0x0000000776200000| Complete 
| 907|0x0000000776400000, 0x0000000776600000, 0x0000000776600000|100%| E|CS|TAMS 0x0000000776400000, 0x0000000776400000| Complete 

Card table byte_map: [0x000001abbaf50000,0x000001abbb730000] _byte_map_base: 0x000001abb7729000

Marking Bits (Prev, Next): (CMBitMap*) 0x000001aba349c460, (CMBitMap*) 0x000001aba349c4a0
 Prev Bits: [0x000001abbbf10000, 0x000001abbfdd8000)
 Next Bits: [0x000001abbfde0000, 0x000001abc3ca8000)

Polling page: 0x000001aba11d0000

Metaspace:

Usage:
  Non-class:     84.01 MB used.
      Class:     10.71 MB used.
       Both:     94.71 MB used.

Virtual space:
  Non-class space:      128.00 MB reserved,      84.44 MB ( 66%) committed,  2 nodes.
      Class space:        1.00 GB reserved,      11.19 MB (  1%) committed,  1 nodes.
             Both:        1.12 GB reserved,      95.62 MB (  8%) committed. 

Chunk freelists:
   Non-Class:  11.39 MB
       Class:  4.75 MB
        Both:  16.14 MB

MaxMetaspaceSize: unlimited
CompressedClassSpaceSize: 1.00 GB
Initial GC threshold: 21.00 MB
Current GC threshold: 127.44 MB
CDS: on
MetaspaceReclaimPolicy: balanced
 - commit_granule_bytes: 65536.
 - commit_granule_words: 8192.
 - virtual_space_node_default_size: 8388608.
 - enlarge_chunks_in_place: 1.
 - new_chunks_are_fully_committed: 0.
 - uncommit_free_chunks: 1.
 - use_allocation_guard: 0.
 - handle_deallocations: 1.


Internal statistics:

num_allocs_failed_limit: 9.
num_arena_births: 1590.
num_arena_deaths: 0.
num_vsnodes_births: 3.
num_vsnodes_deaths: 0.
num_space_committed: 1530.
num_space_uncommitted: 0.
num_chunks_returned_to_freelist: 9.
num_chunks_taken_from_freelist: 5510.
num_chunk_merges: 3.
num_chunk_splits: 3540.
num_chunks_enlarged: 2308.
num_inconsistent_stats: 0.

CodeHeap 'non-profiled nmethods': size=119168Kb used=24701Kb max_used=24701Kb free=94466Kb
 bounds [0x000001abb2870000, 0x000001abb4090000, 0x000001abb9cd0000]
CodeHeap 'profiled nmethods': size=119104Kb used=39379Kb max_used=39818Kb free=79724Kb
 bounds [0x000001abaacd0000, 0x000001abad3d0000, 0x000001abb2120000]
CodeHeap 'non-nmethods': size=7488Kb used=2017Kb max_used=3264Kb free=5470Kb
 bounds [0x000001abb2120000, 0x000001abb2460000, 0x000001abb2870000]
 total_blobs=20113 nmethods=19305 adapters=716
 compilation: enabled
              stopped_count=0, restarted_count=0
 full_count=0

Compilation events (20 events):
Event: 183.599 Thread 0x000001ac145aa880 nmethod 31411 0x000001abb4072b10 code [0x000001abb4072cc0, 0x000001abb4073428]
Event: 183.629 Thread 0x000001ac145ac310 31412       3       com.diffblue.a.a.c.b.f::a (19 bytes)
Event: 183.629 Thread 0x000001ac145ac310 nmethod 31412 0x000001abac9a4e90 code [0x000001abac9a5040, 0x000001abac9a5228]
Event: 183.642 Thread 0x000001ac0c118c50 nmethod 31337 0x000001abb4073910 code [0x000001abb4073f20, 0x000001abb407e2a8]
Event: 183.649 Thread 0x000001ac0c11a570 31413       3       com.diffblue.a.a.i.b$$Lambda$556/0x000001abc866d178::<init> (10 bytes)
Event: 183.649 Thread 0x000001ac0c11a570 nmethod 31413 0x000001ababe21d10 code [0x000001ababe21ea0, 0x000001ababe22058]
Event: 183.659 Thread 0x000001ac145abdc0 31414       4       com.diffblue.a.a.i.b::a (576 bytes)
Event: 183.820 Thread 0x000001ac145abdc0 nmethod 31414 0x000001abb4084790 code [0x000001abb4084ce0, 0x000001abb408aaf8]
Event: 183.876 Thread 0x000001ac145abdc0 31415       4       io.grpc.netty.shaded.io.netty.handler.codec.http2.WeightedFairQueueByteDistributor$State::priorityQueueIndex (21 bytes)
Event: 183.877 Thread 0x000001ac145abdc0 nmethod 31415 0x000001abb408df10 code [0x000001abb408e080, 0x000001abb408e118]
Event: 184.069 Thread 0x000001ac145abdc0 31416       4       com.diffblue.cover.message.testability.TrivialSetterMessage::category (4 bytes)
Event: 184.070 Thread 0x000001ac145abdc0 nmethod 31416 0x000001abb408e210 code [0x000001abb408e380, 0x000001abb408e3f8]
Event: 184.121 Thread 0x000001ac145ac310 31417       3       com.diffblue.a.a.b.b::visitMethodInsn (223 bytes)
Event: 184.122 Thread 0x000001ac145ac310 nmethod 31417 0x000001abace6fd90 code [0x000001abace70180, 0x000001abace72218]
Event: 184.166 Thread 0x000001ac0c118c50 31418       4       com.diffblue.a.a.c.a.a.p::c (42 bytes)
Event: 184.167 Thread 0x000001ac145abdc0 31419   !   4       jdk.proxy2.$Proxy17::m (36 bytes)
Event: 184.167 Thread 0x000001ac145aa880 31420   !   4       jdk.internal.reflect.GeneratedMethodAccessor101::invoke (67 bytes)
Event: 184.167 Thread 0x000001ac0c118c50 nmethod 31418 0x000001abb408e510 code [0x000001abb408e6a0, 0x000001abb408e858]
Event: 184.168 Thread 0x000001ac145aa880 nmethod 31420 0x000001abb408e990 code [0x000001abb408eb40, 0x000001abb408ed08]
Event: 184.168 Thread 0x000001ac145abdc0 nmethod 31419 0x000001abb408ef90 code [0x000001abb408f140, 0x000001abb408f388]

GC Heap History (20 events):
Event: 176.827 GC heap before
{Heap before GC invocations=150 (full 0):
 garbage-first heap   total 1859584K, used 1560615K [0x0000000704e00000, 0x0000000800000000)
  region size 2048K, 544 young (1114112K), 14 survivors (28672K)
 Metaspace       used 96457K, committed 97408K, reserved 1179648K
  class space    used 10937K, committed 11392K, reserved 1048576K
}
Event: 176.832 GC heap after
{Heap after GC invocations=151 (full 0):
 garbage-first heap   total 1859584K, used 474524K [0x0000000704e00000, 0x0000000800000000)
  region size 2048K, 14 young (28672K), 14 survivors (28672K)
 Metaspace       used 96457K, committed 97408K, reserved 1179648K
  class space    used 10937K, committed 11392K, reserved 1048576K
}
Event: 177.575 GC heap before
{Heap before GC invocations=151 (full 0):
 garbage-first heap   total 1859584K, used 1559964K [0x0000000704e00000, 0x0000000800000000)
  region size 2048K, 544 young (1114112K), 14 survivors (28672K)
 Metaspace       used 96506K, committed 97472K, reserved 1179648K
  class space    used 10939K, committed 11392K, reserved 1048576K
}
Event: 177.580 GC heap after
{Heap after GC invocations=152 (full 0):
 garbage-first heap   total 1859584K, used 473019K [0x0000000704e00000, 0x0000000800000000)
  region size 2048K, 13 young (26624K), 13 survivors (26624K)
 Metaspace       used 96506K, committed 97472K, reserved 1179648K
  class space    used 10939K, committed 11392K, reserved 1048576K
}
Event: 178.927 GC heap before
{Heap before GC invocations=152 (full 0):
 garbage-first heap   total 1859584K, used 1560507K [0x0000000704e00000, 0x0000000800000000)
  region size 2048K, 544 young (1114112K), 13 survivors (26624K)
 Metaspace       used 96606K, committed 97536K, reserved 1179648K
  class space    used 10946K, committed 11392K, reserved 1048576K
}
Event: 178.931 GC heap after
{Heap after GC invocations=153 (full 0):
 garbage-first heap   total 1859584K, used 474472K [0x0000000704e00000, 0x0000000800000000)
  region size 2048K, 14 young (28672K), 14 survivors (28672K)
 Metaspace       used 96606K, committed 97536K, reserved 1179648K
  class space    used 10946K, committed 11392K, reserved 1048576K
}
Event: 180.965 GC heap before
{Heap before GC invocations=153 (full 0):
 garbage-first heap   total 1859584K, used 1559912K [0x0000000704e00000, 0x0000000800000000)
  region size 2048K, 544 young (1114112K), 14 survivors (28672K)
 Metaspace       used 96756K, committed 97664K, reserved 1179648K
  class space    used 10949K, committed 11392K, reserved 1048576K
}
Event: 180.970 GC heap after
{Heap after GC invocations=154 (full 0):
 garbage-first heap   total 1859584K, used 472247K [0x0000000704e00000, 0x0000000800000000)
  region size 2048K, 12 young (24576K), 12 survivors (24576K)
 Metaspace       used 96756K, committed 97664K, reserved 1179648K
  class space    used 10949K, committed 11392K, reserved 1048576K
}
Event: 181.254 GC heap before
{Heap before GC invocations=154 (full 0):
 garbage-first heap   total 1859584K, used 1561783K [0x0000000704e00000, 0x0000000800000000)
  region size 2048K, 544 young (1114112K), 12 survivors (24576K)
 Metaspace       used 96756K, committed 97664K, reserved 1179648K
  class space    used 10949K, committed 11392K, reserved 1048576K
}
Event: 181.259 GC heap after
{Heap after GC invocations=155 (full 0):
 garbage-first heap   total 1859584K, used 472533K [0x0000000704e00000, 0x0000000800000000)
  region size 2048K, 12 young (24576K), 12 survivors (24576K)
 Metaspace       used 96756K, committed 97664K, reserved 1179648K
  class space    used 10949K, committed 11392K, reserved 1048576K
}
Event: 181.497 GC heap before
{Heap before GC invocations=155 (full 0):
 garbage-first heap   total 1859584K, used 1562069K [0x0000000704e00000, 0x0000000800000000)
  region size 2048K, 544 young (1114112K), 12 survivors (24576K)
 Metaspace       used 96756K, committed 97664K, reserved 1179648K
  class space    used 10949K, committed 11392K, reserved 1048576K
}
Event: 181.501 GC heap after
{Heap after GC invocations=156 (full 0):
 garbage-first heap   total 1859584K, used 472416K [0x0000000704e00000, 0x0000000800000000)
  region size 2048K, 12 young (24576K), 12 survivors (24576K)
 Metaspace       used 96756K, committed 97664K, reserved 1179648K
  class space    used 10949K, committed 11392K, reserved 1048576K
}
Event: 181.740 GC heap before
{Heap before GC invocations=156 (full 0):
 garbage-first heap   total 1859584K, used 1561952K [0x0000000704e00000, 0x0000000800000000)
  region size 2048K, 544 young (1114112K), 12 survivors (24576K)
 Metaspace       used 96756K, committed 97664K, reserved 1179648K
  class space    used 10949K, committed 11392K, reserved 1048576K
}
Event: 181.744 GC heap after
{Heap after GC invocations=157 (full 0):
 garbage-first heap   total 1859584K, used 472209K [0x0000000704e00000, 0x0000000800000000)
  region size 2048K, 12 young (24576K), 12 survivors (24576K)
 Metaspace       used 96756K, committed 97664K, reserved 1179648K
  class space    used 10949K, committed 11392K, reserved 1048576K
}
Event: 181.982 GC heap before
{Heap before GC invocations=157 (full 0):
 garbage-first heap   total 1859584K, used 1561745K [0x0000000704e00000, 0x0000000800000000)
  region size 2048K, 544 young (1114112K), 12 survivors (24576K)
 Metaspace       used 96756K, committed 97664K, reserved 1179648K
  class space    used 10949K, committed 11392K, reserved 1048576K
}
Event: 181.986 GC heap after
{Heap after GC invocations=158 (full 0):
 garbage-first heap   total 1859584K, used 472468K [0x0000000704e00000, 0x0000000800000000)
  region size 2048K, 10 young (20480K), 10 survivors (20480K)
 Metaspace       used 96756K, committed 97664K, reserved 1179648K
  class space    used 10949K, committed 11392K, reserved 1048576K
}
Event: 182.224 GC heap before
{Heap before GC invocations=158 (full 0):
 garbage-first heap   total 1859584K, used 1566100K [0x0000000704e00000, 0x0000000800000000)
  region size 2048K, 544 young (1114112K), 10 survivors (20480K)
 Metaspace       used 96756K, committed 97664K, reserved 1179648K
  class space    used 10949K, committed 11392K, reserved 1048576K
}
Event: 182.228 GC heap after
{Heap after GC invocations=159 (full 0):
 garbage-first heap   total 1859584K, used 472576K [0x0000000704e00000, 0x0000000800000000)
  region size 2048K, 10 young (20480K), 10 survivors (20480K)
 Metaspace       used 96756K, committed 97664K, reserved 1179648K
  class space    used 10949K, committed 11392K, reserved 1048576K
}
Event: 183.208 GC heap before
{Heap before GC invocations=159 (full 0):
 garbage-first heap   total 1859584K, used 1566208K [0x0000000704e00000, 0x0000000800000000)
  region size 2048K, 544 young (1114112K), 10 survivors (20480K)
 Metaspace       used 96772K, committed 97792K, reserved 1179648K
  class space    used 10950K, committed 11456K, reserved 1048576K
}
Event: 183.213 GC heap after
{Heap after GC invocations=160 (full 0):
 garbage-first heap   total 1859584K, used 473015K [0x0000000704e00000, 0x0000000800000000)
  region size 2048K, 9 young (18432K), 9 survivors (18432K)
 Metaspace       used 96772K, committed 97792K, reserved 1179648K
  class space    used 10950K, committed 11456K, reserved 1048576K
}

Deoptimization events (20 events):
Event: 183.537 Thread 0x000001ac0c39c3f0 DEOPT PACKING pc=0x000001abb3eb1510 sp=0x000000aaf55fdaa0
Event: 183.537 Thread 0x000001ac0c39c3f0 DEOPT UNPACKING pc=0x000001abb21723a3 sp=0x000000aaf55fda18 mode 2
Event: 183.537 Thread 0x000001ac0c39c3f0 Uncommon trap: trap_request=0xffffffc6 fr.pc=0x000001abb3eb1510 relative=0x00000000000002b0
Event: 183.537 Thread 0x000001ac0c39c3f0 Uncommon trap: reason=bimorphic_or_optimized_type_check action=maybe_recompile pc=0x000001abb3eb1510 method=com.diffblue.a.a.c.e.n.b(Lcom/diffblue/a/a/c/e/a;Lcom/diffblue/a/a/c/e/a;I)Ljava/lang/Object; @ 15 c2
Event: 183.537 Thread 0x000001ac0c39c3f0 DEOPT PACKING pc=0x000001abb3eb1510 sp=0x000000aaf55fdaa0
Event: 183.537 Thread 0x000001ac0c39c3f0 DEOPT UNPACKING pc=0x000001abb21723a3 sp=0x000000aaf55fda18 mode 2
Event: 183.537 Thread 0x000001ac0c39c3f0 Uncommon trap: trap_request=0xffffffc6 fr.pc=0x000001abb3eb1510 relative=0x00000000000002b0
Event: 183.537 Thread 0x000001ac0c39c3f0 Uncommon trap: reason=bimorphic_or_optimized_type_check action=maybe_recompile pc=0x000001abb3eb1510 method=com.diffblue.a.a.c.e.n.b(Lcom/diffblue/a/a/c/e/a;Lcom/diffblue/a/a/c/e/a;I)Ljava/lang/Object; @ 15 c2
Event: 183.537 Thread 0x000001ac0c39c3f0 DEOPT PACKING pc=0x000001abb3eb1510 sp=0x000000aaf55fdaa0
Event: 183.537 Thread 0x000001ac0c39c3f0 DEOPT UNPACKING pc=0x000001abb21723a3 sp=0x000000aaf55fda18 mode 2
Event: 183.648 Thread 0x000001ac0c39c3f0 DEOPT PACKING pc=0x000001abacd56eee sp=0x000000aaf55fd090
Event: 183.648 Thread 0x000001ac0c39c3f0 DEOPT UNPACKING pc=0x000001abb2172b43 sp=0x000000aaf55fc5f8 mode 0
Event: 184.070 Thread 0x000001ac0c39c3f0 Uncommon trap: trap_request=0xffffff45 fr.pc=0x000001abb2f67b48 relative=0x0000000000003fc8
Event: 184.070 Thread 0x000001ac0c39c3f0 Uncommon trap: reason=unstable_if action=reinterpret pc=0x000001abb2f67b48 method=com.diffblue.a.a.b.b.visitMethodInsn(ILjava/lang/String;Ljava/lang/String;Ljava/lang/String;Z)V @ 177 c2
Event: 184.070 Thread 0x000001ac0c39c3f0 DEOPT PACKING pc=0x000001abb2f67b48 sp=0x000000aaf55fcfb0
Event: 184.070 Thread 0x000001ac0c39c3f0 DEOPT UNPACKING pc=0x000001abb21723a3 sp=0x000000aaf55fcf90 mode 2
Event: 184.175 Thread 0x000001ac0c39c900 Uncommon trap: trap_request=0xffffff45 fr.pc=0x000001abb2c32ea0 relative=0x0000000000002400
Event: 184.175 Thread 0x000001ac0c39c900 Uncommon trap: reason=unstable_if action=reinterpret pc=0x000001abb2c32ea0 method=java.lang.Thread.<init>(Ljava/lang/ThreadGroup;Ljava/lang/Runnable;Ljava/lang/String;JLjava/security/AccessControlContext;Z)V @ 105 c2
Event: 184.175 Thread 0x000001ac0c39c900 DEOPT PACKING pc=0x000001abb2c32ea0 sp=0x000000aaf56fd570
Event: 184.175 Thread 0x000001ac0c39c900 DEOPT UNPACKING pc=0x000001abb21723a3 sp=0x000000aaf56fd580 mode 2

Classes unloaded (0 events):
No events

Classes redefined (20 events):
Event: 154.218 Thread 0x000001abc6c6c4c0 redefined class name=org.bouncycastle.jcajce.provider.asymmetric.dsa.BCDSAPublicKey, count=1
Event: 154.296 Thread 0x000001abc6c6c4c0 redefined class name=java.security.interfaces.ECPublicKey, count=1
Event: 154.296 Thread 0x000001abc6c6c4c0 redefined class name=java.security.interfaces.ECKey, count=2
Event: 154.296 Thread 0x000001abc6c6c4c0 redefined class name=org.bouncycastle.jce.interfaces.ECKey, count=1
Event: 154.296 Thread 0x000001abc6c6c4c0 redefined class name=org.bouncycastle.jcajce.provider.asymmetric.dstu.BCDSTU4145PublicKey, count=1
Event: 154.296 Thread 0x000001abc6c6c4c0 redefined class name=org.bouncycastle.jce.interfaces.ECPointEncoder, count=1
Event: 154.296 Thread 0x000001abc6c6c4c0 redefined class name=org.bouncycastle.jce.interfaces.ECPublicKey, count=1
Event: 154.489 Thread 0x000001abc6c6c4c0 redefined class name=org.bouncycastle.jcajce.provider.asymmetric.ec.BCECPublicKey, count=1
Event: 154.580 Thread 0x000001abc6c6c4c0 redefined class name=org.bouncycastle.jcajce.provider.asymmetric.ecgost.BCECGOST3410PublicKey, count=1
Event: 154.665 Thread 0x000001abc6c6c4c0 redefined class name=org.bouncycastle.jcajce.provider.asymmetric.ecgost12.BCECGOST3410_2012PublicKey, count=1
Event: 154.735 Thread 0x000001abc6c6c4c0 redefined class name=org.bouncycastle.jcajce.interfaces.MLDSAKey, count=1
Event: 154.735 Thread 0x000001abc6c6c4c0 redefined class name=org.bouncycastle.jcajce.provider.asymmetric.mldsa.BCMLDSAPublicKey, count=1
Event: 154.735 Thread 0x000001abc6c6c4c0 redefined class name=org.bouncycastle.jcajce.interfaces.MLDSAPublicKey, count=1
Event: 154.851 Thread 0x000001abc6c6c4c0 redefined class name=org.bouncycastle.asn1.DERSequence, count=5
Event: 154.928 Thread 0x000001abc6c6c4c0 redefined class name=org.bouncycastle.asn1.DLSequence, count=5
Event: 155.244 Thread 0x000001abc6c6c4c0 redefined class name=org.bouncycastle.asn1.x509.GeneralName, count=1
Event: 155.244 Thread 0x000001abc6c6c4c0 redefined class name=org.bouncycastle.asn1.ASN1Choice, count=2
Event: 155.428 Thread 0x000001abc6c6c4c0 redefined class name=org.bouncycastle.asn1.bc.ExternalValue, count=1
Event: 177.196 Thread 0x000001abc6c6c4c0 redefined class name=org.bouncycastle.cert.X509CertificateHolder, count=1
Event: 178.080 Thread 0x000001abc6c6c4c0 redefined class name=org.bouncycastle.cert.jcajce.JcaX509CertificateHolder, count=2

Internal exceptions (20 events):
Event: 183.470 Thread 0x000001ac0c39c3f0 Exception <a 'sun/nio/fs/WindowsException'{0x000000075ce8c158}> (0x000000075ce8c158) 
thrown [s\open\src\hotspot\share\prims\jni.cpp, line 516]
Event: 183.470 Thread 0x000001ac0c39c3f0 Exception <a 'sun/nio/fs/WindowsException'{0x000000075ce8cae0}> (0x000000075ce8cae0) 
thrown [s\open\src\hotspot\share\prims\jni.cpp, line 516]
Event: 183.470 Thread 0x000001ac0c39c3f0 Exception <a 'sun/nio/fs/WindowsException'{0x000000075ce8d3f0}> (0x000000075ce8d3f0) 
thrown [s\open\src\hotspot\share\prims\jni.cpp, line 516]
Event: 183.470 Thread 0x000001ac0c39c3f0 Exception <a 'sun/nio/fs/WindowsException'{0x000000075ce8dce8}> (0x000000075ce8dce8) 
thrown [s\open\src\hotspot\share\prims\jni.cpp, line 516]
Event: 183.470 Thread 0x000001ac0c39c3f0 Exception <a 'sun/nio/fs/WindowsException'{0x000000075ce8e568}> (0x000000075ce8e568) 
thrown [s\open\src\hotspot\share\prims\jni.cpp, line 516]
Event: 183.470 Thread 0x000001ac0c39c3f0 Exception <a 'sun/nio/fs/WindowsException'{0x000000075ce8ed50}> (0x000000075ce8ed50) 
thrown [s\open\src\hotspot\share\prims\jni.cpp, line 516]
Event: 183.470 Thread 0x000001ac0c39c3f0 Exception <a 'sun/nio/fs/WindowsException'{0x000000075ce8f4e0}> (0x000000075ce8f4e0) 
thrown [s\open\src\hotspot\share\prims\jni.cpp, line 516]
Event: 183.470 Thread 0x000001ac0c39c3f0 Exception <a 'sun/nio/fs/WindowsException'{0x000000075ce8fc48}> (0x000000075ce8fc48) 
thrown [s\open\src\hotspot\share\prims\jni.cpp, line 516]
Event: 183.470 Thread 0x000001ac0c39c3f0 Exception <a 'sun/nio/fs/WindowsException'{0x000000075ce90380}> (0x000000075ce90380) 
thrown [s\open\src\hotspot\share\prims\jni.cpp, line 516]
Event: 183.479 Thread 0x000001ac0c39c3f0 Exception <a 'java/lang/NoClassDefFoundError'{0x000000075ca17d70}: com/diffblue/cover/annotations/InTestsUseClasses> (0x000000075ca17d70) 
thrown [s\open\src\hotspot\share\oops\constantPool.cpp, line 837]
Event: 183.479 Thread 0x000001ac0c39c3f0 Exception <a 'java/lang/NoClassDefFoundError'{0x000000075ca183d8}: com/diffblue/cover/annotations/InTestsUseStrings> (0x000000075ca183d8) 
thrown [s\open\src\hotspot\share\oops\constantPool.cpp, line 837]
Event: 183.479 Thread 0x000001ac0c39c3f0 Exception <a 'java/lang/NoClassDefFoundError'{0x000000075ca18a40}: com/diffblue/cover/annotations/InTestsUseEnums> (0x000000075ca18a40) 
thrown [s\open\src\hotspot\share\oops\constantPool.cpp, line 837]
Event: 183.479 Thread 0x000001ac0c39c3f0 Exception <a 'java/lang/NoClassDefFoundError'{0x000000075ca190b8}: com/diffblue/cover/annotations/InTestsUseCharacters> (0x000000075ca190b8) 
thrown [s\open\src\hotspot\share\oops\constantPool.cpp, line 837]
Event: 183.479 Thread 0x000001ac0c39c3f0 Exception <a 'java/lang/NoClassDefFoundError'{0x000000075ca19720}: com/diffblue/cover/annotations/InTestsUseBytes> (0x000000075ca19720) 
thrown [s\open\src\hotspot\share\oops\constantPool.cpp, line 837]
Event: 183.479 Thread 0x000001ac0c39c3f0 Exception <a 'java/lang/NoClassDefFoundError'{0x000000075ca19d88}: com/diffblue/cover/annotations/InTestsUseShorts> (0x000000075ca19d88) 
thrown [s\open\src\hotspot\share\oops\constantPool.cpp, line 837]
Event: 183.479 Thread 0x000001ac0c39c3f0 Exception <a 'java/lang/NoClassDefFoundError'{0x000000075ca1a400}: com/diffblue/cover/annotations/InTestsUseIntegers> (0x000000075ca1a400) 
thrown [s\open\src\hotspot\share\oops\constantPool.cpp, line 837]
Event: 183.479 Thread 0x000001ac0c39c3f0 Exception <a 'java/lang/NoClassDefFoundError'{0x000000075ca1aa68}: com/diffblue/cover/annotations/InTestsUseLongs> (0x000000075ca1aa68) 
thrown [s\open\src\hotspot\share\oops\constantPool.cpp, line 837]
Event: 183.479 Thread 0x000001ac0c39c3f0 Exception <a 'java/lang/NoClassDefFoundError'{0x000000075ca1b0d0}: com/diffblue/cover/annotations/InTestsUseFloats> (0x000000075ca1b0d0) 
thrown [s\open\src\hotspot\share\oops\constantPool.cpp, line 837]
Event: 183.479 Thread 0x000001ac0c39c3f0 Exception <a 'java/lang/NoClassDefFoundError'{0x000000075ca1b738}: com/diffblue/cover/annotations/InTestsUseDoubles> (0x000000075ca1b738) 
thrown [s\open\src\hotspot\share\oops\constantPool.cpp, line 837]
Event: 183.479 Thread 0x000001ac0c39c3f0 Exception <a 'java/lang/NoClassDefFoundError'{0x000000075ca1bdb0}: com/diffblue/cover/annotations/InterestingTestFactory> (0x000000075ca1bdb0) 
thrown [s\open\src\hotspot\share\oops\constantPool.cpp, line 837]

VM Operations (20 events):
Event: 178.927 Executing VM operation: G1CollectForAllocation
Event: 178.931 Executing VM operation: G1CollectForAllocation done
Event: 180.352 Executing VM operation: HandshakeAllThreads
Event: 180.352 Executing VM operation: HandshakeAllThreads done
Event: 180.352 Executing VM operation: Cleanup
Event: 180.352 Executing VM operation: Cleanup done
Event: 180.965 Executing VM operation: G1CollectForAllocation
Event: 180.970 Executing VM operation: G1CollectForAllocation done
Event: 181.254 Executing VM operation: G1CollectForAllocation
Event: 181.259 Executing VM operation: G1CollectForAllocation done
Event: 181.497 Executing VM operation: G1CollectForAllocation
Event: 181.501 Executing VM operation: G1CollectForAllocation done
Event: 181.739 Executing VM operation: G1CollectForAllocation
Event: 181.744 Executing VM operation: G1CollectForAllocation done
Event: 181.982 Executing VM operation: G1CollectForAllocation
Event: 181.986 Executing VM operation: G1CollectForAllocation done
Event: 182.224 Executing VM operation: G1CollectForAllocation
Event: 182.228 Executing VM operation: G1CollectForAllocation done
Event: 183.208 Executing VM operation: G1CollectForAllocation
Event: 183.213 Executing VM operation: G1CollectForAllocation done

Events (20 events):
Event: 184.168 loading class com/diffblue/a/a/c/f/k done
Event: 184.168 loading class com/diffblue/a/a/c/f/c
Event: 184.168 loading class com/diffblue/a/a/c/f/c done
Event: 184.171 Thread 0x000001ac0c39c900 Thread added: 0x000001ac0c39c900
Event: 184.172 Thread 0x000001ac0c39c900 Thread exited: 0x000001ac0c39c900
Event: 184.173 Thread 0x000001ac0c39c900 Thread added: 0x000001ac0c39c900
Event: 184.174 Thread 0x000001ac0c39c900 Thread exited: 0x000001ac0c39c900
Event: 184.174 Thread 0x000001ac0c39c900 Thread added: 0x000001ac0c39c900
Event: 184.174 Thread 0x000001ac0c39c900 Thread exited: 0x000001ac0c39c900
Event: 184.174 Thread 0x000001ac0c39c900 Thread added: 0x000001ac0c39c900
Event: 184.174 Thread 0x000001ac0c39c900 Thread exited: 0x000001ac0c39c900
Event: 184.174 Thread 0x000001ac0c39c900 Thread added: 0x000001ac0c39c900
Event: 184.174 loading class org/junit/BeforeClass
Event: 184.174 loading class org/junit/BeforeClass done
Event: 184.174 loading class org/junit/Before
Event: 184.174 loading class org/junit/Before done
Event: 184.175 loading class jdk/internal/ref/CleanerImpl$InnocuousThreadFactory
Event: 184.175 loading class jdk/internal/ref/CleanerImpl$InnocuousThreadFactory done
Event: 184.175 loading class jdk/internal/misc/InnocuousThread$1
Event: 184.175 loading class jdk/internal/misc/InnocuousThread$1 done


Dynamic libraries:
0x00007ff6bc270000 - 0x00007ff6bc280000 	C:\Program Files\Java\jdk-17\bin\java.exe
0x00007ffb8dd70000 - 0x00007ffb8df87000 	C:\Windows\SYSTEM32\ntdll.dll
0x00007ffb8bb50000 - 0x00007ffb8bc14000 	C:\Windows\System32\KERNEL32.DLL
0x00007ffb8b460000 - 0x00007ffb8b817000 	C:\Windows\System32\KERNELBASE.dll
0x00007ffb8a470000 - 0x00007ffb8a5bc000 	C:\Windows\system32\hmpalert.dll
0x00007ffb8b310000 - 0x00007ffb8b421000 	C:\Windows\System32\ucrtbase.dll
0x00007ffb35e80000 - 0x00007ffb35e99000 	C:\Program Files\Java\jdk-17\bin\jli.dll
0x00007ffb8cd90000 - 0x00007ffb8ce42000 	C:\Windows\System32\ADVAPI32.dll
0x00007ffb8bfa0000 - 0x00007ffb8c047000 	C:\Windows\System32\msvcrt.dll
0x00007ffb8cc90000 - 0x00007ffb8cd38000 	C:\Windows\System32\sechost.dll
0x00007ffb8ba70000 - 0x00007ffb8ba98000 	C:\Windows\System32\bcrypt.dll
0x00007ffb8bd00000 - 0x00007ffb8be14000 	C:\Windows\System32\RPCRT4.dll
0x00007ffb8c100000 - 0x00007ffb8c2af000 	C:\Windows\System32\USER32.dll
0x00007ffb8b430000 - 0x00007ffb8b456000 	C:\Windows\System32\win32u.dll
0x00007ffb8cd40000 - 0x00007ffb8cd69000 	C:\Windows\System32\GDI32.dll
0x00007ffb25a40000 - 0x00007ffb25a5b000 	C:\Program Files\Java\jdk-17\bin\VCRUNTIME140.dll
0x00007ffb8b080000 - 0x00007ffb8b198000 	C:\Windows\System32\gdi32full.dll
0x00007ffb8b9d0000 - 0x00007ffb8ba6a000 	C:\Windows\System32\msvcp_win.dll
0x00007ffb8a5c0000 - 0x00007ffb8a853000 	C:\Windows\WinSxS\amd64_microsoft.windows.common-controls_6595b64144ccf1df_6.0.22621.3672_none_2713b9d173822955\COMCTL32.dll
0x00007ffb84b20000 - 0x00007ffb84b2a000 	C:\Windows\SYSTEM32\VERSION.dll
0x00007ffb8dc70000 - 0x00007ffb8dca1000 	C:\Windows\System32\IMM32.DLL
0x00007ffb4dca0000 - 0x00007ffb4dcac000 	C:\Program Files\Java\jdk-17\bin\vcruntime140_1.dll
0x00007ffab07a0000 - 0x00007ffab082e000 	C:\Program Files\Java\jdk-17\bin\msvcp140.dll
0x00007ffa828f0000 - 0x00007ffa834d0000 	C:\Program Files\Java\jdk-17\bin\server\jvm.dll
0x00007ffb8db40000 - 0x00007ffb8db48000 	C:\Windows\System32\PSAPI.DLL
0x00007ffb74ba0000 - 0x00007ffb74ba9000 	C:\Windows\SYSTEM32\WSOCK32.dll
0x00007ffb8dcb0000 - 0x00007ffb8dd21000 	C:\Windows\System32\WS2_32.dll
0x00007ffb84510000 - 0x00007ffb84544000 	C:\Windows\SYSTEM32\WINMM.dll
0x00007ffb896e0000 - 0x00007ffb896f8000 	C:\Windows\SYSTEM32\kernel.appcore.dll
0x00007ffb4dae0000 - 0x00007ffb4daea000 	C:\Program Files\Java\jdk-17\bin\jimage.dll
0x00007ffb8a8c0000 - 0x00007ffb8aaf2000 	C:\Windows\SYSTEM32\DBGHELP.DLL
0x00007ffb8d5a0000 - 0x00007ffb8d92e000 	C:\Windows\System32\combase.dll
0x00007ffb8bc20000 - 0x00007ffb8bcf7000 	C:\Windows\System32\OLEAUT32.dll
0x00007ffb8a880000 - 0x00007ffb8a8b2000 	C:\Windows\SYSTEM32\dbgcore.DLL
0x00007ffb8b820000 - 0x00007ffb8b89b000 	C:\Windows\System32\bcryptPrimitives.dll
0x00007ffb4d8c0000 - 0x00007ffb4d8ce000 	C:\Program Files\Java\jdk-17\bin\instrument.dll
0x00007ffb22820000 - 0x00007ffb22845000 	C:\Program Files\Java\jdk-17\bin\java.dll
0x00007ffaab330000 - 0x00007ffaab407000 	C:\Program Files\Java\jdk-17\bin\jsvml.dll
0x00007ffb8c2b0000 - 0x00007ffb8cb19000 	C:\Windows\System32\SHELL32.dll
0x00007ffb882b0000 - 0x00007ffb88baf000 	C:\Windows\SYSTEM32\windows.storage.dll
0x00007ffb88140000 - 0x00007ffb8827f000 	C:\Windows\SYSTEM32\wintypes.dll
0x00007ffb8be40000 - 0x00007ffb8bf39000 	C:\Windows\System32\SHCORE.dll
0x00007ffb8dae0000 - 0x00007ffb8db3e000 	C:\Windows\System32\shlwapi.dll
0x00007ffb8afb0000 - 0x00007ffb8afd7000 	C:\Windows\SYSTEM32\profapi.dll
0x00007ffb24c00000 - 0x00007ffb24c18000 	C:\Program Files\Java\jdk-17\bin\zip.dll
0x00007ffaf0f90000 - 0x00007ffaf0fa9000 	C:\Program Files\Java\jdk-17\bin\net.dll
0x00007ffb85f30000 - 0x00007ffb86066000 	C:\Windows\SYSTEM32\WINHTTP.dll
0x00007ffb89b00000 - 0x00007ffb89b69000 	C:\Windows\system32\mswsock.dll
0x00007ffaef490000 - 0x00007ffaef4a6000 	C:\Program Files\Java\jdk-17\bin\nio.dll
0x00007ffb4d510000 - 0x00007ffb4d520000 	C:\Program Files\Java\jdk-17\bin\verify.dll
0x00007ffb4a6d0000 - 0x00007ffb4a6da000 	C:\Program Files\Java\jdk-17\bin\management.dll
0x00007ffb48020000 - 0x00007ffb4802b000 	C:\Program Files\Java\jdk-17\bin\management_ext.dll
0x00007ffb89190000 - 0x00007ffb891bd000 	C:\Windows\SYSTEM32\IPHLPAPI.DLL
0x00007ffb8cc80000 - 0x00007ffb8cc89000 	C:\Windows\System32\NSI.dll
0x00007ffb85660000 - 0x00007ffb85679000 	C:\Windows\SYSTEM32\dhcpcsvc6.DLL
0x00007ffb85290000 - 0x00007ffb852af000 	C:\Windows\SYSTEM32\dhcpcsvc.DLL
0x00007ffb891c0000 - 0x00007ffb892c2000 	C:\Windows\SYSTEM32\DNSAPI.dll
0x00007ffb47750000 - 0x00007ffb4775e000 	C:\Program Files\Java\jdk-17\bin\sunmscapi.dll
0x00007ffb8b1a0000 - 0x00007ffb8b306000 	C:\Windows\System32\CRYPT32.dll
0x00007ffb8a400000 - 0x00007ffb8a42d000 	C:\Windows\SYSTEM32\ncrypt.dll
0x00007ffb8a3c0000 - 0x00007ffb8a3f7000 	C:\Windows\SYSTEM32\NTASN1.dll
0x00007ffb759c0000 - 0x00007ffb759c8000 	C:\Windows\system32\wshunix.dll
0x00007ffb8ad20000 - 0x00007ffb8ad3b000 	C:\Windows\SYSTEM32\CRYPTSP.dll
0x00007ffb89ea0000 - 0x00007ffb89ed5000 	C:\Windows\system32\rsaenh.dll
0x00007ffb89b70000 - 0x00007ffb89b98000 	C:\Windows\SYSTEM32\USERENV.dll
0x00007ffb8a190000 - 0x00007ffb8a19c000 	C:\Windows\SYSTEM32\CRYPTBASE.dll
0x00007ffaf1db0000 - 0x00007ffaf2078000 	C:\Users\jbarrington-wells\AppData\Local\Temp\io_grpc_netty_shaded_netty_tcnative_windows_x86_645892785530193810736.dll
0x00007ffb67cf0000 - 0x00007ffb67d07000 	C:\Windows\system32\napinsp.dll
0x00007ffb67600000 - 0x00007ffb6761b000 	C:\Windows\system32\pnrpnsp.dll
0x00007ffb64000000 - 0x00007ffb64011000 	C:\Windows\System32\winrnr.dll
0x00007ffb85270000 - 0x00007ffb85285000 	C:\Windows\system32\wshbth.dll
0x00007ffb63730000 - 0x00007ffb63757000 	C:\Windows\system32\nlansp_c.dll
0x00007ffb85260000 - 0x00007ffb8526a000 	C:\Windows\System32\rasadhlp.dll
0x00007ffb84740000 - 0x00007ffb847c3000 	C:\Windows\System32\fwpuclnt.dll
0x00007ffb8ac80000 - 0x00007ffb8acb4000 	C:\Windows\SYSTEM32\ntmarta.dll
0x00007ffb6f2b0000 - 0x00007ffb6f2b9000 	C:\Program Files\Java\jdk-17\bin\attach.dll

dbghelp: loaded successfully - version: 4.0.5 - missing functions: none
symbol engine: initialized successfully - sym options: 0x614 - pdb path: .;C:\Program Files\Java\jdk-17\bin;C:\Windows\SYSTEM32;C:\Windows\WinSxS\amd64_microsoft.windows.common-controls_6595b64144ccf1df_6.0.22621.3672_none_2713b9d173822955;C:\Program Files\Java\jdk-17\bin\server;C:\Users\jbarrington-wells\AppData\Local\Temp

VM Arguments:
jvm_args: -XX:+IgnoreUnrecognizedVMOptions -Djdk.attach.allowAttachSelf=true -Djdk.jar.maxSignatureFileSize=100000000 -ea -javaagent:C:\Users\jbarrington-wells\Downloads\diffblue-cover-cli-2024.11.01\launcher-shared-jar.jar -Dlogback.configurationFile=C:\Users\JBARRI~1\AppData\Local\Temp\diffblue\config\logback-remote-service.xml -Dcom.diffblue.springIsolationJar=C:\Users\jbarrington-wells\Downloads\diffblue-cover-cli-2024.11.01\cover-isolation-layer.jar -Dcover.jar.path=C:\Users\jbarrington-wells\Downloads\diffblue-cover-cli-2024.11.01\cover-service-analyzer.jar -Dcom.diffblue.assertionSuggestionJar=C:\Users\jbarrington-wells\Downloads\diffblue-cover-cli-2024.11.01\cover-service-analyzer.jar -Dcover.main.class=com.diffblue.cover.service.analyzer.Main 
java_command: C:\Users\jbarrington-wells\Downloads\diffblue-cover-cli-2024.11.01\launcher-shared-jar.jar --service-lifespan 120 --monitoring-service-port 51987 --index-service-port 51987 --debug-log
java_class_path (initial): C:\Users\jbarrington-wells\Downloads\diffblue-cover-cli-2024.11.01\launcher-shared-jar.jar
Launcher Type: SUN_STANDARD

[Global flags]
     intx CICompilerCount                          = 12                                        {product} {ergonomic}
     uint ConcGCThreads                            = 4                                         {product} {ergonomic}
     uint G1ConcRefinementThreads                  = 15                                        {product} {ergonomic}
   size_t G1HeapRegionSize                         = 2097152                                   {product} {ergonomic}
    uintx GCDrainStackTargetSize                   = 64                                        {product} {ergonomic}
     bool IgnoreUnrecognizedVMOptions              = true                                      {product} {command line}
   size_t InitialHeapSize                          = 264241152                                 {product} {ergonomic}
   size_t MarkStackSize                            = 4194304                                   {product} {ergonomic}
   size_t MaxHeapSize                              = 4213178368                                {product} {ergonomic}
   size_t MaxNewSize                               = 2527068160                                {product} {ergonomic}
   size_t MinHeapDeltaBytes                        = 2097152                                   {product} {ergonomic}
   size_t MinHeapSize                              = 8388608                                   {product} {ergonomic}
    uintx NonNMethodCodeHeapSize                   = 7602480                                {pd product} {ergonomic}
    uintx NonProfiledCodeHeapSize                  = 122027880                              {pd product} {ergonomic}
    uintx ProfiledCodeHeapSize                     = 122027880                              {pd product} {ergonomic}
    uintx ReservedCodeCacheSize                    = 251658240                              {pd product} {ergonomic}
     bool SegmentedCodeCache                       = true                                      {product} {ergonomic}
   size_t SoftMaxHeapSize                          = 4213178368                             {manageable} {ergonomic}
     bool UseCompressedClassPointers               = true                           {product lp64_product} {ergonomic}
     bool UseCompressedOops                        = true                           {product lp64_product} {ergonomic}
     bool UseG1GC                                  = true                                      {product} {ergonomic}
     bool UseLargePagesIndividualAllocation        = false                                  {pd product} {ergonomic}

Logging:
Log output configuration:
 #0: stdout all=warning uptime,level,tags
 #1: stderr all=off uptime,level,tags

Environment Variables:
PATH=C:\Program Files\Common Files\Oracle\Java\javapath;C:\Windows\system32;C:\Windows;C:\Windows\System32\Wbem;C:\Windows\System32\WindowsPowerShell\v1.0\;C:\Windows\System32\OpenSSH\;C:\Program Files\WireGuard\;C:\Program Files\Git\cmd;C:\Users\jbarrington-wells\AppData\Local\Microsoft\WindowsApps;C:\Users\jbarrington-wells\Downloads\apache-maven-3.9.9-bin\apache-maven-3.9.9\bin;
USERNAME=jbarrington-wells
OS=Windows_NT
PROCESSOR_IDENTIFIER=Intel64 Family 6 Model 154 Stepping 3, GenuineIntel



---------------  S Y S T E M  ---------------

OS:
 Windows 11 , 64 bit Build 22621 (10.0.22621.3958)
OS uptime: 2 days 4:23 hours
Hyper-V role detected

CPU: total 20 (initial active 20) (10 cores per cpu, 2 threads per core) family 6 model 154 stepping 3 microcode 0x434, cx8, cmov, fxsr, ht, mmx, 3dnowpref, sse, sse2, sse3, ssse3, sse4.1, sse4.2, popcnt, lzcnt, tsc, tscinvbit, avx, avx2, aes, erms, clmul, bmi1, bmi2, adx, sha, fma, vzeroupper, clflush, clflushopt, clwb, hv

Memory: 4k page, system-wide physical 16068M (1274M free)
TotalPageFile size 37924M (AvailPageFile size 9402M)
current process WorkingSet (physical memory assigned to process): 2294M, peak: 2297M
current process commit charge ("private bytes"): 2325M, peak: 2331M

vm_info: Java HotSpot(TM) 64-Bit Server VM (17.0.12+8-LTS-286) for windows-amd64 JRE (17.0.12+8-LTS-286), built on Jun  5 2024 06:46:59 by "mach5one" with MS VC++ 17.6 (VS2022)

END.
